filename,age,gender,accent,mfcc_num_path,mfcc_spec_path,mel_num_path,mel_spec_path,mfcc_eq_path,mel_eq_path
cv-valid-dev/sample-000004.mp3,2,0,4,..\dataset\mfcc_num\cv-valid-dev_sample-000004.npy,..\dataset\mfcc_spec\cv-valid-dev_sample-000004.png,..\dataset\mel_num\cv-valid-dev_sample-000004.npy,..\dataset\mel_spec\cv-valid-dev_sample-000004.png,..\dataset\mfcc_num_eq\cv-valid-dev_sample-000004_eq.npy,..\dataset\mel_num_eq\cv-valid-dev_sample-000004_eq.npy
cv-valid-dev/sample-000005.mp3,5,1,14,..\dataset\mfcc_num\cv-valid-dev_sample-000005.npy,..\dataset\mfcc_spec\cv-valid-dev_sample-000005.png,..\dataset\mel_num\cv-valid-dev_sample-000005.npy,..\dataset\mel_spec\cv-valid-dev_sample-000005.png,..\dataset\mfcc_num_eq\cv-valid-dev_sample-000005_eq.npy,..\dataset\mel_num_eq\cv-valid-dev_sample-000005_eq.npy
cv-valid-dev/sample-000008.mp3,7,0,3,..\dataset\mfcc_num\cv-valid-dev_sample-000008.npy,..\dataset\mfcc_spec\cv-valid-dev_sample-000008.png,..\dataset\mel_num\cv-valid-dev_sample-000008.npy,..\dataset\mel_spec\cv-valid-dev_sample-000008.png,..\dataset\mfcc_num_eq\cv-valid-dev_sample-000008_eq.npy,..\dataset\mel_num_eq\cv-valid-dev_sample-000008_eq.npy
cv-valid-dev/sample-000009.mp3,1,0,1,..\dataset\mfcc_num\cv-valid-dev_sample-000009.npy,..\dataset\mfcc_spec\cv-valid-dev_sample-000009.png,..\dataset\mel_num\cv-valid-dev_sample-000009.npy,..\dataset\mel_spec\cv-valid-dev_sample-000009.png,..\dataset\mfcc_num_eq\cv-valid-dev_sample-000009_eq.npy,..\dataset\mel_num_eq\cv-valid-dev_sample-000009_eq.npy
cv-valid-dev/sample-000013.mp3,7,1,14,..\dataset\mfcc_num\cv-valid-dev_sample-000013.npy,..\dataset\mfcc_spec\cv-valid-dev_sample-000013.png,..\dataset\mel_num\cv-valid-dev_sample-000013.npy,..\dataset\mel_spec\cv-valid-dev_sample-000013.png,..\dataset\mfcc_num_eq\cv-valid-dev_sample-000013_eq.npy,..\dataset\mel_num_eq\cv-valid-dev_sample-000013_eq.npy
cv-valid-dev/sample-000020.mp3,7,1,4,..\dataset\mfcc_num\cv-valid-dev_sample-000020.npy,..\dataset\mfcc_spec\cv-valid-dev_sample-000020.png,..\dataset\mel_num\cv-valid-dev_sample-000020.npy,..\dataset\mel_spec\cv-valid-dev_sample-000020.png,..\dataset\mfcc_num_eq\cv-valid-dev_sample-000020_eq.npy,..\dataset\mel_num_eq\cv-valid-dev_sample-000020_eq.npy
cv-valid-dev/sample-000021.mp3,7,0,4,..\dataset\mfcc_num\cv-valid-dev_sample-000021.npy,..\dataset\mfcc_spec\cv-valid-dev_sample-000021.png,..\dataset\mel_num\cv-valid-dev_sample-000021.npy,..\dataset\mel_spec\cv-valid-dev_sample-000021.png,..\dataset\mfcc_num_eq\cv-valid-dev_sample-000021_eq.npy,..\dataset\mel_num_eq\cv-valid-dev_sample-000021_eq.npy
cv-valid-dev/sample-000022.mp3,7,0,14,..\dataset\mfcc_num\cv-valid-dev_sample-000022.npy,..\dataset\mfcc_spec\cv-valid-dev_sample-000022.png,..\dataset\mel_num\cv-valid-dev_sample-000022.npy,..\dataset\mel_spec\cv-valid-dev_sample-000022.png,..\dataset\mfcc_num_eq\cv-valid-dev_sample-000022_eq.npy,..\dataset\mel_num_eq\cv-valid-dev_sample-000022_eq.npy
cv-valid-dev/sample-000029.mp3,7,1,3,..\dataset\mfcc_num\cv-valid-dev_sample-000029.npy,..\dataset\mfcc_spec\cv-valid-dev_sample-000029.png,..\dataset\mel_num\cv-valid-dev_sample-000029.npy,..\dataset\mel_spec\cv-valid-dev_sample-000029.png,..\dataset\mfcc_num_eq\cv-valid-dev_sample-000029_eq.npy,..\dataset\mel_num_eq\cv-valid-dev_sample-000029_eq.npy
cv-valid-dev/sample-000034.mp3,1,1,14,..\dataset\mfcc_num\cv-valid-dev_sample-000034.npy,..\dataset\mfcc_spec\cv-valid-dev_sample-000034.png,..\dataset\mel_num\cv-valid-dev_sample-000034.npy,..\dataset\mel_spec\cv-valid-dev_sample-000034.png,..\dataset\mfcc_num_eq\cv-valid-dev_sample-000034_eq.npy,..\dataset\mel_num_eq\cv-valid-dev_sample-000034_eq.npy
cv-valid-dev/sample-000041.mp3,6,1,3,..\dataset\mfcc_num\cv-valid-dev_sample-000041.npy,..\dataset\mfcc_spec\cv-valid-dev_sample-000041.png,..\dataset\mel_num\cv-valid-dev_sample-000041.npy,..\dataset\mel_spec\cv-valid-dev_sample-000041.png,..\dataset\mfcc_num_eq\cv-valid-dev_sample-000041_eq.npy,..\dataset\mel_num_eq\cv-valid-dev_sample-000041_eq.npy
cv-valid-dev/sample-000045.mp3,2,1,14,..\dataset\mfcc_num\cv-valid-dev_sample-000045.npy,..\dataset\mfcc_spec\cv-valid-dev_sample-000045.png,..\dataset\mel_num\cv-valid-dev_sample-000045.npy,..\dataset\mel_spec\cv-valid-dev_sample-000045.png,..\dataset\mfcc_num_eq\cv-valid-dev_sample-000045_eq.npy,..\dataset\mel_num_eq\cv-valid-dev_sample-000045_eq.npy
cv-valid-dev/sample-000046.mp3,7,1,14,..\dataset\mfcc_num\cv-valid-dev_sample-000046.npy,..\dataset\mfcc_spec\cv-valid-dev_sample-000046.png,..\dataset\mel_num\cv-valid-dev_sample-000046.npy,..\dataset\mel_spec\cv-valid-dev_sample-000046.png,..\dataset\mfcc_num_eq\cv-valid-dev_sample-000046_eq.npy,..\dataset\mel_num_eq\cv-valid-dev_sample-000046_eq.npy
cv-valid-dev/sample-000052.mp3,2,1,4,..\dataset\mfcc_num\cv-valid-dev_sample-000052.npy,..\dataset\mfcc_spec\cv-valid-dev_sample-000052.png,..\dataset\mel_num\cv-valid-dev_sample-000052.npy,..\dataset\mel_spec\cv-valid-dev_sample-000052.png,..\dataset\mfcc_num_eq\cv-valid-dev_sample-000052_eq.npy,..\dataset\mel_num_eq\cv-valid-dev_sample-000052_eq.npy
cv-valid-dev/sample-000053.mp3,2,0,4,..\dataset\mfcc_num\cv-valid-dev_sample-000053.npy,..\dataset\mfcc_spec\cv-valid-dev_sample-000053.png,..\dataset\mel_num\cv-valid-dev_sample-000053.npy,..\dataset\mel_spec\cv-valid-dev_sample-000053.png,..\dataset\mfcc_num_eq\cv-valid-dev_sample-000053_eq.npy,..\dataset\mel_num_eq\cv-valid-dev_sample-000053_eq.npy
cv-valid-dev/sample-000054.mp3,1,1,4,..\dataset\mfcc_num\cv-valid-dev_sample-000054.npy,..\dataset\mfcc_spec\cv-valid-dev_sample-000054.png,..\dataset\mel_num\cv-valid-dev_sample-000054.npy,..\dataset\mel_spec\cv-valid-dev_sample-000054.png,..\dataset\mfcc_num_eq\cv-valid-dev_sample-000054_eq.npy,..\dataset\mel_num_eq\cv-valid-dev_sample-000054_eq.npy
cv-valid-dev/sample-000056.mp3,7,1,4,..\dataset\mfcc_num\cv-valid-dev_sample-000056.npy,..\dataset\mfcc_spec\cv-valid-dev_sample-000056.png,..\dataset\mel_num\cv-valid-dev_sample-000056.npy,..\dataset\mel_spec\cv-valid-dev_sample-000056.png,..\dataset\mfcc_num_eq\cv-valid-dev_sample-000056_eq.npy,..\dataset\mel_num_eq\cv-valid-dev_sample-000056_eq.npy
cv-valid-dev/sample-000058.mp3,7,1,4,..\dataset\mfcc_num\cv-valid-dev_sample-000058.npy,..\dataset\mfcc_spec\cv-valid-dev_sample-000058.png,..\dataset\mel_num\cv-valid-dev_sample-000058.npy,..\dataset\mel_spec\cv-valid-dev_sample-000058.png,..\dataset\mfcc_num_eq\cv-valid-dev_sample-000058_eq.npy,..\dataset\mel_num_eq\cv-valid-dev_sample-000058_eq.npy
cv-valid-dev/sample-000059.mp3,1,1,14,..\dataset\mfcc_num\cv-valid-dev_sample-000059.npy,..\dataset\mfcc_spec\cv-valid-dev_sample-000059.png,..\dataset\mel_num\cv-valid-dev_sample-000059.npy,..\dataset\mel_spec\cv-valid-dev_sample-000059.png,..\dataset\mfcc_num_eq\cv-valid-dev_sample-000059_eq.npy,..\dataset\mel_num_eq\cv-valid-dev_sample-000059_eq.npy
cv-valid-dev/sample-000060.mp3,2,1,4,..\dataset\mfcc_num\cv-valid-dev_sample-000060.npy,..\dataset\mfcc_spec\cv-valid-dev_sample-000060.png,..\dataset\mel_num\cv-valid-dev_sample-000060.npy,..\dataset\mel_spec\cv-valid-dev_sample-000060.png,..\dataset\mfcc_num_eq\cv-valid-dev_sample-000060_eq.npy,..\dataset\mel_num_eq\cv-valid-dev_sample-000060_eq.npy
cv-valid-dev/sample-000061.mp3,1,1,14,..\dataset\mfcc_num\cv-valid-dev_sample-000061.npy,..\dataset\mfcc_spec\cv-valid-dev_sample-000061.png,..\dataset\mel_num\cv-valid-dev_sample-000061.npy,..\dataset\mel_spec\cv-valid-dev_sample-000061.png,..\dataset\mfcc_num_eq\cv-valid-dev_sample-000061_eq.npy,..\dataset\mel_num_eq\cv-valid-dev_sample-000061_eq.npy
cv-valid-dev/sample-000066.mp3,6,1,1,..\dataset\mfcc_num\cv-valid-dev_sample-000066.npy,..\dataset\mfcc_spec\cv-valid-dev_sample-000066.png,..\dataset\mel_num\cv-valid-dev_sample-000066.npy,..\dataset\mel_spec\cv-valid-dev_sample-000066.png,..\dataset\mfcc_num_eq\cv-valid-dev_sample-000066_eq.npy,..\dataset\mel_num_eq\cv-valid-dev_sample-000066_eq.npy
cv-valid-dev/sample-000067.mp3,2,1,14,..\dataset\mfcc_num\cv-valid-dev_sample-000067.npy,..\dataset\mfcc_spec\cv-valid-dev_sample-000067.png,..\dataset\mel_num\cv-valid-dev_sample-000067.npy,..\dataset\mel_spec\cv-valid-dev_sample-000067.png,..\dataset\mfcc_num_eq\cv-valid-dev_sample-000067_eq.npy,..\dataset\mel_num_eq\cv-valid-dev_sample-000067_eq.npy
cv-valid-dev/sample-000068.mp3,3,1,4,..\dataset\mfcc_num\cv-valid-dev_sample-000068.npy,..\dataset\mfcc_spec\cv-valid-dev_sample-000068.png,..\dataset\mel_num\cv-valid-dev_sample-000068.npy,..\dataset\mel_spec\cv-valid-dev_sample-000068.png,..\dataset\mfcc_num_eq\cv-valid-dev_sample-000068_eq.npy,..\dataset\mel_num_eq\cv-valid-dev_sample-000068_eq.npy
cv-valid-dev/sample-000070.mp3,3,1,14,..\dataset\mfcc_num\cv-valid-dev_sample-000070.npy,..\dataset\mfcc_spec\cv-valid-dev_sample-000070.png,..\dataset\mel_num\cv-valid-dev_sample-000070.npy,..\dataset\mel_spec\cv-valid-dev_sample-000070.png,..\dataset\mfcc_num_eq\cv-valid-dev_sample-000070_eq.npy,..\dataset\mel_num_eq\cv-valid-dev_sample-000070_eq.npy
cv-valid-dev/sample-000073.mp3,7,1,14,..\dataset\mfcc_num\cv-valid-dev_sample-000073.npy,..\dataset\mfcc_spec\cv-valid-dev_sample-000073.png,..\dataset\mel_num\cv-valid-dev_sample-000073.npy,..\dataset\mel_spec\cv-valid-dev_sample-000073.png,..\dataset\mfcc_num_eq\cv-valid-dev_sample-000073_eq.npy,..\dataset\mel_num_eq\cv-valid-dev_sample-000073_eq.npy
cv-valid-dev/sample-000080.mp3,7,1,14,..\dataset\mfcc_num\cv-valid-dev_sample-000080.npy,..\dataset\mfcc_spec\cv-valid-dev_sample-000080.png,..\dataset\mel_num\cv-valid-dev_sample-000080.npy,..\dataset\mel_spec\cv-valid-dev_sample-000080.png,..\dataset\mfcc_num_eq\cv-valid-dev_sample-000080_eq.npy,..\dataset\mel_num_eq\cv-valid-dev_sample-000080_eq.npy
cv-valid-dev/sample-000082.mp3,1,0,4,..\dataset\mfcc_num\cv-valid-dev_sample-000082.npy,..\dataset\mfcc_spec\cv-valid-dev_sample-000082.png,..\dataset\mel_num\cv-valid-dev_sample-000082.npy,..\dataset\mel_spec\cv-valid-dev_sample-000082.png,..\dataset\mfcc_num_eq\cv-valid-dev_sample-000082_eq.npy,..\dataset\mel_num_eq\cv-valid-dev_sample-000082_eq.npy
cv-valid-dev/sample-000083.mp3,6,1,14,..\dataset\mfcc_num\cv-valid-dev_sample-000083.npy,..\dataset\mfcc_spec\cv-valid-dev_sample-000083.png,..\dataset\mel_num\cv-valid-dev_sample-000083.npy,..\dataset\mel_spec\cv-valid-dev_sample-000083.png,..\dataset\mfcc_num_eq\cv-valid-dev_sample-000083_eq.npy,..\dataset\mel_num_eq\cv-valid-dev_sample-000083_eq.npy
cv-valid-dev/sample-000085.mp3,6,0,14,..\dataset\mfcc_num\cv-valid-dev_sample-000085.npy,..\dataset\mfcc_spec\cv-valid-dev_sample-000085.png,..\dataset\mel_num\cv-valid-dev_sample-000085.npy,..\dataset\mel_spec\cv-valid-dev_sample-000085.png,..\dataset\mfcc_num_eq\cv-valid-dev_sample-000085_eq.npy,..\dataset\mel_num_eq\cv-valid-dev_sample-000085_eq.npy
cv-valid-dev/sample-000091.mp3,6,1,4,..\dataset\mfcc_num\cv-valid-dev_sample-000091.npy,..\dataset\mfcc_spec\cv-valid-dev_sample-000091.png,..\dataset\mel_num\cv-valid-dev_sample-000091.npy,..\dataset\mel_spec\cv-valid-dev_sample-000091.png,..\dataset\mfcc_num_eq\cv-valid-dev_sample-000091_eq.npy,..\dataset\mel_num_eq\cv-valid-dev_sample-000091_eq.npy
cv-valid-dev/sample-000094.mp3,6,0,4,..\dataset\mfcc_num\cv-valid-dev_sample-000094.npy,..\dataset\mfcc_spec\cv-valid-dev_sample-000094.png,..\dataset\mel_num\cv-valid-dev_sample-000094.npy,..\dataset\mel_spec\cv-valid-dev_sample-000094.png,..\dataset\mfcc_num_eq\cv-valid-dev_sample-000094_eq.npy,..\dataset\mel_num_eq\cv-valid-dev_sample-000094_eq.npy
cv-valid-dev/sample-000098.mp3,4,0,3,..\dataset\mfcc_num\cv-valid-dev_sample-000098.npy,..\dataset\mfcc_spec\cv-valid-dev_sample-000098.png,..\dataset\mel_num\cv-valid-dev_sample-000098.npy,..\dataset\mel_spec\cv-valid-dev_sample-000098.png,..\dataset\mfcc_num_eq\cv-valid-dev_sample-000098_eq.npy,..\dataset\mel_num_eq\cv-valid-dev_sample-000098_eq.npy
cv-valid-dev/sample-000102.mp3,7,1,4,..\dataset\mfcc_num\cv-valid-dev_sample-000102.npy,..\dataset\mfcc_spec\cv-valid-dev_sample-000102.png,..\dataset\mel_num\cv-valid-dev_sample-000102.npy,..\dataset\mel_spec\cv-valid-dev_sample-000102.png,..\dataset\mfcc_num_eq\cv-valid-dev_sample-000102_eq.npy,..\dataset\mel_num_eq\cv-valid-dev_sample-000102_eq.npy
cv-valid-dev/sample-000109.mp3,7,1,6,..\dataset\mfcc_num\cv-valid-dev_sample-000109.npy,..\dataset\mfcc_spec\cv-valid-dev_sample-000109.png,..\dataset\mel_num\cv-valid-dev_sample-000109.npy,..\dataset\mel_spec\cv-valid-dev_sample-000109.png,..\dataset\mfcc_num_eq\cv-valid-dev_sample-000109_eq.npy,..\dataset\mel_num_eq\cv-valid-dev_sample-000109_eq.npy
cv-valid-dev/sample-000110.mp3,7,1,4,..\dataset\mfcc_num\cv-valid-dev_sample-000110.npy,..\dataset\mfcc_spec\cv-valid-dev_sample-000110.png,..\dataset\mel_num\cv-valid-dev_sample-000110.npy,..\dataset\mel_spec\cv-valid-dev_sample-000110.png,..\dataset\mfcc_num_eq\cv-valid-dev_sample-000110_eq.npy,..\dataset\mel_num_eq\cv-valid-dev_sample-000110_eq.npy
cv-valid-dev/sample-000111.mp3,6,1,14,..\dataset\mfcc_num\cv-valid-dev_sample-000111.npy,..\dataset\mfcc_spec\cv-valid-dev_sample-000111.png,..\dataset\mel_num\cv-valid-dev_sample-000111.npy,..\dataset\mel_spec\cv-valid-dev_sample-000111.png,..\dataset\mfcc_num_eq\cv-valid-dev_sample-000111_eq.npy,..\dataset\mel_num_eq\cv-valid-dev_sample-000111_eq.npy
cv-valid-dev/sample-000113.mp3,2,1,3,..\dataset\mfcc_num\cv-valid-dev_sample-000113.npy,..\dataset\mfcc_spec\cv-valid-dev_sample-000113.png,..\dataset\mel_num\cv-valid-dev_sample-000113.npy,..\dataset\mel_spec\cv-valid-dev_sample-000113.png,..\dataset\mfcc_num_eq\cv-valid-dev_sample-000113_eq.npy,..\dataset\mel_num_eq\cv-valid-dev_sample-000113_eq.npy
cv-valid-dev/sample-000114.mp3,2,1,11,..\dataset\mfcc_num\cv-valid-dev_sample-000114.npy,..\dataset\mfcc_spec\cv-valid-dev_sample-000114.png,..\dataset\mel_num\cv-valid-dev_sample-000114.npy,..\dataset\mel_spec\cv-valid-dev_sample-000114.png,..\dataset\mfcc_num_eq\cv-valid-dev_sample-000114_eq.npy,..\dataset\mel_num_eq\cv-valid-dev_sample-000114_eq.npy
cv-valid-dev/sample-000115.mp3,5,1,14,..\dataset\mfcc_num\cv-valid-dev_sample-000115.npy,..\dataset\mfcc_spec\cv-valid-dev_sample-000115.png,..\dataset\mel_num\cv-valid-dev_sample-000115.npy,..\dataset\mel_spec\cv-valid-dev_sample-000115.png,..\dataset\mfcc_num_eq\cv-valid-dev_sample-000115_eq.npy,..\dataset\mel_num_eq\cv-valid-dev_sample-000115_eq.npy
cv-valid-dev/sample-000117.mp3,6,1,14,..\dataset\mfcc_num\cv-valid-dev_sample-000117.npy,..\dataset\mfcc_spec\cv-valid-dev_sample-000117.png,..\dataset\mel_num\cv-valid-dev_sample-000117.npy,..\dataset\mel_spec\cv-valid-dev_sample-000117.png,..\dataset\mfcc_num_eq\cv-valid-dev_sample-000117_eq.npy,..\dataset\mel_num_eq\cv-valid-dev_sample-000117_eq.npy
cv-valid-dev/sample-000119.mp3,7,1,14,..\dataset\mfcc_num\cv-valid-dev_sample-000119.npy,..\dataset\mfcc_spec\cv-valid-dev_sample-000119.png,..\dataset\mel_num\cv-valid-dev_sample-000119.npy,..\dataset\mel_spec\cv-valid-dev_sample-000119.png,..\dataset\mfcc_num_eq\cv-valid-dev_sample-000119_eq.npy,..\dataset\mel_num_eq\cv-valid-dev_sample-000119_eq.npy
cv-valid-dev/sample-000123.mp3,6,1,4,..\dataset\mfcc_num\cv-valid-dev_sample-000123.npy,..\dataset\mfcc_spec\cv-valid-dev_sample-000123.png,..\dataset\mel_num\cv-valid-dev_sample-000123.npy,..\dataset\mel_spec\cv-valid-dev_sample-000123.png,..\dataset\mfcc_num_eq\cv-valid-dev_sample-000123_eq.npy,..\dataset\mel_num_eq\cv-valid-dev_sample-000123_eq.npy
cv-valid-dev/sample-000126.mp3,2,1,11,..\dataset\mfcc_num\cv-valid-dev_sample-000126.npy,..\dataset\mfcc_spec\cv-valid-dev_sample-000126.png,..\dataset\mel_num\cv-valid-dev_sample-000126.npy,..\dataset\mel_spec\cv-valid-dev_sample-000126.png,..\dataset\mfcc_num_eq\cv-valid-dev_sample-000126_eq.npy,..\dataset\mel_num_eq\cv-valid-dev_sample-000126_eq.npy
cv-valid-dev/sample-000128.mp3,2,1,14,..\dataset\mfcc_num\cv-valid-dev_sample-000128.npy,..\dataset\mfcc_spec\cv-valid-dev_sample-000128.png,..\dataset\mel_num\cv-valid-dev_sample-000128.npy,..\dataset\mel_spec\cv-valid-dev_sample-000128.png,..\dataset\mfcc_num_eq\cv-valid-dev_sample-000128_eq.npy,..\dataset\mel_num_eq\cv-valid-dev_sample-000128_eq.npy
cv-valid-dev/sample-000129.mp3,7,1,4,..\dataset\mfcc_num\cv-valid-dev_sample-000129.npy,..\dataset\mfcc_spec\cv-valid-dev_sample-000129.png,..\dataset\mel_num\cv-valid-dev_sample-000129.npy,..\dataset\mel_spec\cv-valid-dev_sample-000129.png,..\dataset\mfcc_num_eq\cv-valid-dev_sample-000129_eq.npy,..\dataset\mel_num_eq\cv-valid-dev_sample-000129_eq.npy
cv-valid-dev/sample-000130.mp3,5,1,14,..\dataset\mfcc_num\cv-valid-dev_sample-000130.npy,..\dataset\mfcc_spec\cv-valid-dev_sample-000130.png,..\dataset\mel_num\cv-valid-dev_sample-000130.npy,..\dataset\mel_spec\cv-valid-dev_sample-000130.png,..\dataset\mfcc_num_eq\cv-valid-dev_sample-000130_eq.npy,..\dataset\mel_num_eq\cv-valid-dev_sample-000130_eq.npy
cv-valid-dev/sample-000132.mp3,2,1,4,..\dataset\mfcc_num\cv-valid-dev_sample-000132.npy,..\dataset\mfcc_spec\cv-valid-dev_sample-000132.png,..\dataset\mel_num\cv-valid-dev_sample-000132.npy,..\dataset\mel_spec\cv-valid-dev_sample-000132.png,..\dataset\mfcc_num_eq\cv-valid-dev_sample-000132_eq.npy,..\dataset\mel_num_eq\cv-valid-dev_sample-000132_eq.npy
cv-valid-dev/sample-000135.mp3,6,0,4,..\dataset\mfcc_num\cv-valid-dev_sample-000135.npy,..\dataset\mfcc_spec\cv-valid-dev_sample-000135.png,..\dataset\mel_num\cv-valid-dev_sample-000135.npy,..\dataset\mel_spec\cv-valid-dev_sample-000135.png,..\dataset\mfcc_num_eq\cv-valid-dev_sample-000135_eq.npy,..\dataset\mel_num_eq\cv-valid-dev_sample-000135_eq.npy
cv-valid-dev/sample-000136.mp3,7,1,14,..\dataset\mfcc_num\cv-valid-dev_sample-000136.npy,..\dataset\mfcc_spec\cv-valid-dev_sample-000136.png,..\dataset\mel_num\cv-valid-dev_sample-000136.npy,..\dataset\mel_spec\cv-valid-dev_sample-000136.png,..\dataset\mfcc_num_eq\cv-valid-dev_sample-000136_eq.npy,..\dataset\mel_num_eq\cv-valid-dev_sample-000136_eq.npy
cv-valid-dev/sample-000139.mp3,6,1,14,..\dataset\mfcc_num\cv-valid-dev_sample-000139.npy,..\dataset\mfcc_spec\cv-valid-dev_sample-000139.png,..\dataset\mel_num\cv-valid-dev_sample-000139.npy,..\dataset\mel_spec\cv-valid-dev_sample-000139.png,..\dataset\mfcc_num_eq\cv-valid-dev_sample-000139_eq.npy,..\dataset\mel_num_eq\cv-valid-dev_sample-000139_eq.npy
cv-valid-dev/sample-000140.mp3,6,0,6,..\dataset\mfcc_num\cv-valid-dev_sample-000140.npy,..\dataset\mfcc_spec\cv-valid-dev_sample-000140.png,..\dataset\mel_num\cv-valid-dev_sample-000140.npy,..\dataset\mel_spec\cv-valid-dev_sample-000140.png,..\dataset\mfcc_num_eq\cv-valid-dev_sample-000140_eq.npy,..\dataset\mel_num_eq\cv-valid-dev_sample-000140_eq.npy
cv-valid-dev/sample-000142.mp3,2,0,14,..\dataset\mfcc_num\cv-valid-dev_sample-000142.npy,..\dataset\mfcc_spec\cv-valid-dev_sample-000142.png,..\dataset\mel_num\cv-valid-dev_sample-000142.npy,..\dataset\mel_spec\cv-valid-dev_sample-000142.png,..\dataset\mfcc_num_eq\cv-valid-dev_sample-000142_eq.npy,..\dataset\mel_num_eq\cv-valid-dev_sample-000142_eq.npy
cv-valid-dev/sample-000145.mp3,5,1,14,..\dataset\mfcc_num\cv-valid-dev_sample-000145.npy,..\dataset\mfcc_spec\cv-valid-dev_sample-000145.png,..\dataset\mel_num\cv-valid-dev_sample-000145.npy,..\dataset\mel_spec\cv-valid-dev_sample-000145.png,..\dataset\mfcc_num_eq\cv-valid-dev_sample-000145_eq.npy,..\dataset\mel_num_eq\cv-valid-dev_sample-000145_eq.npy
cv-valid-dev/sample-000149.mp3,7,1,14,..\dataset\mfcc_num\cv-valid-dev_sample-000149.npy,..\dataset\mfcc_spec\cv-valid-dev_sample-000149.png,..\dataset\mel_num\cv-valid-dev_sample-000149.npy,..\dataset\mel_spec\cv-valid-dev_sample-000149.png,..\dataset\mfcc_num_eq\cv-valid-dev_sample-000149_eq.npy,..\dataset\mel_num_eq\cv-valid-dev_sample-000149_eq.npy
cv-valid-dev/sample-000152.mp3,7,0,14,..\dataset\mfcc_num\cv-valid-dev_sample-000152.npy,..\dataset\mfcc_spec\cv-valid-dev_sample-000152.png,..\dataset\mel_num\cv-valid-dev_sample-000152.npy,..\dataset\mel_spec\cv-valid-dev_sample-000152.png,..\dataset\mfcc_num_eq\cv-valid-dev_sample-000152_eq.npy,..\dataset\mel_num_eq\cv-valid-dev_sample-000152_eq.npy
cv-valid-dev/sample-000153.mp3,4,0,14,..\dataset\mfcc_num\cv-valid-dev_sample-000153.npy,..\dataset\mfcc_spec\cv-valid-dev_sample-000153.png,..\dataset\mel_num\cv-valid-dev_sample-000153.npy,..\dataset\mel_spec\cv-valid-dev_sample-000153.png,..\dataset\mfcc_num_eq\cv-valid-dev_sample-000153_eq.npy,..\dataset\mel_num_eq\cv-valid-dev_sample-000153_eq.npy
cv-valid-dev/sample-000155.mp3,4,0,3,..\dataset\mfcc_num\cv-valid-dev_sample-000155.npy,..\dataset\mfcc_spec\cv-valid-dev_sample-000155.png,..\dataset\mel_num\cv-valid-dev_sample-000155.npy,..\dataset\mel_spec\cv-valid-dev_sample-000155.png,..\dataset\mfcc_num_eq\cv-valid-dev_sample-000155_eq.npy,..\dataset\mel_num_eq\cv-valid-dev_sample-000155_eq.npy
cv-valid-dev/sample-000157.mp3,1,1,11,..\dataset\mfcc_num\cv-valid-dev_sample-000157.npy,..\dataset\mfcc_spec\cv-valid-dev_sample-000157.png,..\dataset\mel_num\cv-valid-dev_sample-000157.npy,..\dataset\mel_spec\cv-valid-dev_sample-000157.png,..\dataset\mfcc_num_eq\cv-valid-dev_sample-000157_eq.npy,..\dataset\mel_num_eq\cv-valid-dev_sample-000157_eq.npy
cv-valid-dev/sample-000159.mp3,7,1,14,..\dataset\mfcc_num\cv-valid-dev_sample-000159.npy,..\dataset\mfcc_spec\cv-valid-dev_sample-000159.png,..\dataset\mel_num\cv-valid-dev_sample-000159.npy,..\dataset\mel_spec\cv-valid-dev_sample-000159.png,..\dataset\mfcc_num_eq\cv-valid-dev_sample-000159_eq.npy,..\dataset\mel_num_eq\cv-valid-dev_sample-000159_eq.npy
cv-valid-dev/sample-000162.mp3,4,1,3,..\dataset\mfcc_num\cv-valid-dev_sample-000162.npy,..\dataset\mfcc_spec\cv-valid-dev_sample-000162.png,..\dataset\mel_num\cv-valid-dev_sample-000162.npy,..\dataset\mel_spec\cv-valid-dev_sample-000162.png,..\dataset\mfcc_num_eq\cv-valid-dev_sample-000162_eq.npy,..\dataset\mel_num_eq\cv-valid-dev_sample-000162_eq.npy
cv-valid-dev/sample-000163.mp3,2,0,14,..\dataset\mfcc_num\cv-valid-dev_sample-000163.npy,..\dataset\mfcc_spec\cv-valid-dev_sample-000163.png,..\dataset\mel_num\cv-valid-dev_sample-000163.npy,..\dataset\mel_spec\cv-valid-dev_sample-000163.png,..\dataset\mfcc_num_eq\cv-valid-dev_sample-000163_eq.npy,..\dataset\mel_num_eq\cv-valid-dev_sample-000163_eq.npy
cv-valid-dev/sample-000167.mp3,5,1,14,..\dataset\mfcc_num\cv-valid-dev_sample-000167.npy,..\dataset\mfcc_spec\cv-valid-dev_sample-000167.png,..\dataset\mel_num\cv-valid-dev_sample-000167.npy,..\dataset\mel_spec\cv-valid-dev_sample-000167.png,..\dataset\mfcc_num_eq\cv-valid-dev_sample-000167_eq.npy,..\dataset\mel_num_eq\cv-valid-dev_sample-000167_eq.npy
cv-valid-dev/sample-000169.mp3,7,1,6,..\dataset\mfcc_num\cv-valid-dev_sample-000169.npy,..\dataset\mfcc_spec\cv-valid-dev_sample-000169.png,..\dataset\mel_num\cv-valid-dev_sample-000169.npy,..\dataset\mel_spec\cv-valid-dev_sample-000169.png,..\dataset\mfcc_num_eq\cv-valid-dev_sample-000169_eq.npy,..\dataset\mel_num_eq\cv-valid-dev_sample-000169_eq.npy
cv-valid-dev/sample-000171.mp3,6,1,14,..\dataset\mfcc_num\cv-valid-dev_sample-000171.npy,..\dataset\mfcc_spec\cv-valid-dev_sample-000171.png,..\dataset\mel_num\cv-valid-dev_sample-000171.npy,..\dataset\mel_spec\cv-valid-dev_sample-000171.png,..\dataset\mfcc_num_eq\cv-valid-dev_sample-000171_eq.npy,..\dataset\mel_num_eq\cv-valid-dev_sample-000171_eq.npy
cv-valid-dev/sample-000173.mp3,7,0,4,..\dataset\mfcc_num\cv-valid-dev_sample-000173.npy,..\dataset\mfcc_spec\cv-valid-dev_sample-000173.png,..\dataset\mel_num\cv-valid-dev_sample-000173.npy,..\dataset\mel_spec\cv-valid-dev_sample-000173.png,..\dataset\mfcc_num_eq\cv-valid-dev_sample-000173_eq.npy,..\dataset\mel_num_eq\cv-valid-dev_sample-000173_eq.npy
cv-valid-dev/sample-000175.mp3,6,0,14,..\dataset\mfcc_num\cv-valid-dev_sample-000175.npy,..\dataset\mfcc_spec\cv-valid-dev_sample-000175.png,..\dataset\mel_num\cv-valid-dev_sample-000175.npy,..\dataset\mel_spec\cv-valid-dev_sample-000175.png,..\dataset\mfcc_num_eq\cv-valid-dev_sample-000175_eq.npy,..\dataset\mel_num_eq\cv-valid-dev_sample-000175_eq.npy
cv-valid-dev/sample-000180.mp3,1,1,1,..\dataset\mfcc_num\cv-valid-dev_sample-000180.npy,..\dataset\mfcc_spec\cv-valid-dev_sample-000180.png,..\dataset\mel_num\cv-valid-dev_sample-000180.npy,..\dataset\mel_spec\cv-valid-dev_sample-000180.png,..\dataset\mfcc_num_eq\cv-valid-dev_sample-000180_eq.npy,..\dataset\mel_num_eq\cv-valid-dev_sample-000180_eq.npy
cv-valid-dev/sample-000182.mp3,6,1,3,..\dataset\mfcc_num\cv-valid-dev_sample-000182.npy,..\dataset\mfcc_spec\cv-valid-dev_sample-000182.png,..\dataset\mel_num\cv-valid-dev_sample-000182.npy,..\dataset\mel_spec\cv-valid-dev_sample-000182.png,..\dataset\mfcc_num_eq\cv-valid-dev_sample-000182_eq.npy,..\dataset\mel_num_eq\cv-valid-dev_sample-000182_eq.npy
cv-valid-dev/sample-000184.mp3,7,1,14,..\dataset\mfcc_num\cv-valid-dev_sample-000184.npy,..\dataset\mfcc_spec\cv-valid-dev_sample-000184.png,..\dataset\mel_num\cv-valid-dev_sample-000184.npy,..\dataset\mel_spec\cv-valid-dev_sample-000184.png,..\dataset\mfcc_num_eq\cv-valid-dev_sample-000184_eq.npy,..\dataset\mel_num_eq\cv-valid-dev_sample-000184_eq.npy
cv-valid-dev/sample-000187.mp3,7,0,4,..\dataset\mfcc_num\cv-valid-dev_sample-000187.npy,..\dataset\mfcc_spec\cv-valid-dev_sample-000187.png,..\dataset\mel_num\cv-valid-dev_sample-000187.npy,..\dataset\mel_spec\cv-valid-dev_sample-000187.png,..\dataset\mfcc_num_eq\cv-valid-dev_sample-000187_eq.npy,..\dataset\mel_num_eq\cv-valid-dev_sample-000187_eq.npy
cv-valid-dev/sample-000190.mp3,7,1,4,..\dataset\mfcc_num\cv-valid-dev_sample-000190.npy,..\dataset\mfcc_spec\cv-valid-dev_sample-000190.png,..\dataset\mel_num\cv-valid-dev_sample-000190.npy,..\dataset\mel_spec\cv-valid-dev_sample-000190.png,..\dataset\mfcc_num_eq\cv-valid-dev_sample-000190_eq.npy,..\dataset\mel_num_eq\cv-valid-dev_sample-000190_eq.npy
cv-valid-dev/sample-000196.mp3,2,1,14,..\dataset\mfcc_num\cv-valid-dev_sample-000196.npy,..\dataset\mfcc_spec\cv-valid-dev_sample-000196.png,..\dataset\mel_num\cv-valid-dev_sample-000196.npy,..\dataset\mel_spec\cv-valid-dev_sample-000196.png,..\dataset\mfcc_num_eq\cv-valid-dev_sample-000196_eq.npy,..\dataset\mel_num_eq\cv-valid-dev_sample-000196_eq.npy
cv-valid-dev/sample-000198.mp3,1,0,6,..\dataset\mfcc_num\cv-valid-dev_sample-000198.npy,..\dataset\mfcc_spec\cv-valid-dev_sample-000198.png,..\dataset\mel_num\cv-valid-dev_sample-000198.npy,..\dataset\mel_spec\cv-valid-dev_sample-000198.png,..\dataset\mfcc_num_eq\cv-valid-dev_sample-000198_eq.npy,..\dataset\mel_num_eq\cv-valid-dev_sample-000198_eq.npy
cv-valid-dev/sample-000200.mp3,2,1,4,..\dataset\mfcc_num\cv-valid-dev_sample-000200.npy,..\dataset\mfcc_spec\cv-valid-dev_sample-000200.png,..\dataset\mel_num\cv-valid-dev_sample-000200.npy,..\dataset\mel_spec\cv-valid-dev_sample-000200.png,..\dataset\mfcc_num_eq\cv-valid-dev_sample-000200_eq.npy,..\dataset\mel_num_eq\cv-valid-dev_sample-000200_eq.npy
cv-valid-dev/sample-000201.mp3,6,1,4,..\dataset\mfcc_num\cv-valid-dev_sample-000201.npy,..\dataset\mfcc_spec\cv-valid-dev_sample-000201.png,..\dataset\mel_num\cv-valid-dev_sample-000201.npy,..\dataset\mel_spec\cv-valid-dev_sample-000201.png,..\dataset\mfcc_num_eq\cv-valid-dev_sample-000201_eq.npy,..\dataset\mel_num_eq\cv-valid-dev_sample-000201_eq.npy
cv-valid-dev/sample-000203.mp3,5,1,3,..\dataset\mfcc_num\cv-valid-dev_sample-000203.npy,..\dataset\mfcc_spec\cv-valid-dev_sample-000203.png,..\dataset\mel_num\cv-valid-dev_sample-000203.npy,..\dataset\mel_spec\cv-valid-dev_sample-000203.png,..\dataset\mfcc_num_eq\cv-valid-dev_sample-000203_eq.npy,..\dataset\mel_num_eq\cv-valid-dev_sample-000203_eq.npy
cv-valid-dev/sample-000206.mp3,7,1,14,..\dataset\mfcc_num\cv-valid-dev_sample-000206.npy,..\dataset\mfcc_spec\cv-valid-dev_sample-000206.png,..\dataset\mel_num\cv-valid-dev_sample-000206.npy,..\dataset\mel_spec\cv-valid-dev_sample-000206.png,..\dataset\mfcc_num_eq\cv-valid-dev_sample-000206_eq.npy,..\dataset\mel_num_eq\cv-valid-dev_sample-000206_eq.npy
cv-valid-dev/sample-000208.mp3,5,1,14,..\dataset\mfcc_num\cv-valid-dev_sample-000208.npy,..\dataset\mfcc_spec\cv-valid-dev_sample-000208.png,..\dataset\mel_num\cv-valid-dev_sample-000208.npy,..\dataset\mel_spec\cv-valid-dev_sample-000208.png,..\dataset\mfcc_num_eq\cv-valid-dev_sample-000208_eq.npy,..\dataset\mel_num_eq\cv-valid-dev_sample-000208_eq.npy
cv-valid-dev/sample-000211.mp3,1,1,11,..\dataset\mfcc_num\cv-valid-dev_sample-000211.npy,..\dataset\mfcc_spec\cv-valid-dev_sample-000211.png,..\dataset\mel_num\cv-valid-dev_sample-000211.npy,..\dataset\mel_spec\cv-valid-dev_sample-000211.png,..\dataset\mfcc_num_eq\cv-valid-dev_sample-000211_eq.npy,..\dataset\mel_num_eq\cv-valid-dev_sample-000211_eq.npy
cv-valid-dev/sample-000213.mp3,1,1,4,..\dataset\mfcc_num\cv-valid-dev_sample-000213.npy,..\dataset\mfcc_spec\cv-valid-dev_sample-000213.png,..\dataset\mel_num\cv-valid-dev_sample-000213.npy,..\dataset\mel_spec\cv-valid-dev_sample-000213.png,..\dataset\mfcc_num_eq\cv-valid-dev_sample-000213_eq.npy,..\dataset\mel_num_eq\cv-valid-dev_sample-000213_eq.npy
cv-valid-dev/sample-000214.mp3,1,0,6,..\dataset\mfcc_num\cv-valid-dev_sample-000214.npy,..\dataset\mfcc_spec\cv-valid-dev_sample-000214.png,..\dataset\mel_num\cv-valid-dev_sample-000214.npy,..\dataset\mel_spec\cv-valid-dev_sample-000214.png,..\dataset\mfcc_num_eq\cv-valid-dev_sample-000214_eq.npy,..\dataset\mel_num_eq\cv-valid-dev_sample-000214_eq.npy
cv-valid-dev/sample-000216.mp3,7,1,6,..\dataset\mfcc_num\cv-valid-dev_sample-000216.npy,..\dataset\mfcc_spec\cv-valid-dev_sample-000216.png,..\dataset\mel_num\cv-valid-dev_sample-000216.npy,..\dataset\mel_spec\cv-valid-dev_sample-000216.png,..\dataset\mfcc_num_eq\cv-valid-dev_sample-000216_eq.npy,..\dataset\mel_num_eq\cv-valid-dev_sample-000216_eq.npy
cv-valid-dev/sample-000217.mp3,2,0,14,..\dataset\mfcc_num\cv-valid-dev_sample-000217.npy,..\dataset\mfcc_spec\cv-valid-dev_sample-000217.png,..\dataset\mel_num\cv-valid-dev_sample-000217.npy,..\dataset\mel_spec\cv-valid-dev_sample-000217.png,..\dataset\mfcc_num_eq\cv-valid-dev_sample-000217_eq.npy,..\dataset\mel_num_eq\cv-valid-dev_sample-000217_eq.npy
cv-valid-dev/sample-000220.mp3,2,1,4,..\dataset\mfcc_num\cv-valid-dev_sample-000220.npy,..\dataset\mfcc_spec\cv-valid-dev_sample-000220.png,..\dataset\mel_num\cv-valid-dev_sample-000220.npy,..\dataset\mel_spec\cv-valid-dev_sample-000220.png,..\dataset\mfcc_num_eq\cv-valid-dev_sample-000220_eq.npy,..\dataset\mel_num_eq\cv-valid-dev_sample-000220_eq.npy
cv-valid-dev/sample-000222.mp3,7,1,14,..\dataset\mfcc_num\cv-valid-dev_sample-000222.npy,..\dataset\mfcc_spec\cv-valid-dev_sample-000222.png,..\dataset\mel_num\cv-valid-dev_sample-000222.npy,..\dataset\mel_spec\cv-valid-dev_sample-000222.png,..\dataset\mfcc_num_eq\cv-valid-dev_sample-000222_eq.npy,..\dataset\mel_num_eq\cv-valid-dev_sample-000222_eq.npy
cv-valid-dev/sample-000227.mp3,7,1,7,..\dataset\mfcc_num\cv-valid-dev_sample-000227.npy,..\dataset\mfcc_spec\cv-valid-dev_sample-000227.png,..\dataset\mel_num\cv-valid-dev_sample-000227.npy,..\dataset\mel_spec\cv-valid-dev_sample-000227.png,..\dataset\mfcc_num_eq\cv-valid-dev_sample-000227_eq.npy,..\dataset\mel_num_eq\cv-valid-dev_sample-000227_eq.npy
cv-valid-dev/sample-000229.mp3,1,1,1,..\dataset\mfcc_num\cv-valid-dev_sample-000229.npy,..\dataset\mfcc_spec\cv-valid-dev_sample-000229.png,..\dataset\mel_num\cv-valid-dev_sample-000229.npy,..\dataset\mel_spec\cv-valid-dev_sample-000229.png,..\dataset\mfcc_num_eq\cv-valid-dev_sample-000229_eq.npy,..\dataset\mel_num_eq\cv-valid-dev_sample-000229_eq.npy
cv-valid-dev/sample-000230.mp3,1,0,6,..\dataset\mfcc_num\cv-valid-dev_sample-000230.npy,..\dataset\mfcc_spec\cv-valid-dev_sample-000230.png,..\dataset\mel_num\cv-valid-dev_sample-000230.npy,..\dataset\mel_spec\cv-valid-dev_sample-000230.png,..\dataset\mfcc_num_eq\cv-valid-dev_sample-000230_eq.npy,..\dataset\mel_num_eq\cv-valid-dev_sample-000230_eq.npy
cv-valid-dev/sample-000232.mp3,7,1,14,..\dataset\mfcc_num\cv-valid-dev_sample-000232.npy,..\dataset\mfcc_spec\cv-valid-dev_sample-000232.png,..\dataset\mel_num\cv-valid-dev_sample-000232.npy,..\dataset\mel_spec\cv-valid-dev_sample-000232.png,..\dataset\mfcc_num_eq\cv-valid-dev_sample-000232_eq.npy,..\dataset\mel_num_eq\cv-valid-dev_sample-000232_eq.npy
cv-valid-dev/sample-000234.mp3,7,1,4,..\dataset\mfcc_num\cv-valid-dev_sample-000234.npy,..\dataset\mfcc_spec\cv-valid-dev_sample-000234.png,..\dataset\mel_num\cv-valid-dev_sample-000234.npy,..\dataset\mel_spec\cv-valid-dev_sample-000234.png,..\dataset\mfcc_num_eq\cv-valid-dev_sample-000234_eq.npy,..\dataset\mel_num_eq\cv-valid-dev_sample-000234_eq.npy
cv-valid-dev/sample-000239.mp3,5,1,8,..\dataset\mfcc_num\cv-valid-dev_sample-000239.npy,..\dataset\mfcc_spec\cv-valid-dev_sample-000239.png,..\dataset\mel_num\cv-valid-dev_sample-000239.npy,..\dataset\mel_spec\cv-valid-dev_sample-000239.png,..\dataset\mfcc_num_eq\cv-valid-dev_sample-000239_eq.npy,..\dataset\mel_num_eq\cv-valid-dev_sample-000239_eq.npy
cv-valid-dev/sample-000241.mp3,7,0,14,..\dataset\mfcc_num\cv-valid-dev_sample-000241.npy,..\dataset\mfcc_spec\cv-valid-dev_sample-000241.png,..\dataset\mel_num\cv-valid-dev_sample-000241.npy,..\dataset\mel_spec\cv-valid-dev_sample-000241.png,..\dataset\mfcc_num_eq\cv-valid-dev_sample-000241_eq.npy,..\dataset\mel_num_eq\cv-valid-dev_sample-000241_eq.npy
cv-valid-dev/sample-000244.mp3,6,1,9,..\dataset\mfcc_num\cv-valid-dev_sample-000244.npy,..\dataset\mfcc_spec\cv-valid-dev_sample-000244.png,..\dataset\mel_num\cv-valid-dev_sample-000244.npy,..\dataset\mel_spec\cv-valid-dev_sample-000244.png,..\dataset\mfcc_num_eq\cv-valid-dev_sample-000244_eq.npy,..\dataset\mel_num_eq\cv-valid-dev_sample-000244_eq.npy
cv-valid-dev/sample-000249.mp3,4,1,14,..\dataset\mfcc_num\cv-valid-dev_sample-000249.npy,..\dataset\mfcc_spec\cv-valid-dev_sample-000249.png,..\dataset\mel_num\cv-valid-dev_sample-000249.npy,..\dataset\mel_spec\cv-valid-dev_sample-000249.png,..\dataset\mfcc_num_eq\cv-valid-dev_sample-000249_eq.npy,..\dataset\mel_num_eq\cv-valid-dev_sample-000249_eq.npy
cv-valid-dev/sample-000250.mp3,6,1,14,..\dataset\mfcc_num\cv-valid-dev_sample-000250.npy,..\dataset\mfcc_spec\cv-valid-dev_sample-000250.png,..\dataset\mel_num\cv-valid-dev_sample-000250.npy,..\dataset\mel_spec\cv-valid-dev_sample-000250.png,..\dataset\mfcc_num_eq\cv-valid-dev_sample-000250_eq.npy,..\dataset\mel_num_eq\cv-valid-dev_sample-000250_eq.npy
cv-valid-dev/sample-000255.mp3,1,1,14,..\dataset\mfcc_num\cv-valid-dev_sample-000255.npy,..\dataset\mfcc_spec\cv-valid-dev_sample-000255.png,..\dataset\mel_num\cv-valid-dev_sample-000255.npy,..\dataset\mel_spec\cv-valid-dev_sample-000255.png,..\dataset\mfcc_num_eq\cv-valid-dev_sample-000255_eq.npy,..\dataset\mel_num_eq\cv-valid-dev_sample-000255_eq.npy
cv-valid-dev/sample-000259.mp3,4,0,11,..\dataset\mfcc_num\cv-valid-dev_sample-000259.npy,..\dataset\mfcc_spec\cv-valid-dev_sample-000259.png,..\dataset\mel_num\cv-valid-dev_sample-000259.npy,..\dataset\mel_spec\cv-valid-dev_sample-000259.png,..\dataset\mfcc_num_eq\cv-valid-dev_sample-000259_eq.npy,..\dataset\mel_num_eq\cv-valid-dev_sample-000259_eq.npy
cv-valid-dev/sample-000260.mp3,4,0,4,..\dataset\mfcc_num\cv-valid-dev_sample-000260.npy,..\dataset\mfcc_spec\cv-valid-dev_sample-000260.png,..\dataset\mel_num\cv-valid-dev_sample-000260.npy,..\dataset\mel_spec\cv-valid-dev_sample-000260.png,..\dataset\mfcc_num_eq\cv-valid-dev_sample-000260_eq.npy,..\dataset\mel_num_eq\cv-valid-dev_sample-000260_eq.npy
cv-valid-dev/sample-000261.mp3,7,1,4,..\dataset\mfcc_num\cv-valid-dev_sample-000261.npy,..\dataset\mfcc_spec\cv-valid-dev_sample-000261.png,..\dataset\mel_num\cv-valid-dev_sample-000261.npy,..\dataset\mel_spec\cv-valid-dev_sample-000261.png,..\dataset\mfcc_num_eq\cv-valid-dev_sample-000261_eq.npy,..\dataset\mel_num_eq\cv-valid-dev_sample-000261_eq.npy
cv-valid-dev/sample-000262.mp3,3,1,14,..\dataset\mfcc_num\cv-valid-dev_sample-000262.npy,..\dataset\mfcc_spec\cv-valid-dev_sample-000262.png,..\dataset\mel_num\cv-valid-dev_sample-000262.npy,..\dataset\mel_spec\cv-valid-dev_sample-000262.png,..\dataset\mfcc_num_eq\cv-valid-dev_sample-000262_eq.npy,..\dataset\mel_num_eq\cv-valid-dev_sample-000262_eq.npy
cv-valid-dev/sample-000267.mp3,2,1,11,..\dataset\mfcc_num\cv-valid-dev_sample-000267.npy,..\dataset\mfcc_spec\cv-valid-dev_sample-000267.png,..\dataset\mel_num\cv-valid-dev_sample-000267.npy,..\dataset\mel_spec\cv-valid-dev_sample-000267.png,..\dataset\mfcc_num_eq\cv-valid-dev_sample-000267_eq.npy,..\dataset\mel_num_eq\cv-valid-dev_sample-000267_eq.npy
cv-valid-dev/sample-000268.mp3,2,1,14,..\dataset\mfcc_num\cv-valid-dev_sample-000268.npy,..\dataset\mfcc_spec\cv-valid-dev_sample-000268.png,..\dataset\mel_num\cv-valid-dev_sample-000268.npy,..\dataset\mel_spec\cv-valid-dev_sample-000268.png,..\dataset\mfcc_num_eq\cv-valid-dev_sample-000268_eq.npy,..\dataset\mel_num_eq\cv-valid-dev_sample-000268_eq.npy
cv-valid-dev/sample-000272.mp3,5,1,6,..\dataset\mfcc_num\cv-valid-dev_sample-000272.npy,..\dataset\mfcc_spec\cv-valid-dev_sample-000272.png,..\dataset\mel_num\cv-valid-dev_sample-000272.npy,..\dataset\mel_spec\cv-valid-dev_sample-000272.png,..\dataset\mfcc_num_eq\cv-valid-dev_sample-000272_eq.npy,..\dataset\mel_num_eq\cv-valid-dev_sample-000272_eq.npy
cv-valid-dev/sample-000277.mp3,6,1,14,..\dataset\mfcc_num\cv-valid-dev_sample-000277.npy,..\dataset\mfcc_spec\cv-valid-dev_sample-000277.png,..\dataset\mel_num\cv-valid-dev_sample-000277.npy,..\dataset\mel_spec\cv-valid-dev_sample-000277.png,..\dataset\mfcc_num_eq\cv-valid-dev_sample-000277_eq.npy,..\dataset\mel_num_eq\cv-valid-dev_sample-000277_eq.npy
cv-valid-dev/sample-000284.mp3,6,1,11,..\dataset\mfcc_num\cv-valid-dev_sample-000284.npy,..\dataset\mfcc_spec\cv-valid-dev_sample-000284.png,..\dataset\mel_num\cv-valid-dev_sample-000284.npy,..\dataset\mel_spec\cv-valid-dev_sample-000284.png,..\dataset\mfcc_num_eq\cv-valid-dev_sample-000284_eq.npy,..\dataset\mel_num_eq\cv-valid-dev_sample-000284_eq.npy
cv-valid-dev/sample-000288.mp3,1,0,6,..\dataset\mfcc_num\cv-valid-dev_sample-000288.npy,..\dataset\mfcc_spec\cv-valid-dev_sample-000288.png,..\dataset\mel_num\cv-valid-dev_sample-000288.npy,..\dataset\mel_spec\cv-valid-dev_sample-000288.png,..\dataset\mfcc_num_eq\cv-valid-dev_sample-000288_eq.npy,..\dataset\mel_num_eq\cv-valid-dev_sample-000288_eq.npy
cv-valid-dev/sample-000291.mp3,1,1,4,..\dataset\mfcc_num\cv-valid-dev_sample-000291.npy,..\dataset\mfcc_spec\cv-valid-dev_sample-000291.png,..\dataset\mel_num\cv-valid-dev_sample-000291.npy,..\dataset\mel_spec\cv-valid-dev_sample-000291.png,..\dataset\mfcc_num_eq\cv-valid-dev_sample-000291_eq.npy,..\dataset\mel_num_eq\cv-valid-dev_sample-000291_eq.npy
cv-valid-dev/sample-000296.mp3,1,0,4,..\dataset\mfcc_num\cv-valid-dev_sample-000296.npy,..\dataset\mfcc_spec\cv-valid-dev_sample-000296.png,..\dataset\mel_num\cv-valid-dev_sample-000296.npy,..\dataset\mel_spec\cv-valid-dev_sample-000296.png,..\dataset\mfcc_num_eq\cv-valid-dev_sample-000296_eq.npy,..\dataset\mel_num_eq\cv-valid-dev_sample-000296_eq.npy
cv-valid-dev/sample-000298.mp3,3,1,4,..\dataset\mfcc_num\cv-valid-dev_sample-000298.npy,..\dataset\mfcc_spec\cv-valid-dev_sample-000298.png,..\dataset\mel_num\cv-valid-dev_sample-000298.npy,..\dataset\mel_spec\cv-valid-dev_sample-000298.png,..\dataset\mfcc_num_eq\cv-valid-dev_sample-000298_eq.npy,..\dataset\mel_num_eq\cv-valid-dev_sample-000298_eq.npy
cv-valid-dev/sample-000299.mp3,7,0,3,..\dataset\mfcc_num\cv-valid-dev_sample-000299.npy,..\dataset\mfcc_spec\cv-valid-dev_sample-000299.png,..\dataset\mel_num\cv-valid-dev_sample-000299.npy,..\dataset\mel_spec\cv-valid-dev_sample-000299.png,..\dataset\mfcc_num_eq\cv-valid-dev_sample-000299_eq.npy,..\dataset\mel_num_eq\cv-valid-dev_sample-000299_eq.npy
cv-valid-dev/sample-000303.mp3,5,1,14,..\dataset\mfcc_num\cv-valid-dev_sample-000303.npy,..\dataset\mfcc_spec\cv-valid-dev_sample-000303.png,..\dataset\mel_num\cv-valid-dev_sample-000303.npy,..\dataset\mel_spec\cv-valid-dev_sample-000303.png,..\dataset\mfcc_num_eq\cv-valid-dev_sample-000303_eq.npy,..\dataset\mel_num_eq\cv-valid-dev_sample-000303_eq.npy
cv-valid-dev/sample-000304.mp3,1,0,14,..\dataset\mfcc_num\cv-valid-dev_sample-000304.npy,..\dataset\mfcc_spec\cv-valid-dev_sample-000304.png,..\dataset\mel_num\cv-valid-dev_sample-000304.npy,..\dataset\mel_spec\cv-valid-dev_sample-000304.png,..\dataset\mfcc_num_eq\cv-valid-dev_sample-000304_eq.npy,..\dataset\mel_num_eq\cv-valid-dev_sample-000304_eq.npy
cv-valid-dev/sample-000306.mp3,7,1,3,..\dataset\mfcc_num\cv-valid-dev_sample-000306.npy,..\dataset\mfcc_spec\cv-valid-dev_sample-000306.png,..\dataset\mel_num\cv-valid-dev_sample-000306.npy,..\dataset\mel_spec\cv-valid-dev_sample-000306.png,..\dataset\mfcc_num_eq\cv-valid-dev_sample-000306_eq.npy,..\dataset\mel_num_eq\cv-valid-dev_sample-000306_eq.npy
cv-valid-dev/sample-000315.mp3,1,1,14,..\dataset\mfcc_num\cv-valid-dev_sample-000315.npy,..\dataset\mfcc_spec\cv-valid-dev_sample-000315.png,..\dataset\mel_num\cv-valid-dev_sample-000315.npy,..\dataset\mel_spec\cv-valid-dev_sample-000315.png,..\dataset\mfcc_num_eq\cv-valid-dev_sample-000315_eq.npy,..\dataset\mel_num_eq\cv-valid-dev_sample-000315_eq.npy
cv-valid-dev/sample-000317.mp3,2,1,14,..\dataset\mfcc_num\cv-valid-dev_sample-000317.npy,..\dataset\mfcc_spec\cv-valid-dev_sample-000317.png,..\dataset\mel_num\cv-valid-dev_sample-000317.npy,..\dataset\mel_spec\cv-valid-dev_sample-000317.png,..\dataset\mfcc_num_eq\cv-valid-dev_sample-000317_eq.npy,..\dataset\mel_num_eq\cv-valid-dev_sample-000317_eq.npy
cv-valid-dev/sample-000321.mp3,6,0,1,..\dataset\mfcc_num\cv-valid-dev_sample-000321.npy,..\dataset\mfcc_spec\cv-valid-dev_sample-000321.png,..\dataset\mel_num\cv-valid-dev_sample-000321.npy,..\dataset\mel_spec\cv-valid-dev_sample-000321.png,..\dataset\mfcc_num_eq\cv-valid-dev_sample-000321_eq.npy,..\dataset\mel_num_eq\cv-valid-dev_sample-000321_eq.npy
cv-valid-dev/sample-000326.mp3,7,1,14,..\dataset\mfcc_num\cv-valid-dev_sample-000326.npy,..\dataset\mfcc_spec\cv-valid-dev_sample-000326.png,..\dataset\mel_num\cv-valid-dev_sample-000326.npy,..\dataset\mel_spec\cv-valid-dev_sample-000326.png,..\dataset\mfcc_num_eq\cv-valid-dev_sample-000326_eq.npy,..\dataset\mel_num_eq\cv-valid-dev_sample-000326_eq.npy
cv-valid-dev/sample-000328.mp3,7,1,0,..\dataset\mfcc_num\cv-valid-dev_sample-000328.npy,..\dataset\mfcc_spec\cv-valid-dev_sample-000328.png,..\dataset\mel_num\cv-valid-dev_sample-000328.npy,..\dataset\mel_spec\cv-valid-dev_sample-000328.png,..\dataset\mfcc_num_eq\cv-valid-dev_sample-000328_eq.npy,..\dataset\mel_num_eq\cv-valid-dev_sample-000328_eq.npy
cv-valid-dev/sample-000329.mp3,5,1,4,..\dataset\mfcc_num\cv-valid-dev_sample-000329.npy,..\dataset\mfcc_spec\cv-valid-dev_sample-000329.png,..\dataset\mel_num\cv-valid-dev_sample-000329.npy,..\dataset\mel_spec\cv-valid-dev_sample-000329.png,..\dataset\mfcc_num_eq\cv-valid-dev_sample-000329_eq.npy,..\dataset\mel_num_eq\cv-valid-dev_sample-000329_eq.npy
cv-valid-dev/sample-000331.mp3,5,0,14,..\dataset\mfcc_num\cv-valid-dev_sample-000331.npy,..\dataset\mfcc_spec\cv-valid-dev_sample-000331.png,..\dataset\mel_num\cv-valid-dev_sample-000331.npy,..\dataset\mel_spec\cv-valid-dev_sample-000331.png,..\dataset\mfcc_num_eq\cv-valid-dev_sample-000331_eq.npy,..\dataset\mel_num_eq\cv-valid-dev_sample-000331_eq.npy
cv-valid-dev/sample-000333.mp3,5,1,14,..\dataset\mfcc_num\cv-valid-dev_sample-000333.npy,..\dataset\mfcc_spec\cv-valid-dev_sample-000333.png,..\dataset\mel_num\cv-valid-dev_sample-000333.npy,..\dataset\mel_spec\cv-valid-dev_sample-000333.png,..\dataset\mfcc_num_eq\cv-valid-dev_sample-000333_eq.npy,..\dataset\mel_num_eq\cv-valid-dev_sample-000333_eq.npy
cv-valid-dev/sample-000335.mp3,7,0,14,..\dataset\mfcc_num\cv-valid-dev_sample-000335.npy,..\dataset\mfcc_spec\cv-valid-dev_sample-000335.png,..\dataset\mel_num\cv-valid-dev_sample-000335.npy,..\dataset\mel_spec\cv-valid-dev_sample-000335.png,..\dataset\mfcc_num_eq\cv-valid-dev_sample-000335_eq.npy,..\dataset\mel_num_eq\cv-valid-dev_sample-000335_eq.npy
cv-valid-dev/sample-000337.mp3,2,1,14,..\dataset\mfcc_num\cv-valid-dev_sample-000337.npy,..\dataset\mfcc_spec\cv-valid-dev_sample-000337.png,..\dataset\mel_num\cv-valid-dev_sample-000337.npy,..\dataset\mel_spec\cv-valid-dev_sample-000337.png,..\dataset\mfcc_num_eq\cv-valid-dev_sample-000337_eq.npy,..\dataset\mel_num_eq\cv-valid-dev_sample-000337_eq.npy
cv-valid-dev/sample-000343.mp3,7,1,3,..\dataset\mfcc_num\cv-valid-dev_sample-000343.npy,..\dataset\mfcc_spec\cv-valid-dev_sample-000343.png,..\dataset\mel_num\cv-valid-dev_sample-000343.npy,..\dataset\mel_spec\cv-valid-dev_sample-000343.png,..\dataset\mfcc_num_eq\cv-valid-dev_sample-000343_eq.npy,..\dataset\mel_num_eq\cv-valid-dev_sample-000343_eq.npy
cv-valid-dev/sample-000345.mp3,7,1,4,..\dataset\mfcc_num\cv-valid-dev_sample-000345.npy,..\dataset\mfcc_spec\cv-valid-dev_sample-000345.png,..\dataset\mel_num\cv-valid-dev_sample-000345.npy,..\dataset\mel_spec\cv-valid-dev_sample-000345.png,..\dataset\mfcc_num_eq\cv-valid-dev_sample-000345_eq.npy,..\dataset\mel_num_eq\cv-valid-dev_sample-000345_eq.npy
cv-valid-dev/sample-000347.mp3,6,0,4,..\dataset\mfcc_num\cv-valid-dev_sample-000347.npy,..\dataset\mfcc_spec\cv-valid-dev_sample-000347.png,..\dataset\mel_num\cv-valid-dev_sample-000347.npy,..\dataset\mel_spec\cv-valid-dev_sample-000347.png,..\dataset\mfcc_num_eq\cv-valid-dev_sample-000347_eq.npy,..\dataset\mel_num_eq\cv-valid-dev_sample-000347_eq.npy
cv-valid-dev/sample-000351.mp3,7,1,14,..\dataset\mfcc_num\cv-valid-dev_sample-000351.npy,..\dataset\mfcc_spec\cv-valid-dev_sample-000351.png,..\dataset\mel_num\cv-valid-dev_sample-000351.npy,..\dataset\mel_spec\cv-valid-dev_sample-000351.png,..\dataset\mfcc_num_eq\cv-valid-dev_sample-000351_eq.npy,..\dataset\mel_num_eq\cv-valid-dev_sample-000351_eq.npy
cv-valid-dev/sample-000352.mp3,7,0,14,..\dataset\mfcc_num\cv-valid-dev_sample-000352.npy,..\dataset\mfcc_spec\cv-valid-dev_sample-000352.png,..\dataset\mel_num\cv-valid-dev_sample-000352.npy,..\dataset\mel_spec\cv-valid-dev_sample-000352.png,..\dataset\mfcc_num_eq\cv-valid-dev_sample-000352_eq.npy,..\dataset\mel_num_eq\cv-valid-dev_sample-000352_eq.npy
cv-valid-dev/sample-000354.mp3,1,1,8,..\dataset\mfcc_num\cv-valid-dev_sample-000354.npy,..\dataset\mfcc_spec\cv-valid-dev_sample-000354.png,..\dataset\mel_num\cv-valid-dev_sample-000354.npy,..\dataset\mel_spec\cv-valid-dev_sample-000354.png,..\dataset\mfcc_num_eq\cv-valid-dev_sample-000354_eq.npy,..\dataset\mel_num_eq\cv-valid-dev_sample-000354_eq.npy
cv-valid-dev/sample-000355.mp3,6,0,14,..\dataset\mfcc_num\cv-valid-dev_sample-000355.npy,..\dataset\mfcc_spec\cv-valid-dev_sample-000355.png,..\dataset\mel_num\cv-valid-dev_sample-000355.npy,..\dataset\mel_spec\cv-valid-dev_sample-000355.png,..\dataset\mfcc_num_eq\cv-valid-dev_sample-000355_eq.npy,..\dataset\mel_num_eq\cv-valid-dev_sample-000355_eq.npy
cv-valid-dev/sample-000358.mp3,2,0,14,..\dataset\mfcc_num\cv-valid-dev_sample-000358.npy,..\dataset\mfcc_spec\cv-valid-dev_sample-000358.png,..\dataset\mel_num\cv-valid-dev_sample-000358.npy,..\dataset\mel_spec\cv-valid-dev_sample-000358.png,..\dataset\mfcc_num_eq\cv-valid-dev_sample-000358_eq.npy,..\dataset\mel_num_eq\cv-valid-dev_sample-000358_eq.npy
cv-valid-dev/sample-000359.mp3,7,1,14,..\dataset\mfcc_num\cv-valid-dev_sample-000359.npy,..\dataset\mfcc_spec\cv-valid-dev_sample-000359.png,..\dataset\mel_num\cv-valid-dev_sample-000359.npy,..\dataset\mel_spec\cv-valid-dev_sample-000359.png,..\dataset\mfcc_num_eq\cv-valid-dev_sample-000359_eq.npy,..\dataset\mel_num_eq\cv-valid-dev_sample-000359_eq.npy
cv-valid-dev/sample-000365.mp3,1,1,1,..\dataset\mfcc_num\cv-valid-dev_sample-000365.npy,..\dataset\mfcc_spec\cv-valid-dev_sample-000365.png,..\dataset\mel_num\cv-valid-dev_sample-000365.npy,..\dataset\mel_spec\cv-valid-dev_sample-000365.png,..\dataset\mfcc_num_eq\cv-valid-dev_sample-000365_eq.npy,..\dataset\mel_num_eq\cv-valid-dev_sample-000365_eq.npy
cv-valid-dev/sample-000367.mp3,2,0,14,..\dataset\mfcc_num\cv-valid-dev_sample-000367.npy,..\dataset\mfcc_spec\cv-valid-dev_sample-000367.png,..\dataset\mel_num\cv-valid-dev_sample-000367.npy,..\dataset\mel_spec\cv-valid-dev_sample-000367.png,..\dataset\mfcc_num_eq\cv-valid-dev_sample-000367_eq.npy,..\dataset\mel_num_eq\cv-valid-dev_sample-000367_eq.npy
cv-valid-dev/sample-000375.mp3,1,1,4,..\dataset\mfcc_num\cv-valid-dev_sample-000375.npy,..\dataset\mfcc_spec\cv-valid-dev_sample-000375.png,..\dataset\mel_num\cv-valid-dev_sample-000375.npy,..\dataset\mel_spec\cv-valid-dev_sample-000375.png,..\dataset\mfcc_num_eq\cv-valid-dev_sample-000375_eq.npy,..\dataset\mel_num_eq\cv-valid-dev_sample-000375_eq.npy
cv-valid-dev/sample-000377.mp3,5,1,4,..\dataset\mfcc_num\cv-valid-dev_sample-000377.npy,..\dataset\mfcc_spec\cv-valid-dev_sample-000377.png,..\dataset\mel_num\cv-valid-dev_sample-000377.npy,..\dataset\mel_spec\cv-valid-dev_sample-000377.png,..\dataset\mfcc_num_eq\cv-valid-dev_sample-000377_eq.npy,..\dataset\mel_num_eq\cv-valid-dev_sample-000377_eq.npy
cv-valid-dev/sample-000385.mp3,7,1,6,..\dataset\mfcc_num\cv-valid-dev_sample-000385.npy,..\dataset\mfcc_spec\cv-valid-dev_sample-000385.png,..\dataset\mel_num\cv-valid-dev_sample-000385.npy,..\dataset\mel_spec\cv-valid-dev_sample-000385.png,..\dataset\mfcc_num_eq\cv-valid-dev_sample-000385_eq.npy,..\dataset\mel_num_eq\cv-valid-dev_sample-000385_eq.npy
cv-valid-dev/sample-000387.mp3,2,1,14,..\dataset\mfcc_num\cv-valid-dev_sample-000387.npy,..\dataset\mfcc_spec\cv-valid-dev_sample-000387.png,..\dataset\mel_num\cv-valid-dev_sample-000387.npy,..\dataset\mel_spec\cv-valid-dev_sample-000387.png,..\dataset\mfcc_num_eq\cv-valid-dev_sample-000387_eq.npy,..\dataset\mel_num_eq\cv-valid-dev_sample-000387_eq.npy
cv-valid-dev/sample-000388.mp3,2,0,4,..\dataset\mfcc_num\cv-valid-dev_sample-000388.npy,..\dataset\mfcc_spec\cv-valid-dev_sample-000388.png,..\dataset\mel_num\cv-valid-dev_sample-000388.npy,..\dataset\mel_spec\cv-valid-dev_sample-000388.png,..\dataset\mfcc_num_eq\cv-valid-dev_sample-000388_eq.npy,..\dataset\mel_num_eq\cv-valid-dev_sample-000388_eq.npy
cv-valid-dev/sample-000393.mp3,1,0,14,..\dataset\mfcc_num\cv-valid-dev_sample-000393.npy,..\dataset\mfcc_spec\cv-valid-dev_sample-000393.png,..\dataset\mel_num\cv-valid-dev_sample-000393.npy,..\dataset\mel_spec\cv-valid-dev_sample-000393.png,..\dataset\mfcc_num_eq\cv-valid-dev_sample-000393_eq.npy,..\dataset\mel_num_eq\cv-valid-dev_sample-000393_eq.npy
cv-valid-dev/sample-000405.mp3,7,1,4,..\dataset\mfcc_num\cv-valid-dev_sample-000405.npy,..\dataset\mfcc_spec\cv-valid-dev_sample-000405.png,..\dataset\mel_num\cv-valid-dev_sample-000405.npy,..\dataset\mel_spec\cv-valid-dev_sample-000405.png,..\dataset\mfcc_num_eq\cv-valid-dev_sample-000405_eq.npy,..\dataset\mel_num_eq\cv-valid-dev_sample-000405_eq.npy
cv-valid-dev/sample-000406.mp3,3,1,4,..\dataset\mfcc_num\cv-valid-dev_sample-000406.npy,..\dataset\mfcc_spec\cv-valid-dev_sample-000406.png,..\dataset\mel_num\cv-valid-dev_sample-000406.npy,..\dataset\mel_spec\cv-valid-dev_sample-000406.png,..\dataset\mfcc_num_eq\cv-valid-dev_sample-000406_eq.npy,..\dataset\mel_num_eq\cv-valid-dev_sample-000406_eq.npy
cv-valid-dev/sample-000407.mp3,1,0,6,..\dataset\mfcc_num\cv-valid-dev_sample-000407.npy,..\dataset\mfcc_spec\cv-valid-dev_sample-000407.png,..\dataset\mel_num\cv-valid-dev_sample-000407.npy,..\dataset\mel_spec\cv-valid-dev_sample-000407.png,..\dataset\mfcc_num_eq\cv-valid-dev_sample-000407_eq.npy,..\dataset\mel_num_eq\cv-valid-dev_sample-000407_eq.npy
cv-valid-dev/sample-000415.mp3,7,1,14,..\dataset\mfcc_num\cv-valid-dev_sample-000415.npy,..\dataset\mfcc_spec\cv-valid-dev_sample-000415.png,..\dataset\mel_num\cv-valid-dev_sample-000415.npy,..\dataset\mel_spec\cv-valid-dev_sample-000415.png,..\dataset\mfcc_num_eq\cv-valid-dev_sample-000415_eq.npy,..\dataset\mel_num_eq\cv-valid-dev_sample-000415_eq.npy
cv-valid-dev/sample-000424.mp3,4,1,7,..\dataset\mfcc_num\cv-valid-dev_sample-000424.npy,..\dataset\mfcc_spec\cv-valid-dev_sample-000424.png,..\dataset\mel_num\cv-valid-dev_sample-000424.npy,..\dataset\mel_spec\cv-valid-dev_sample-000424.png,..\dataset\mfcc_num_eq\cv-valid-dev_sample-000424_eq.npy,..\dataset\mel_num_eq\cv-valid-dev_sample-000424_eq.npy
cv-valid-dev/sample-000425.mp3,7,1,14,..\dataset\mfcc_num\cv-valid-dev_sample-000425.npy,..\dataset\mfcc_spec\cv-valid-dev_sample-000425.png,..\dataset\mel_num\cv-valid-dev_sample-000425.npy,..\dataset\mel_spec\cv-valid-dev_sample-000425.png,..\dataset\mfcc_num_eq\cv-valid-dev_sample-000425_eq.npy,..\dataset\mel_num_eq\cv-valid-dev_sample-000425_eq.npy
cv-valid-dev/sample-000429.mp3,1,0,4,..\dataset\mfcc_num\cv-valid-dev_sample-000429.npy,..\dataset\mfcc_spec\cv-valid-dev_sample-000429.png,..\dataset\mel_num\cv-valid-dev_sample-000429.npy,..\dataset\mel_spec\cv-valid-dev_sample-000429.png,..\dataset\mfcc_num_eq\cv-valid-dev_sample-000429_eq.npy,..\dataset\mel_num_eq\cv-valid-dev_sample-000429_eq.npy
cv-valid-dev/sample-000435.mp3,7,1,1,..\dataset\mfcc_num\cv-valid-dev_sample-000435.npy,..\dataset\mfcc_spec\cv-valid-dev_sample-000435.png,..\dataset\mel_num\cv-valid-dev_sample-000435.npy,..\dataset\mel_spec\cv-valid-dev_sample-000435.png,..\dataset\mfcc_num_eq\cv-valid-dev_sample-000435_eq.npy,..\dataset\mel_num_eq\cv-valid-dev_sample-000435_eq.npy
cv-valid-dev/sample-000436.mp3,6,1,4,..\dataset\mfcc_num\cv-valid-dev_sample-000436.npy,..\dataset\mfcc_spec\cv-valid-dev_sample-000436.png,..\dataset\mel_num\cv-valid-dev_sample-000436.npy,..\dataset\mel_spec\cv-valid-dev_sample-000436.png,..\dataset\mfcc_num_eq\cv-valid-dev_sample-000436_eq.npy,..\dataset\mel_num_eq\cv-valid-dev_sample-000436_eq.npy
cv-valid-dev/sample-000438.mp3,7,1,4,..\dataset\mfcc_num\cv-valid-dev_sample-000438.npy,..\dataset\mfcc_spec\cv-valid-dev_sample-000438.png,..\dataset\mel_num\cv-valid-dev_sample-000438.npy,..\dataset\mel_spec\cv-valid-dev_sample-000438.png,..\dataset\mfcc_num_eq\cv-valid-dev_sample-000438_eq.npy,..\dataset\mel_num_eq\cv-valid-dev_sample-000438_eq.npy
cv-valid-dev/sample-000441.mp3,2,1,14,..\dataset\mfcc_num\cv-valid-dev_sample-000441.npy,..\dataset\mfcc_spec\cv-valid-dev_sample-000441.png,..\dataset\mel_num\cv-valid-dev_sample-000441.npy,..\dataset\mel_spec\cv-valid-dev_sample-000441.png,..\dataset\mfcc_num_eq\cv-valid-dev_sample-000441_eq.npy,..\dataset\mel_num_eq\cv-valid-dev_sample-000441_eq.npy
cv-valid-dev/sample-000444.mp3,4,1,14,..\dataset\mfcc_num\cv-valid-dev_sample-000444.npy,..\dataset\mfcc_spec\cv-valid-dev_sample-000444.png,..\dataset\mel_num\cv-valid-dev_sample-000444.npy,..\dataset\mel_spec\cv-valid-dev_sample-000444.png,..\dataset\mfcc_num_eq\cv-valid-dev_sample-000444_eq.npy,..\dataset\mel_num_eq\cv-valid-dev_sample-000444_eq.npy
cv-valid-dev/sample-000445.mp3,2,1,9,..\dataset\mfcc_num\cv-valid-dev_sample-000445.npy,..\dataset\mfcc_spec\cv-valid-dev_sample-000445.png,..\dataset\mel_num\cv-valid-dev_sample-000445.npy,..\dataset\mel_spec\cv-valid-dev_sample-000445.png,..\dataset\mfcc_num_eq\cv-valid-dev_sample-000445_eq.npy,..\dataset\mel_num_eq\cv-valid-dev_sample-000445_eq.npy
cv-valid-dev/sample-000447.mp3,7,1,14,..\dataset\mfcc_num\cv-valid-dev_sample-000447.npy,..\dataset\mfcc_spec\cv-valid-dev_sample-000447.png,..\dataset\mel_num\cv-valid-dev_sample-000447.npy,..\dataset\mel_spec\cv-valid-dev_sample-000447.png,..\dataset\mfcc_num_eq\cv-valid-dev_sample-000447_eq.npy,..\dataset\mel_num_eq\cv-valid-dev_sample-000447_eq.npy
cv-valid-dev/sample-000453.mp3,7,1,14,..\dataset\mfcc_num\cv-valid-dev_sample-000453.npy,..\dataset\mfcc_spec\cv-valid-dev_sample-000453.png,..\dataset\mel_num\cv-valid-dev_sample-000453.npy,..\dataset\mel_spec\cv-valid-dev_sample-000453.png,..\dataset\mfcc_num_eq\cv-valid-dev_sample-000453_eq.npy,..\dataset\mel_num_eq\cv-valid-dev_sample-000453_eq.npy
cv-valid-dev/sample-000454.mp3,6,1,4,..\dataset\mfcc_num\cv-valid-dev_sample-000454.npy,..\dataset\mfcc_spec\cv-valid-dev_sample-000454.png,..\dataset\mel_num\cv-valid-dev_sample-000454.npy,..\dataset\mel_spec\cv-valid-dev_sample-000454.png,..\dataset\mfcc_num_eq\cv-valid-dev_sample-000454_eq.npy,..\dataset\mel_num_eq\cv-valid-dev_sample-000454_eq.npy
cv-valid-dev/sample-000458.mp3,1,0,1,..\dataset\mfcc_num\cv-valid-dev_sample-000458.npy,..\dataset\mfcc_spec\cv-valid-dev_sample-000458.png,..\dataset\mel_num\cv-valid-dev_sample-000458.npy,..\dataset\mel_spec\cv-valid-dev_sample-000458.png,..\dataset\mfcc_num_eq\cv-valid-dev_sample-000458_eq.npy,..\dataset\mel_num_eq\cv-valid-dev_sample-000458_eq.npy
cv-valid-dev/sample-000460.mp3,7,1,14,..\dataset\mfcc_num\cv-valid-dev_sample-000460.npy,..\dataset\mfcc_spec\cv-valid-dev_sample-000460.png,..\dataset\mel_num\cv-valid-dev_sample-000460.npy,..\dataset\mel_spec\cv-valid-dev_sample-000460.png,..\dataset\mfcc_num_eq\cv-valid-dev_sample-000460_eq.npy,..\dataset\mel_num_eq\cv-valid-dev_sample-000460_eq.npy
cv-valid-dev/sample-000461.mp3,6,0,4,..\dataset\mfcc_num\cv-valid-dev_sample-000461.npy,..\dataset\mfcc_spec\cv-valid-dev_sample-000461.png,..\dataset\mel_num\cv-valid-dev_sample-000461.npy,..\dataset\mel_spec\cv-valid-dev_sample-000461.png,..\dataset\mfcc_num_eq\cv-valid-dev_sample-000461_eq.npy,..\dataset\mel_num_eq\cv-valid-dev_sample-000461_eq.npy
cv-valid-dev/sample-000463.mp3,7,1,14,..\dataset\mfcc_num\cv-valid-dev_sample-000463.npy,..\dataset\mfcc_spec\cv-valid-dev_sample-000463.png,..\dataset\mel_num\cv-valid-dev_sample-000463.npy,..\dataset\mel_spec\cv-valid-dev_sample-000463.png,..\dataset\mfcc_num_eq\cv-valid-dev_sample-000463_eq.npy,..\dataset\mel_num_eq\cv-valid-dev_sample-000463_eq.npy
cv-valid-dev/sample-000465.mp3,1,0,14,..\dataset\mfcc_num\cv-valid-dev_sample-000465.npy,..\dataset\mfcc_spec\cv-valid-dev_sample-000465.png,..\dataset\mel_num\cv-valid-dev_sample-000465.npy,..\dataset\mel_spec\cv-valid-dev_sample-000465.png,..\dataset\mfcc_num_eq\cv-valid-dev_sample-000465_eq.npy,..\dataset\mel_num_eq\cv-valid-dev_sample-000465_eq.npy
cv-valid-dev/sample-000466.mp3,6,1,14,..\dataset\mfcc_num\cv-valid-dev_sample-000466.npy,..\dataset\mfcc_spec\cv-valid-dev_sample-000466.png,..\dataset\mel_num\cv-valid-dev_sample-000466.npy,..\dataset\mel_spec\cv-valid-dev_sample-000466.png,..\dataset\mfcc_num_eq\cv-valid-dev_sample-000466_eq.npy,..\dataset\mel_num_eq\cv-valid-dev_sample-000466_eq.npy
cv-valid-dev/sample-000467.mp3,7,0,14,..\dataset\mfcc_num\cv-valid-dev_sample-000467.npy,..\dataset\mfcc_spec\cv-valid-dev_sample-000467.png,..\dataset\mel_num\cv-valid-dev_sample-000467.npy,..\dataset\mel_spec\cv-valid-dev_sample-000467.png,..\dataset\mfcc_num_eq\cv-valid-dev_sample-000467_eq.npy,..\dataset\mel_num_eq\cv-valid-dev_sample-000467_eq.npy
cv-valid-dev/sample-000468.mp3,1,1,14,..\dataset\mfcc_num\cv-valid-dev_sample-000468.npy,..\dataset\mfcc_spec\cv-valid-dev_sample-000468.png,..\dataset\mel_num\cv-valid-dev_sample-000468.npy,..\dataset\mel_spec\cv-valid-dev_sample-000468.png,..\dataset\mfcc_num_eq\cv-valid-dev_sample-000468_eq.npy,..\dataset\mel_num_eq\cv-valid-dev_sample-000468_eq.npy
cv-valid-dev/sample-000470.mp3,6,0,14,..\dataset\mfcc_num\cv-valid-dev_sample-000470.npy,..\dataset\mfcc_spec\cv-valid-dev_sample-000470.png,..\dataset\mel_num\cv-valid-dev_sample-000470.npy,..\dataset\mel_spec\cv-valid-dev_sample-000470.png,..\dataset\mfcc_num_eq\cv-valid-dev_sample-000470_eq.npy,..\dataset\mel_num_eq\cv-valid-dev_sample-000470_eq.npy
cv-valid-dev/sample-000483.mp3,1,1,14,..\dataset\mfcc_num\cv-valid-dev_sample-000483.npy,..\dataset\mfcc_spec\cv-valid-dev_sample-000483.png,..\dataset\mel_num\cv-valid-dev_sample-000483.npy,..\dataset\mel_spec\cv-valid-dev_sample-000483.png,..\dataset\mfcc_num_eq\cv-valid-dev_sample-000483_eq.npy,..\dataset\mel_num_eq\cv-valid-dev_sample-000483_eq.npy
cv-valid-dev/sample-000488.mp3,1,0,6,..\dataset\mfcc_num\cv-valid-dev_sample-000488.npy,..\dataset\mfcc_spec\cv-valid-dev_sample-000488.png,..\dataset\mel_num\cv-valid-dev_sample-000488.npy,..\dataset\mel_spec\cv-valid-dev_sample-000488.png,..\dataset\mfcc_num_eq\cv-valid-dev_sample-000488_eq.npy,..\dataset\mel_num_eq\cv-valid-dev_sample-000488_eq.npy
cv-valid-dev/sample-000489.mp3,4,1,4,..\dataset\mfcc_num\cv-valid-dev_sample-000489.npy,..\dataset\mfcc_spec\cv-valid-dev_sample-000489.png,..\dataset\mel_num\cv-valid-dev_sample-000489.npy,..\dataset\mel_spec\cv-valid-dev_sample-000489.png,..\dataset\mfcc_num_eq\cv-valid-dev_sample-000489_eq.npy,..\dataset\mel_num_eq\cv-valid-dev_sample-000489_eq.npy
cv-valid-dev/sample-000492.mp3,2,1,4,..\dataset\mfcc_num\cv-valid-dev_sample-000492.npy,..\dataset\mfcc_spec\cv-valid-dev_sample-000492.png,..\dataset\mel_num\cv-valid-dev_sample-000492.npy,..\dataset\mel_spec\cv-valid-dev_sample-000492.png,..\dataset\mfcc_num_eq\cv-valid-dev_sample-000492_eq.npy,..\dataset\mel_num_eq\cv-valid-dev_sample-000492_eq.npy
cv-valid-dev/sample-000497.mp3,1,1,4,..\dataset\mfcc_num\cv-valid-dev_sample-000497.npy,..\dataset\mfcc_spec\cv-valid-dev_sample-000497.png,..\dataset\mel_num\cv-valid-dev_sample-000497.npy,..\dataset\mel_spec\cv-valid-dev_sample-000497.png,..\dataset\mfcc_num_eq\cv-valid-dev_sample-000497_eq.npy,..\dataset\mel_num_eq\cv-valid-dev_sample-000497_eq.npy
cv-valid-dev/sample-000502.mp3,1,1,4,..\dataset\mfcc_num\cv-valid-dev_sample-000502.npy,..\dataset\mfcc_spec\cv-valid-dev_sample-000502.png,..\dataset\mel_num\cv-valid-dev_sample-000502.npy,..\dataset\mel_spec\cv-valid-dev_sample-000502.png,..\dataset\mfcc_num_eq\cv-valid-dev_sample-000502_eq.npy,..\dataset\mel_num_eq\cv-valid-dev_sample-000502_eq.npy
cv-valid-dev/sample-000509.mp3,1,0,1,..\dataset\mfcc_num\cv-valid-dev_sample-000509.npy,..\dataset\mfcc_spec\cv-valid-dev_sample-000509.png,..\dataset\mel_num\cv-valid-dev_sample-000509.npy,..\dataset\mel_spec\cv-valid-dev_sample-000509.png,..\dataset\mfcc_num_eq\cv-valid-dev_sample-000509_eq.npy,..\dataset\mel_num_eq\cv-valid-dev_sample-000509_eq.npy
cv-valid-dev/sample-000515.mp3,1,1,1,..\dataset\mfcc_num\cv-valid-dev_sample-000515.npy,..\dataset\mfcc_spec\cv-valid-dev_sample-000515.png,..\dataset\mel_num\cv-valid-dev_sample-000515.npy,..\dataset\mel_spec\cv-valid-dev_sample-000515.png,..\dataset\mfcc_num_eq\cv-valid-dev_sample-000515_eq.npy,..\dataset\mel_num_eq\cv-valid-dev_sample-000515_eq.npy
cv-valid-dev/sample-000520.mp3,5,1,1,..\dataset\mfcc_num\cv-valid-dev_sample-000520.npy,..\dataset\mfcc_spec\cv-valid-dev_sample-000520.png,..\dataset\mel_num\cv-valid-dev_sample-000520.npy,..\dataset\mel_spec\cv-valid-dev_sample-000520.png,..\dataset\mfcc_num_eq\cv-valid-dev_sample-000520_eq.npy,..\dataset\mel_num_eq\cv-valid-dev_sample-000520_eq.npy
cv-valid-dev/sample-000528.mp3,7,1,4,..\dataset\mfcc_num\cv-valid-dev_sample-000528.npy,..\dataset\mfcc_spec\cv-valid-dev_sample-000528.png,..\dataset\mel_num\cv-valid-dev_sample-000528.npy,..\dataset\mel_spec\cv-valid-dev_sample-000528.png,..\dataset\mfcc_num_eq\cv-valid-dev_sample-000528_eq.npy,..\dataset\mel_num_eq\cv-valid-dev_sample-000528_eq.npy
cv-valid-dev/sample-000532.mp3,6,0,1,..\dataset\mfcc_num\cv-valid-dev_sample-000532.npy,..\dataset\mfcc_spec\cv-valid-dev_sample-000532.png,..\dataset\mel_num\cv-valid-dev_sample-000532.npy,..\dataset\mel_spec\cv-valid-dev_sample-000532.png,..\dataset\mfcc_num_eq\cv-valid-dev_sample-000532_eq.npy,..\dataset\mel_num_eq\cv-valid-dev_sample-000532_eq.npy
cv-valid-dev/sample-000546.mp3,5,1,4,..\dataset\mfcc_num\cv-valid-dev_sample-000546.npy,..\dataset\mfcc_spec\cv-valid-dev_sample-000546.png,..\dataset\mel_num\cv-valid-dev_sample-000546.npy,..\dataset\mel_spec\cv-valid-dev_sample-000546.png,..\dataset\mfcc_num_eq\cv-valid-dev_sample-000546_eq.npy,..\dataset\mel_num_eq\cv-valid-dev_sample-000546_eq.npy
cv-valid-dev/sample-000548.mp3,7,1,6,..\dataset\mfcc_num\cv-valid-dev_sample-000548.npy,..\dataset\mfcc_spec\cv-valid-dev_sample-000548.png,..\dataset\mel_num\cv-valid-dev_sample-000548.npy,..\dataset\mel_spec\cv-valid-dev_sample-000548.png,..\dataset\mfcc_num_eq\cv-valid-dev_sample-000548_eq.npy,..\dataset\mel_num_eq\cv-valid-dev_sample-000548_eq.npy
cv-valid-dev/sample-000549.mp3,2,1,4,..\dataset\mfcc_num\cv-valid-dev_sample-000549.npy,..\dataset\mfcc_spec\cv-valid-dev_sample-000549.png,..\dataset\mel_num\cv-valid-dev_sample-000549.npy,..\dataset\mel_spec\cv-valid-dev_sample-000549.png,..\dataset\mfcc_num_eq\cv-valid-dev_sample-000549_eq.npy,..\dataset\mel_num_eq\cv-valid-dev_sample-000549_eq.npy
cv-valid-dev/sample-000550.mp3,6,1,4,..\dataset\mfcc_num\cv-valid-dev_sample-000550.npy,..\dataset\mfcc_spec\cv-valid-dev_sample-000550.png,..\dataset\mel_num\cv-valid-dev_sample-000550.npy,..\dataset\mel_spec\cv-valid-dev_sample-000550.png,..\dataset\mfcc_num_eq\cv-valid-dev_sample-000550_eq.npy,..\dataset\mel_num_eq\cv-valid-dev_sample-000550_eq.npy
cv-valid-dev/sample-000555.mp3,1,0,9,..\dataset\mfcc_num\cv-valid-dev_sample-000555.npy,..\dataset\mfcc_spec\cv-valid-dev_sample-000555.png,..\dataset\mel_num\cv-valid-dev_sample-000555.npy,..\dataset\mel_spec\cv-valid-dev_sample-000555.png,..\dataset\mfcc_num_eq\cv-valid-dev_sample-000555_eq.npy,..\dataset\mel_num_eq\cv-valid-dev_sample-000555_eq.npy
cv-valid-dev/sample-000557.mp3,7,1,14,..\dataset\mfcc_num\cv-valid-dev_sample-000557.npy,..\dataset\mfcc_spec\cv-valid-dev_sample-000557.png,..\dataset\mel_num\cv-valid-dev_sample-000557.npy,..\dataset\mel_spec\cv-valid-dev_sample-000557.png,..\dataset\mfcc_num_eq\cv-valid-dev_sample-000557_eq.npy,..\dataset\mel_num_eq\cv-valid-dev_sample-000557_eq.npy
cv-valid-dev/sample-000558.mp3,7,1,1,..\dataset\mfcc_num\cv-valid-dev_sample-000558.npy,..\dataset\mfcc_spec\cv-valid-dev_sample-000558.png,..\dataset\mel_num\cv-valid-dev_sample-000558.npy,..\dataset\mel_spec\cv-valid-dev_sample-000558.png,..\dataset\mfcc_num_eq\cv-valid-dev_sample-000558_eq.npy,..\dataset\mel_num_eq\cv-valid-dev_sample-000558_eq.npy
cv-valid-dev/sample-000561.mp3,4,1,4,..\dataset\mfcc_num\cv-valid-dev_sample-000561.npy,..\dataset\mfcc_spec\cv-valid-dev_sample-000561.png,..\dataset\mel_num\cv-valid-dev_sample-000561.npy,..\dataset\mel_spec\cv-valid-dev_sample-000561.png,..\dataset\mfcc_num_eq\cv-valid-dev_sample-000561_eq.npy,..\dataset\mel_num_eq\cv-valid-dev_sample-000561_eq.npy
cv-valid-dev/sample-000562.mp3,1,1,4,..\dataset\mfcc_num\cv-valid-dev_sample-000562.npy,..\dataset\mfcc_spec\cv-valid-dev_sample-000562.png,..\dataset\mel_num\cv-valid-dev_sample-000562.npy,..\dataset\mel_spec\cv-valid-dev_sample-000562.png,..\dataset\mfcc_num_eq\cv-valid-dev_sample-000562_eq.npy,..\dataset\mel_num_eq\cv-valid-dev_sample-000562_eq.npy
cv-valid-dev/sample-000563.mp3,6,1,4,..\dataset\mfcc_num\cv-valid-dev_sample-000563.npy,..\dataset\mfcc_spec\cv-valid-dev_sample-000563.png,..\dataset\mel_num\cv-valid-dev_sample-000563.npy,..\dataset\mel_spec\cv-valid-dev_sample-000563.png,..\dataset\mfcc_num_eq\cv-valid-dev_sample-000563_eq.npy,..\dataset\mel_num_eq\cv-valid-dev_sample-000563_eq.npy
cv-valid-dev/sample-000564.mp3,6,1,4,..\dataset\mfcc_num\cv-valid-dev_sample-000564.npy,..\dataset\mfcc_spec\cv-valid-dev_sample-000564.png,..\dataset\mel_num\cv-valid-dev_sample-000564.npy,..\dataset\mel_spec\cv-valid-dev_sample-000564.png,..\dataset\mfcc_num_eq\cv-valid-dev_sample-000564_eq.npy,..\dataset\mel_num_eq\cv-valid-dev_sample-000564_eq.npy
cv-valid-dev/sample-000565.mp3,6,1,14,..\dataset\mfcc_num\cv-valid-dev_sample-000565.npy,..\dataset\mfcc_spec\cv-valid-dev_sample-000565.png,..\dataset\mel_num\cv-valid-dev_sample-000565.npy,..\dataset\mel_spec\cv-valid-dev_sample-000565.png,..\dataset\mfcc_num_eq\cv-valid-dev_sample-000565_eq.npy,..\dataset\mel_num_eq\cv-valid-dev_sample-000565_eq.npy
cv-valid-dev/sample-000566.mp3,1,1,14,..\dataset\mfcc_num\cv-valid-dev_sample-000566.npy,..\dataset\mfcc_spec\cv-valid-dev_sample-000566.png,..\dataset\mel_num\cv-valid-dev_sample-000566.npy,..\dataset\mel_spec\cv-valid-dev_sample-000566.png,..\dataset\mfcc_num_eq\cv-valid-dev_sample-000566_eq.npy,..\dataset\mel_num_eq\cv-valid-dev_sample-000566_eq.npy
cv-valid-dev/sample-000569.mp3,1,1,4,..\dataset\mfcc_num\cv-valid-dev_sample-000569.npy,..\dataset\mfcc_spec\cv-valid-dev_sample-000569.png,..\dataset\mel_num\cv-valid-dev_sample-000569.npy,..\dataset\mel_spec\cv-valid-dev_sample-000569.png,..\dataset\mfcc_num_eq\cv-valid-dev_sample-000569_eq.npy,..\dataset\mel_num_eq\cv-valid-dev_sample-000569_eq.npy
cv-valid-dev/sample-000570.mp3,7,1,6,..\dataset\mfcc_num\cv-valid-dev_sample-000570.npy,..\dataset\mfcc_spec\cv-valid-dev_sample-000570.png,..\dataset\mel_num\cv-valid-dev_sample-000570.npy,..\dataset\mel_spec\cv-valid-dev_sample-000570.png,..\dataset\mfcc_num_eq\cv-valid-dev_sample-000570_eq.npy,..\dataset\mel_num_eq\cv-valid-dev_sample-000570_eq.npy
cv-valid-dev/sample-000573.mp3,2,0,4,..\dataset\mfcc_num\cv-valid-dev_sample-000573.npy,..\dataset\mfcc_spec\cv-valid-dev_sample-000573.png,..\dataset\mel_num\cv-valid-dev_sample-000573.npy,..\dataset\mel_spec\cv-valid-dev_sample-000573.png,..\dataset\mfcc_num_eq\cv-valid-dev_sample-000573_eq.npy,..\dataset\mel_num_eq\cv-valid-dev_sample-000573_eq.npy
cv-valid-dev/sample-000574.mp3,2,1,11,..\dataset\mfcc_num\cv-valid-dev_sample-000574.npy,..\dataset\mfcc_spec\cv-valid-dev_sample-000574.png,..\dataset\mel_num\cv-valid-dev_sample-000574.npy,..\dataset\mel_spec\cv-valid-dev_sample-000574.png,..\dataset\mfcc_num_eq\cv-valid-dev_sample-000574_eq.npy,..\dataset\mel_num_eq\cv-valid-dev_sample-000574_eq.npy
cv-valid-dev/sample-000579.mp3,7,1,14,..\dataset\mfcc_num\cv-valid-dev_sample-000579.npy,..\dataset\mfcc_spec\cv-valid-dev_sample-000579.png,..\dataset\mel_num\cv-valid-dev_sample-000579.npy,..\dataset\mel_spec\cv-valid-dev_sample-000579.png,..\dataset\mfcc_num_eq\cv-valid-dev_sample-000579_eq.npy,..\dataset\mel_num_eq\cv-valid-dev_sample-000579_eq.npy
cv-valid-dev/sample-000587.mp3,2,1,14,..\dataset\mfcc_num\cv-valid-dev_sample-000587.npy,..\dataset\mfcc_spec\cv-valid-dev_sample-000587.png,..\dataset\mel_num\cv-valid-dev_sample-000587.npy,..\dataset\mel_spec\cv-valid-dev_sample-000587.png,..\dataset\mfcc_num_eq\cv-valid-dev_sample-000587_eq.npy,..\dataset\mel_num_eq\cv-valid-dev_sample-000587_eq.npy
cv-valid-dev/sample-000597.mp3,3,1,1,..\dataset\mfcc_num\cv-valid-dev_sample-000597.npy,..\dataset\mfcc_spec\cv-valid-dev_sample-000597.png,..\dataset\mel_num\cv-valid-dev_sample-000597.npy,..\dataset\mel_spec\cv-valid-dev_sample-000597.png,..\dataset\mfcc_num_eq\cv-valid-dev_sample-000597_eq.npy,..\dataset\mel_num_eq\cv-valid-dev_sample-000597_eq.npy
cv-valid-dev/sample-000605.mp3,3,1,4,..\dataset\mfcc_num\cv-valid-dev_sample-000605.npy,..\dataset\mfcc_spec\cv-valid-dev_sample-000605.png,..\dataset\mel_num\cv-valid-dev_sample-000605.npy,..\dataset\mel_spec\cv-valid-dev_sample-000605.png,..\dataset\mfcc_num_eq\cv-valid-dev_sample-000605_eq.npy,..\dataset\mel_num_eq\cv-valid-dev_sample-000605_eq.npy
cv-valid-dev/sample-000608.mp3,2,0,14,..\dataset\mfcc_num\cv-valid-dev_sample-000608.npy,..\dataset\mfcc_spec\cv-valid-dev_sample-000608.png,..\dataset\mel_num\cv-valid-dev_sample-000608.npy,..\dataset\mel_spec\cv-valid-dev_sample-000608.png,..\dataset\mfcc_num_eq\cv-valid-dev_sample-000608_eq.npy,..\dataset\mel_num_eq\cv-valid-dev_sample-000608_eq.npy
cv-valid-dev/sample-000609.mp3,2,0,4,..\dataset\mfcc_num\cv-valid-dev_sample-000609.npy,..\dataset\mfcc_spec\cv-valid-dev_sample-000609.png,..\dataset\mel_num\cv-valid-dev_sample-000609.npy,..\dataset\mel_spec\cv-valid-dev_sample-000609.png,..\dataset\mfcc_num_eq\cv-valid-dev_sample-000609_eq.npy,..\dataset\mel_num_eq\cv-valid-dev_sample-000609_eq.npy
cv-valid-dev/sample-000613.mp3,7,1,14,..\dataset\mfcc_num\cv-valid-dev_sample-000613.npy,..\dataset\mfcc_spec\cv-valid-dev_sample-000613.png,..\dataset\mel_num\cv-valid-dev_sample-000613.npy,..\dataset\mel_spec\cv-valid-dev_sample-000613.png,..\dataset\mfcc_num_eq\cv-valid-dev_sample-000613_eq.npy,..\dataset\mel_num_eq\cv-valid-dev_sample-000613_eq.npy
cv-valid-dev/sample-000614.mp3,7,1,14,..\dataset\mfcc_num\cv-valid-dev_sample-000614.npy,..\dataset\mfcc_spec\cv-valid-dev_sample-000614.png,..\dataset\mel_num\cv-valid-dev_sample-000614.npy,..\dataset\mel_spec\cv-valid-dev_sample-000614.png,..\dataset\mfcc_num_eq\cv-valid-dev_sample-000614_eq.npy,..\dataset\mel_num_eq\cv-valid-dev_sample-000614_eq.npy
cv-valid-dev/sample-000615.mp3,1,1,4,..\dataset\mfcc_num\cv-valid-dev_sample-000615.npy,..\dataset\mfcc_spec\cv-valid-dev_sample-000615.png,..\dataset\mel_num\cv-valid-dev_sample-000615.npy,..\dataset\mel_spec\cv-valid-dev_sample-000615.png,..\dataset\mfcc_num_eq\cv-valid-dev_sample-000615_eq.npy,..\dataset\mel_num_eq\cv-valid-dev_sample-000615_eq.npy
cv-valid-dev/sample-000616.mp3,2,1,14,..\dataset\mfcc_num\cv-valid-dev_sample-000616.npy,..\dataset\mfcc_spec\cv-valid-dev_sample-000616.png,..\dataset\mel_num\cv-valid-dev_sample-000616.npy,..\dataset\mel_spec\cv-valid-dev_sample-000616.png,..\dataset\mfcc_num_eq\cv-valid-dev_sample-000616_eq.npy,..\dataset\mel_num_eq\cv-valid-dev_sample-000616_eq.npy
cv-valid-dev/sample-000619.mp3,7,0,14,..\dataset\mfcc_num\cv-valid-dev_sample-000619.npy,..\dataset\mfcc_spec\cv-valid-dev_sample-000619.png,..\dataset\mel_num\cv-valid-dev_sample-000619.npy,..\dataset\mel_spec\cv-valid-dev_sample-000619.png,..\dataset\mfcc_num_eq\cv-valid-dev_sample-000619_eq.npy,..\dataset\mel_num_eq\cv-valid-dev_sample-000619_eq.npy
cv-valid-dev/sample-000620.mp3,6,1,4,..\dataset\mfcc_num\cv-valid-dev_sample-000620.npy,..\dataset\mfcc_spec\cv-valid-dev_sample-000620.png,..\dataset\mel_num\cv-valid-dev_sample-000620.npy,..\dataset\mel_spec\cv-valid-dev_sample-000620.png,..\dataset\mfcc_num_eq\cv-valid-dev_sample-000620_eq.npy,..\dataset\mel_num_eq\cv-valid-dev_sample-000620_eq.npy
cv-valid-dev/sample-000622.mp3,5,0,14,..\dataset\mfcc_num\cv-valid-dev_sample-000622.npy,..\dataset\mfcc_spec\cv-valid-dev_sample-000622.png,..\dataset\mel_num\cv-valid-dev_sample-000622.npy,..\dataset\mel_spec\cv-valid-dev_sample-000622.png,..\dataset\mfcc_num_eq\cv-valid-dev_sample-000622_eq.npy,..\dataset\mel_num_eq\cv-valid-dev_sample-000622_eq.npy
cv-valid-dev/sample-000623.mp3,7,1,14,..\dataset\mfcc_num\cv-valid-dev_sample-000623.npy,..\dataset\mfcc_spec\cv-valid-dev_sample-000623.png,..\dataset\mel_num\cv-valid-dev_sample-000623.npy,..\dataset\mel_spec\cv-valid-dev_sample-000623.png,..\dataset\mfcc_num_eq\cv-valid-dev_sample-000623_eq.npy,..\dataset\mel_num_eq\cv-valid-dev_sample-000623_eq.npy
cv-valid-dev/sample-000624.mp3,5,1,1,..\dataset\mfcc_num\cv-valid-dev_sample-000624.npy,..\dataset\mfcc_spec\cv-valid-dev_sample-000624.png,..\dataset\mel_num\cv-valid-dev_sample-000624.npy,..\dataset\mel_spec\cv-valid-dev_sample-000624.png,..\dataset\mfcc_num_eq\cv-valid-dev_sample-000624_eq.npy,..\dataset\mel_num_eq\cv-valid-dev_sample-000624_eq.npy
cv-valid-dev/sample-000625.mp3,2,0,14,..\dataset\mfcc_num\cv-valid-dev_sample-000625.npy,..\dataset\mfcc_spec\cv-valid-dev_sample-000625.png,..\dataset\mel_num\cv-valid-dev_sample-000625.npy,..\dataset\mel_spec\cv-valid-dev_sample-000625.png,..\dataset\mfcc_num_eq\cv-valid-dev_sample-000625_eq.npy,..\dataset\mel_num_eq\cv-valid-dev_sample-000625_eq.npy
cv-valid-dev/sample-000626.mp3,1,0,1,..\dataset\mfcc_num\cv-valid-dev_sample-000626.npy,..\dataset\mfcc_spec\cv-valid-dev_sample-000626.png,..\dataset\mel_num\cv-valid-dev_sample-000626.npy,..\dataset\mel_spec\cv-valid-dev_sample-000626.png,..\dataset\mfcc_num_eq\cv-valid-dev_sample-000626_eq.npy,..\dataset\mel_num_eq\cv-valid-dev_sample-000626_eq.npy
cv-valid-dev/sample-000628.mp3,1,1,14,..\dataset\mfcc_num\cv-valid-dev_sample-000628.npy,..\dataset\mfcc_spec\cv-valid-dev_sample-000628.png,..\dataset\mel_num\cv-valid-dev_sample-000628.npy,..\dataset\mel_spec\cv-valid-dev_sample-000628.png,..\dataset\mfcc_num_eq\cv-valid-dev_sample-000628_eq.npy,..\dataset\mel_num_eq\cv-valid-dev_sample-000628_eq.npy
cv-valid-dev/sample-000629.mp3,2,0,14,..\dataset\mfcc_num\cv-valid-dev_sample-000629.npy,..\dataset\mfcc_spec\cv-valid-dev_sample-000629.png,..\dataset\mel_num\cv-valid-dev_sample-000629.npy,..\dataset\mel_spec\cv-valid-dev_sample-000629.png,..\dataset\mfcc_num_eq\cv-valid-dev_sample-000629_eq.npy,..\dataset\mel_num_eq\cv-valid-dev_sample-000629_eq.npy
cv-valid-dev/sample-000630.mp3,6,1,14,..\dataset\mfcc_num\cv-valid-dev_sample-000630.npy,..\dataset\mfcc_spec\cv-valid-dev_sample-000630.png,..\dataset\mel_num\cv-valid-dev_sample-000630.npy,..\dataset\mel_spec\cv-valid-dev_sample-000630.png,..\dataset\mfcc_num_eq\cv-valid-dev_sample-000630_eq.npy,..\dataset\mel_num_eq\cv-valid-dev_sample-000630_eq.npy
cv-valid-dev/sample-000631.mp3,1,1,14,..\dataset\mfcc_num\cv-valid-dev_sample-000631.npy,..\dataset\mfcc_spec\cv-valid-dev_sample-000631.png,..\dataset\mel_num\cv-valid-dev_sample-000631.npy,..\dataset\mel_spec\cv-valid-dev_sample-000631.png,..\dataset\mfcc_num_eq\cv-valid-dev_sample-000631_eq.npy,..\dataset\mel_num_eq\cv-valid-dev_sample-000631_eq.npy
cv-valid-dev/sample-000634.mp3,1,1,14,..\dataset\mfcc_num\cv-valid-dev_sample-000634.npy,..\dataset\mfcc_spec\cv-valid-dev_sample-000634.png,..\dataset\mel_num\cv-valid-dev_sample-000634.npy,..\dataset\mel_spec\cv-valid-dev_sample-000634.png,..\dataset\mfcc_num_eq\cv-valid-dev_sample-000634_eq.npy,..\dataset\mel_num_eq\cv-valid-dev_sample-000634_eq.npy
cv-valid-dev/sample-000636.mp3,7,1,0,..\dataset\mfcc_num\cv-valid-dev_sample-000636.npy,..\dataset\mfcc_spec\cv-valid-dev_sample-000636.png,..\dataset\mel_num\cv-valid-dev_sample-000636.npy,..\dataset\mel_spec\cv-valid-dev_sample-000636.png,..\dataset\mfcc_num_eq\cv-valid-dev_sample-000636_eq.npy,..\dataset\mel_num_eq\cv-valid-dev_sample-000636_eq.npy
cv-valid-dev/sample-000638.mp3,6,1,4,..\dataset\mfcc_num\cv-valid-dev_sample-000638.npy,..\dataset\mfcc_spec\cv-valid-dev_sample-000638.png,..\dataset\mel_num\cv-valid-dev_sample-000638.npy,..\dataset\mel_spec\cv-valid-dev_sample-000638.png,..\dataset\mfcc_num_eq\cv-valid-dev_sample-000638_eq.npy,..\dataset\mel_num_eq\cv-valid-dev_sample-000638_eq.npy
cv-valid-dev/sample-000639.mp3,4,0,3,..\dataset\mfcc_num\cv-valid-dev_sample-000639.npy,..\dataset\mfcc_spec\cv-valid-dev_sample-000639.png,..\dataset\mel_num\cv-valid-dev_sample-000639.npy,..\dataset\mel_spec\cv-valid-dev_sample-000639.png,..\dataset\mfcc_num_eq\cv-valid-dev_sample-000639_eq.npy,..\dataset\mel_num_eq\cv-valid-dev_sample-000639_eq.npy
cv-valid-dev/sample-000642.mp3,2,1,4,..\dataset\mfcc_num\cv-valid-dev_sample-000642.npy,..\dataset\mfcc_spec\cv-valid-dev_sample-000642.png,..\dataset\mel_num\cv-valid-dev_sample-000642.npy,..\dataset\mel_spec\cv-valid-dev_sample-000642.png,..\dataset\mfcc_num_eq\cv-valid-dev_sample-000642_eq.npy,..\dataset\mel_num_eq\cv-valid-dev_sample-000642_eq.npy
cv-valid-dev/sample-000649.mp3,6,1,3,..\dataset\mfcc_num\cv-valid-dev_sample-000649.npy,..\dataset\mfcc_spec\cv-valid-dev_sample-000649.png,..\dataset\mel_num\cv-valid-dev_sample-000649.npy,..\dataset\mel_spec\cv-valid-dev_sample-000649.png,..\dataset\mfcc_num_eq\cv-valid-dev_sample-000649_eq.npy,..\dataset\mel_num_eq\cv-valid-dev_sample-000649_eq.npy
cv-valid-dev/sample-000652.mp3,4,1,4,..\dataset\mfcc_num\cv-valid-dev_sample-000652.npy,..\dataset\mfcc_spec\cv-valid-dev_sample-000652.png,..\dataset\mel_num\cv-valid-dev_sample-000652.npy,..\dataset\mel_spec\cv-valid-dev_sample-000652.png,..\dataset\mfcc_num_eq\cv-valid-dev_sample-000652_eq.npy,..\dataset\mel_num_eq\cv-valid-dev_sample-000652_eq.npy
cv-valid-dev/sample-000653.mp3,6,1,4,..\dataset\mfcc_num\cv-valid-dev_sample-000653.npy,..\dataset\mfcc_spec\cv-valid-dev_sample-000653.png,..\dataset\mel_num\cv-valid-dev_sample-000653.npy,..\dataset\mel_spec\cv-valid-dev_sample-000653.png,..\dataset\mfcc_num_eq\cv-valid-dev_sample-000653_eq.npy,..\dataset\mel_num_eq\cv-valid-dev_sample-000653_eq.npy
cv-valid-dev/sample-000655.mp3,6,1,14,..\dataset\mfcc_num\cv-valid-dev_sample-000655.npy,..\dataset\mfcc_spec\cv-valid-dev_sample-000655.png,..\dataset\mel_num\cv-valid-dev_sample-000655.npy,..\dataset\mel_spec\cv-valid-dev_sample-000655.png,..\dataset\mfcc_num_eq\cv-valid-dev_sample-000655_eq.npy,..\dataset\mel_num_eq\cv-valid-dev_sample-000655_eq.npy
cv-valid-dev/sample-000656.mp3,7,1,14,..\dataset\mfcc_num\cv-valid-dev_sample-000656.npy,..\dataset\mfcc_spec\cv-valid-dev_sample-000656.png,..\dataset\mel_num\cv-valid-dev_sample-000656.npy,..\dataset\mel_spec\cv-valid-dev_sample-000656.png,..\dataset\mfcc_num_eq\cv-valid-dev_sample-000656_eq.npy,..\dataset\mel_num_eq\cv-valid-dev_sample-000656_eq.npy
cv-valid-dev/sample-000658.mp3,6,1,4,..\dataset\mfcc_num\cv-valid-dev_sample-000658.npy,..\dataset\mfcc_spec\cv-valid-dev_sample-000658.png,..\dataset\mel_num\cv-valid-dev_sample-000658.npy,..\dataset\mel_spec\cv-valid-dev_sample-000658.png,..\dataset\mfcc_num_eq\cv-valid-dev_sample-000658_eq.npy,..\dataset\mel_num_eq\cv-valid-dev_sample-000658_eq.npy
cv-valid-dev/sample-000666.mp3,5,1,14,..\dataset\mfcc_num\cv-valid-dev_sample-000666.npy,..\dataset\mfcc_spec\cv-valid-dev_sample-000666.png,..\dataset\mel_num\cv-valid-dev_sample-000666.npy,..\dataset\mel_spec\cv-valid-dev_sample-000666.png,..\dataset\mfcc_num_eq\cv-valid-dev_sample-000666_eq.npy,..\dataset\mel_num_eq\cv-valid-dev_sample-000666_eq.npy
cv-valid-dev/sample-000667.mp3,6,1,4,..\dataset\mfcc_num\cv-valid-dev_sample-000667.npy,..\dataset\mfcc_spec\cv-valid-dev_sample-000667.png,..\dataset\mel_num\cv-valid-dev_sample-000667.npy,..\dataset\mel_spec\cv-valid-dev_sample-000667.png,..\dataset\mfcc_num_eq\cv-valid-dev_sample-000667_eq.npy,..\dataset\mel_num_eq\cv-valid-dev_sample-000667_eq.npy
cv-valid-dev/sample-000668.mp3,7,1,14,..\dataset\mfcc_num\cv-valid-dev_sample-000668.npy,..\dataset\mfcc_spec\cv-valid-dev_sample-000668.png,..\dataset\mel_num\cv-valid-dev_sample-000668.npy,..\dataset\mel_spec\cv-valid-dev_sample-000668.png,..\dataset\mfcc_num_eq\cv-valid-dev_sample-000668_eq.npy,..\dataset\mel_num_eq\cv-valid-dev_sample-000668_eq.npy
cv-valid-dev/sample-000671.mp3,7,1,14,..\dataset\mfcc_num\cv-valid-dev_sample-000671.npy,..\dataset\mfcc_spec\cv-valid-dev_sample-000671.png,..\dataset\mel_num\cv-valid-dev_sample-000671.npy,..\dataset\mel_spec\cv-valid-dev_sample-000671.png,..\dataset\mfcc_num_eq\cv-valid-dev_sample-000671_eq.npy,..\dataset\mel_num_eq\cv-valid-dev_sample-000671_eq.npy
cv-valid-dev/sample-000673.mp3,6,1,1,..\dataset\mfcc_num\cv-valid-dev_sample-000673.npy,..\dataset\mfcc_spec\cv-valid-dev_sample-000673.png,..\dataset\mel_num\cv-valid-dev_sample-000673.npy,..\dataset\mel_spec\cv-valid-dev_sample-000673.png,..\dataset\mfcc_num_eq\cv-valid-dev_sample-000673_eq.npy,..\dataset\mel_num_eq\cv-valid-dev_sample-000673_eq.npy
cv-valid-dev/sample-000682.mp3,2,0,14,..\dataset\mfcc_num\cv-valid-dev_sample-000682.npy,..\dataset\mfcc_spec\cv-valid-dev_sample-000682.png,..\dataset\mel_num\cv-valid-dev_sample-000682.npy,..\dataset\mel_spec\cv-valid-dev_sample-000682.png,..\dataset\mfcc_num_eq\cv-valid-dev_sample-000682_eq.npy,..\dataset\mel_num_eq\cv-valid-dev_sample-000682_eq.npy
cv-valid-dev/sample-000686.mp3,1,1,14,..\dataset\mfcc_num\cv-valid-dev_sample-000686.npy,..\dataset\mfcc_spec\cv-valid-dev_sample-000686.png,..\dataset\mel_num\cv-valid-dev_sample-000686.npy,..\dataset\mel_spec\cv-valid-dev_sample-000686.png,..\dataset\mfcc_num_eq\cv-valid-dev_sample-000686_eq.npy,..\dataset\mel_num_eq\cv-valid-dev_sample-000686_eq.npy
cv-valid-dev/sample-000694.mp3,2,1,4,..\dataset\mfcc_num\cv-valid-dev_sample-000694.npy,..\dataset\mfcc_spec\cv-valid-dev_sample-000694.png,..\dataset\mel_num\cv-valid-dev_sample-000694.npy,..\dataset\mel_spec\cv-valid-dev_sample-000694.png,..\dataset\mfcc_num_eq\cv-valid-dev_sample-000694_eq.npy,..\dataset\mel_num_eq\cv-valid-dev_sample-000694_eq.npy
cv-valid-dev/sample-000695.mp3,5,1,4,..\dataset\mfcc_num\cv-valid-dev_sample-000695.npy,..\dataset\mfcc_spec\cv-valid-dev_sample-000695.png,..\dataset\mel_num\cv-valid-dev_sample-000695.npy,..\dataset\mel_spec\cv-valid-dev_sample-000695.png,..\dataset\mfcc_num_eq\cv-valid-dev_sample-000695_eq.npy,..\dataset\mel_num_eq\cv-valid-dev_sample-000695_eq.npy
cv-valid-dev/sample-000699.mp3,3,1,1,..\dataset\mfcc_num\cv-valid-dev_sample-000699.npy,..\dataset\mfcc_spec\cv-valid-dev_sample-000699.png,..\dataset\mel_num\cv-valid-dev_sample-000699.npy,..\dataset\mel_spec\cv-valid-dev_sample-000699.png,..\dataset\mfcc_num_eq\cv-valid-dev_sample-000699_eq.npy,..\dataset\mel_num_eq\cv-valid-dev_sample-000699_eq.npy
cv-valid-dev/sample-000700.mp3,7,1,0,..\dataset\mfcc_num\cv-valid-dev_sample-000700.npy,..\dataset\mfcc_spec\cv-valid-dev_sample-000700.png,..\dataset\mel_num\cv-valid-dev_sample-000700.npy,..\dataset\mel_spec\cv-valid-dev_sample-000700.png,..\dataset\mfcc_num_eq\cv-valid-dev_sample-000700_eq.npy,..\dataset\mel_num_eq\cv-valid-dev_sample-000700_eq.npy
cv-valid-dev/sample-000702.mp3,1,0,14,..\dataset\mfcc_num\cv-valid-dev_sample-000702.npy,..\dataset\mfcc_spec\cv-valid-dev_sample-000702.png,..\dataset\mel_num\cv-valid-dev_sample-000702.npy,..\dataset\mel_spec\cv-valid-dev_sample-000702.png,..\dataset\mfcc_num_eq\cv-valid-dev_sample-000702_eq.npy,..\dataset\mel_num_eq\cv-valid-dev_sample-000702_eq.npy
cv-valid-dev/sample-000706.mp3,7,0,4,..\dataset\mfcc_num\cv-valid-dev_sample-000706.npy,..\dataset\mfcc_spec\cv-valid-dev_sample-000706.png,..\dataset\mel_num\cv-valid-dev_sample-000706.npy,..\dataset\mel_spec\cv-valid-dev_sample-000706.png,..\dataset\mfcc_num_eq\cv-valid-dev_sample-000706_eq.npy,..\dataset\mel_num_eq\cv-valid-dev_sample-000706_eq.npy
cv-valid-dev/sample-000710.mp3,1,0,6,..\dataset\mfcc_num\cv-valid-dev_sample-000710.npy,..\dataset\mfcc_spec\cv-valid-dev_sample-000710.png,..\dataset\mel_num\cv-valid-dev_sample-000710.npy,..\dataset\mel_spec\cv-valid-dev_sample-000710.png,..\dataset\mfcc_num_eq\cv-valid-dev_sample-000710_eq.npy,..\dataset\mel_num_eq\cv-valid-dev_sample-000710_eq.npy
cv-valid-dev/sample-000712.mp3,1,1,3,..\dataset\mfcc_num\cv-valid-dev_sample-000712.npy,..\dataset\mfcc_spec\cv-valid-dev_sample-000712.png,..\dataset\mel_num\cv-valid-dev_sample-000712.npy,..\dataset\mel_spec\cv-valid-dev_sample-000712.png,..\dataset\mfcc_num_eq\cv-valid-dev_sample-000712_eq.npy,..\dataset\mel_num_eq\cv-valid-dev_sample-000712_eq.npy
cv-valid-dev/sample-000714.mp3,7,1,14,..\dataset\mfcc_num\cv-valid-dev_sample-000714.npy,..\dataset\mfcc_spec\cv-valid-dev_sample-000714.png,..\dataset\mel_num\cv-valid-dev_sample-000714.npy,..\dataset\mel_spec\cv-valid-dev_sample-000714.png,..\dataset\mfcc_num_eq\cv-valid-dev_sample-000714_eq.npy,..\dataset\mel_num_eq\cv-valid-dev_sample-000714_eq.npy
cv-valid-dev/sample-000716.mp3,5,1,14,..\dataset\mfcc_num\cv-valid-dev_sample-000716.npy,..\dataset\mfcc_spec\cv-valid-dev_sample-000716.png,..\dataset\mel_num\cv-valid-dev_sample-000716.npy,..\dataset\mel_spec\cv-valid-dev_sample-000716.png,..\dataset\mfcc_num_eq\cv-valid-dev_sample-000716_eq.npy,..\dataset\mel_num_eq\cv-valid-dev_sample-000716_eq.npy
cv-valid-dev/sample-000717.mp3,6,1,1,..\dataset\mfcc_num\cv-valid-dev_sample-000717.npy,..\dataset\mfcc_spec\cv-valid-dev_sample-000717.png,..\dataset\mel_num\cv-valid-dev_sample-000717.npy,..\dataset\mel_spec\cv-valid-dev_sample-000717.png,..\dataset\mfcc_num_eq\cv-valid-dev_sample-000717_eq.npy,..\dataset\mel_num_eq\cv-valid-dev_sample-000717_eq.npy
cv-valid-dev/sample-000719.mp3,6,1,14,..\dataset\mfcc_num\cv-valid-dev_sample-000719.npy,..\dataset\mfcc_spec\cv-valid-dev_sample-000719.png,..\dataset\mel_num\cv-valid-dev_sample-000719.npy,..\dataset\mel_spec\cv-valid-dev_sample-000719.png,..\dataset\mfcc_num_eq\cv-valid-dev_sample-000719_eq.npy,..\dataset\mel_num_eq\cv-valid-dev_sample-000719_eq.npy
cv-valid-dev/sample-000720.mp3,6,1,14,..\dataset\mfcc_num\cv-valid-dev_sample-000720.npy,..\dataset\mfcc_spec\cv-valid-dev_sample-000720.png,..\dataset\mel_num\cv-valid-dev_sample-000720.npy,..\dataset\mel_spec\cv-valid-dev_sample-000720.png,..\dataset\mfcc_num_eq\cv-valid-dev_sample-000720_eq.npy,..\dataset\mel_num_eq\cv-valid-dev_sample-000720_eq.npy
cv-valid-dev/sample-000721.mp3,2,1,4,..\dataset\mfcc_num\cv-valid-dev_sample-000721.npy,..\dataset\mfcc_spec\cv-valid-dev_sample-000721.png,..\dataset\mel_num\cv-valid-dev_sample-000721.npy,..\dataset\mel_spec\cv-valid-dev_sample-000721.png,..\dataset\mfcc_num_eq\cv-valid-dev_sample-000721_eq.npy,..\dataset\mel_num_eq\cv-valid-dev_sample-000721_eq.npy
cv-valid-dev/sample-000726.mp3,7,0,14,..\dataset\mfcc_num\cv-valid-dev_sample-000726.npy,..\dataset\mfcc_spec\cv-valid-dev_sample-000726.png,..\dataset\mel_num\cv-valid-dev_sample-000726.npy,..\dataset\mel_spec\cv-valid-dev_sample-000726.png,..\dataset\mfcc_num_eq\cv-valid-dev_sample-000726_eq.npy,..\dataset\mel_num_eq\cv-valid-dev_sample-000726_eq.npy
cv-valid-dev/sample-000729.mp3,3,1,1,..\dataset\mfcc_num\cv-valid-dev_sample-000729.npy,..\dataset\mfcc_spec\cv-valid-dev_sample-000729.png,..\dataset\mel_num\cv-valid-dev_sample-000729.npy,..\dataset\mel_spec\cv-valid-dev_sample-000729.png,..\dataset\mfcc_num_eq\cv-valid-dev_sample-000729_eq.npy,..\dataset\mel_num_eq\cv-valid-dev_sample-000729_eq.npy
cv-valid-dev/sample-000731.mp3,5,1,14,..\dataset\mfcc_num\cv-valid-dev_sample-000731.npy,..\dataset\mfcc_spec\cv-valid-dev_sample-000731.png,..\dataset\mel_num\cv-valid-dev_sample-000731.npy,..\dataset\mel_spec\cv-valid-dev_sample-000731.png,..\dataset\mfcc_num_eq\cv-valid-dev_sample-000731_eq.npy,..\dataset\mel_num_eq\cv-valid-dev_sample-000731_eq.npy
cv-valid-dev/sample-000740.mp3,6,1,3,..\dataset\mfcc_num\cv-valid-dev_sample-000740.npy,..\dataset\mfcc_spec\cv-valid-dev_sample-000740.png,..\dataset\mel_num\cv-valid-dev_sample-000740.npy,..\dataset\mel_spec\cv-valid-dev_sample-000740.png,..\dataset\mfcc_num_eq\cv-valid-dev_sample-000740_eq.npy,..\dataset\mel_num_eq\cv-valid-dev_sample-000740_eq.npy
cv-valid-dev/sample-000745.mp3,4,0,14,..\dataset\mfcc_num\cv-valid-dev_sample-000745.npy,..\dataset\mfcc_spec\cv-valid-dev_sample-000745.png,..\dataset\mel_num\cv-valid-dev_sample-000745.npy,..\dataset\mel_spec\cv-valid-dev_sample-000745.png,..\dataset\mfcc_num_eq\cv-valid-dev_sample-000745_eq.npy,..\dataset\mel_num_eq\cv-valid-dev_sample-000745_eq.npy
cv-valid-dev/sample-000747.mp3,7,1,14,..\dataset\mfcc_num\cv-valid-dev_sample-000747.npy,..\dataset\mfcc_spec\cv-valid-dev_sample-000747.png,..\dataset\mel_num\cv-valid-dev_sample-000747.npy,..\dataset\mel_spec\cv-valid-dev_sample-000747.png,..\dataset\mfcc_num_eq\cv-valid-dev_sample-000747_eq.npy,..\dataset\mel_num_eq\cv-valid-dev_sample-000747_eq.npy
cv-valid-dev/sample-000748.mp3,7,0,14,..\dataset\mfcc_num\cv-valid-dev_sample-000748.npy,..\dataset\mfcc_spec\cv-valid-dev_sample-000748.png,..\dataset\mel_num\cv-valid-dev_sample-000748.npy,..\dataset\mel_spec\cv-valid-dev_sample-000748.png,..\dataset\mfcc_num_eq\cv-valid-dev_sample-000748_eq.npy,..\dataset\mel_num_eq\cv-valid-dev_sample-000748_eq.npy
cv-valid-dev/sample-000750.mp3,1,0,14,..\dataset\mfcc_num\cv-valid-dev_sample-000750.npy,..\dataset\mfcc_spec\cv-valid-dev_sample-000750.png,..\dataset\mel_num\cv-valid-dev_sample-000750.npy,..\dataset\mel_spec\cv-valid-dev_sample-000750.png,..\dataset\mfcc_num_eq\cv-valid-dev_sample-000750_eq.npy,..\dataset\mel_num_eq\cv-valid-dev_sample-000750_eq.npy
cv-valid-dev/sample-000752.mp3,1,1,4,..\dataset\mfcc_num\cv-valid-dev_sample-000752.npy,..\dataset\mfcc_spec\cv-valid-dev_sample-000752.png,..\dataset\mel_num\cv-valid-dev_sample-000752.npy,..\dataset\mel_spec\cv-valid-dev_sample-000752.png,..\dataset\mfcc_num_eq\cv-valid-dev_sample-000752_eq.npy,..\dataset\mel_num_eq\cv-valid-dev_sample-000752_eq.npy
cv-valid-dev/sample-000755.mp3,1,1,4,..\dataset\mfcc_num\cv-valid-dev_sample-000755.npy,..\dataset\mfcc_spec\cv-valid-dev_sample-000755.png,..\dataset\mel_num\cv-valid-dev_sample-000755.npy,..\dataset\mel_spec\cv-valid-dev_sample-000755.png,..\dataset\mfcc_num_eq\cv-valid-dev_sample-000755_eq.npy,..\dataset\mel_num_eq\cv-valid-dev_sample-000755_eq.npy
cv-valid-dev/sample-000758.mp3,6,1,14,..\dataset\mfcc_num\cv-valid-dev_sample-000758.npy,..\dataset\mfcc_spec\cv-valid-dev_sample-000758.png,..\dataset\mel_num\cv-valid-dev_sample-000758.npy,..\dataset\mel_spec\cv-valid-dev_sample-000758.png,..\dataset\mfcc_num_eq\cv-valid-dev_sample-000758_eq.npy,..\dataset\mel_num_eq\cv-valid-dev_sample-000758_eq.npy
cv-valid-dev/sample-000759.mp3,2,0,14,..\dataset\mfcc_num\cv-valid-dev_sample-000759.npy,..\dataset\mfcc_spec\cv-valid-dev_sample-000759.png,..\dataset\mel_num\cv-valid-dev_sample-000759.npy,..\dataset\mel_spec\cv-valid-dev_sample-000759.png,..\dataset\mfcc_num_eq\cv-valid-dev_sample-000759_eq.npy,..\dataset\mel_num_eq\cv-valid-dev_sample-000759_eq.npy
cv-valid-dev/sample-000760.mp3,7,1,14,..\dataset\mfcc_num\cv-valid-dev_sample-000760.npy,..\dataset\mfcc_spec\cv-valid-dev_sample-000760.png,..\dataset\mel_num\cv-valid-dev_sample-000760.npy,..\dataset\mel_spec\cv-valid-dev_sample-000760.png,..\dataset\mfcc_num_eq\cv-valid-dev_sample-000760_eq.npy,..\dataset\mel_num_eq\cv-valid-dev_sample-000760_eq.npy
cv-valid-dev/sample-000763.mp3,6,1,11,..\dataset\mfcc_num\cv-valid-dev_sample-000763.npy,..\dataset\mfcc_spec\cv-valid-dev_sample-000763.png,..\dataset\mel_num\cv-valid-dev_sample-000763.npy,..\dataset\mel_spec\cv-valid-dev_sample-000763.png,..\dataset\mfcc_num_eq\cv-valid-dev_sample-000763_eq.npy,..\dataset\mel_num_eq\cv-valid-dev_sample-000763_eq.npy
cv-valid-dev/sample-000764.mp3,2,1,14,..\dataset\mfcc_num\cv-valid-dev_sample-000764.npy,..\dataset\mfcc_spec\cv-valid-dev_sample-000764.png,..\dataset\mel_num\cv-valid-dev_sample-000764.npy,..\dataset\mel_spec\cv-valid-dev_sample-000764.png,..\dataset\mfcc_num_eq\cv-valid-dev_sample-000764_eq.npy,..\dataset\mel_num_eq\cv-valid-dev_sample-000764_eq.npy
cv-valid-dev/sample-000766.mp3,7,1,4,..\dataset\mfcc_num\cv-valid-dev_sample-000766.npy,..\dataset\mfcc_spec\cv-valid-dev_sample-000766.png,..\dataset\mel_num\cv-valid-dev_sample-000766.npy,..\dataset\mel_spec\cv-valid-dev_sample-000766.png,..\dataset\mfcc_num_eq\cv-valid-dev_sample-000766_eq.npy,..\dataset\mel_num_eq\cv-valid-dev_sample-000766_eq.npy
cv-valid-dev/sample-000771.mp3,3,1,4,..\dataset\mfcc_num\cv-valid-dev_sample-000771.npy,..\dataset\mfcc_spec\cv-valid-dev_sample-000771.png,..\dataset\mel_num\cv-valid-dev_sample-000771.npy,..\dataset\mel_spec\cv-valid-dev_sample-000771.png,..\dataset\mfcc_num_eq\cv-valid-dev_sample-000771_eq.npy,..\dataset\mel_num_eq\cv-valid-dev_sample-000771_eq.npy
cv-valid-dev/sample-000780.mp3,6,0,4,..\dataset\mfcc_num\cv-valid-dev_sample-000780.npy,..\dataset\mfcc_spec\cv-valid-dev_sample-000780.png,..\dataset\mel_num\cv-valid-dev_sample-000780.npy,..\dataset\mel_spec\cv-valid-dev_sample-000780.png,..\dataset\mfcc_num_eq\cv-valid-dev_sample-000780_eq.npy,..\dataset\mel_num_eq\cv-valid-dev_sample-000780_eq.npy
cv-valid-dev/sample-000782.mp3,1,0,1,..\dataset\mfcc_num\cv-valid-dev_sample-000782.npy,..\dataset\mfcc_spec\cv-valid-dev_sample-000782.png,..\dataset\mel_num\cv-valid-dev_sample-000782.npy,..\dataset\mel_spec\cv-valid-dev_sample-000782.png,..\dataset\mfcc_num_eq\cv-valid-dev_sample-000782_eq.npy,..\dataset\mel_num_eq\cv-valid-dev_sample-000782_eq.npy
cv-valid-dev/sample-000785.mp3,3,1,4,..\dataset\mfcc_num\cv-valid-dev_sample-000785.npy,..\dataset\mfcc_spec\cv-valid-dev_sample-000785.png,..\dataset\mel_num\cv-valid-dev_sample-000785.npy,..\dataset\mel_spec\cv-valid-dev_sample-000785.png,..\dataset\mfcc_num_eq\cv-valid-dev_sample-000785_eq.npy,..\dataset\mel_num_eq\cv-valid-dev_sample-000785_eq.npy
cv-valid-dev/sample-000787.mp3,5,0,14,..\dataset\mfcc_num\cv-valid-dev_sample-000787.npy,..\dataset\mfcc_spec\cv-valid-dev_sample-000787.png,..\dataset\mel_num\cv-valid-dev_sample-000787.npy,..\dataset\mel_spec\cv-valid-dev_sample-000787.png,..\dataset\mfcc_num_eq\cv-valid-dev_sample-000787_eq.npy,..\dataset\mel_num_eq\cv-valid-dev_sample-000787_eq.npy
cv-valid-dev/sample-000789.mp3,7,1,14,..\dataset\mfcc_num\cv-valid-dev_sample-000789.npy,..\dataset\mfcc_spec\cv-valid-dev_sample-000789.png,..\dataset\mel_num\cv-valid-dev_sample-000789.npy,..\dataset\mel_spec\cv-valid-dev_sample-000789.png,..\dataset\mfcc_num_eq\cv-valid-dev_sample-000789_eq.npy,..\dataset\mel_num_eq\cv-valid-dev_sample-000789_eq.npy
cv-valid-dev/sample-000790.mp3,6,1,1,..\dataset\mfcc_num\cv-valid-dev_sample-000790.npy,..\dataset\mfcc_spec\cv-valid-dev_sample-000790.png,..\dataset\mel_num\cv-valid-dev_sample-000790.npy,..\dataset\mel_spec\cv-valid-dev_sample-000790.png,..\dataset\mfcc_num_eq\cv-valid-dev_sample-000790_eq.npy,..\dataset\mel_num_eq\cv-valid-dev_sample-000790_eq.npy
cv-valid-dev/sample-000791.mp3,6,0,14,..\dataset\mfcc_num\cv-valid-dev_sample-000791.npy,..\dataset\mfcc_spec\cv-valid-dev_sample-000791.png,..\dataset\mel_num\cv-valid-dev_sample-000791.npy,..\dataset\mel_spec\cv-valid-dev_sample-000791.png,..\dataset\mfcc_num_eq\cv-valid-dev_sample-000791_eq.npy,..\dataset\mel_num_eq\cv-valid-dev_sample-000791_eq.npy
cv-valid-dev/sample-000792.mp3,1,0,14,..\dataset\mfcc_num\cv-valid-dev_sample-000792.npy,..\dataset\mfcc_spec\cv-valid-dev_sample-000792.png,..\dataset\mel_num\cv-valid-dev_sample-000792.npy,..\dataset\mel_spec\cv-valid-dev_sample-000792.png,..\dataset\mfcc_num_eq\cv-valid-dev_sample-000792_eq.npy,..\dataset\mel_num_eq\cv-valid-dev_sample-000792_eq.npy
cv-valid-dev/sample-000793.mp3,7,1,14,..\dataset\mfcc_num\cv-valid-dev_sample-000793.npy,..\dataset\mfcc_spec\cv-valid-dev_sample-000793.png,..\dataset\mel_num\cv-valid-dev_sample-000793.npy,..\dataset\mel_spec\cv-valid-dev_sample-000793.png,..\dataset\mfcc_num_eq\cv-valid-dev_sample-000793_eq.npy,..\dataset\mel_num_eq\cv-valid-dev_sample-000793_eq.npy
cv-valid-dev/sample-000794.mp3,6,1,4,..\dataset\mfcc_num\cv-valid-dev_sample-000794.npy,..\dataset\mfcc_spec\cv-valid-dev_sample-000794.png,..\dataset\mel_num\cv-valid-dev_sample-000794.npy,..\dataset\mel_spec\cv-valid-dev_sample-000794.png,..\dataset\mfcc_num_eq\cv-valid-dev_sample-000794_eq.npy,..\dataset\mel_num_eq\cv-valid-dev_sample-000794_eq.npy
cv-valid-dev/sample-000798.mp3,7,1,6,..\dataset\mfcc_num\cv-valid-dev_sample-000798.npy,..\dataset\mfcc_spec\cv-valid-dev_sample-000798.png,..\dataset\mel_num\cv-valid-dev_sample-000798.npy,..\dataset\mel_spec\cv-valid-dev_sample-000798.png,..\dataset\mfcc_num_eq\cv-valid-dev_sample-000798_eq.npy,..\dataset\mel_num_eq\cv-valid-dev_sample-000798_eq.npy
cv-valid-dev/sample-000801.mp3,6,0,4,..\dataset\mfcc_num\cv-valid-dev_sample-000801.npy,..\dataset\mfcc_spec\cv-valid-dev_sample-000801.png,..\dataset\mel_num\cv-valid-dev_sample-000801.npy,..\dataset\mel_spec\cv-valid-dev_sample-000801.png,..\dataset\mfcc_num_eq\cv-valid-dev_sample-000801_eq.npy,..\dataset\mel_num_eq\cv-valid-dev_sample-000801_eq.npy
cv-valid-dev/sample-000803.mp3,1,0,14,..\dataset\mfcc_num\cv-valid-dev_sample-000803.npy,..\dataset\mfcc_spec\cv-valid-dev_sample-000803.png,..\dataset\mel_num\cv-valid-dev_sample-000803.npy,..\dataset\mel_spec\cv-valid-dev_sample-000803.png,..\dataset\mfcc_num_eq\cv-valid-dev_sample-000803_eq.npy,..\dataset\mel_num_eq\cv-valid-dev_sample-000803_eq.npy
cv-valid-dev/sample-000806.mp3,6,1,6,..\dataset\mfcc_num\cv-valid-dev_sample-000806.npy,..\dataset\mfcc_spec\cv-valid-dev_sample-000806.png,..\dataset\mel_num\cv-valid-dev_sample-000806.npy,..\dataset\mel_spec\cv-valid-dev_sample-000806.png,..\dataset\mfcc_num_eq\cv-valid-dev_sample-000806_eq.npy,..\dataset\mel_num_eq\cv-valid-dev_sample-000806_eq.npy
cv-valid-dev/sample-000809.mp3,1,0,14,..\dataset\mfcc_num\cv-valid-dev_sample-000809.npy,..\dataset\mfcc_spec\cv-valid-dev_sample-000809.png,..\dataset\mel_num\cv-valid-dev_sample-000809.npy,..\dataset\mel_spec\cv-valid-dev_sample-000809.png,..\dataset\mfcc_num_eq\cv-valid-dev_sample-000809_eq.npy,..\dataset\mel_num_eq\cv-valid-dev_sample-000809_eq.npy
cv-valid-dev/sample-000811.mp3,6,1,4,..\dataset\mfcc_num\cv-valid-dev_sample-000811.npy,..\dataset\mfcc_spec\cv-valid-dev_sample-000811.png,..\dataset\mel_num\cv-valid-dev_sample-000811.npy,..\dataset\mel_spec\cv-valid-dev_sample-000811.png,..\dataset\mfcc_num_eq\cv-valid-dev_sample-000811_eq.npy,..\dataset\mel_num_eq\cv-valid-dev_sample-000811_eq.npy
cv-valid-dev/sample-000814.mp3,1,1,11,..\dataset\mfcc_num\cv-valid-dev_sample-000814.npy,..\dataset\mfcc_spec\cv-valid-dev_sample-000814.png,..\dataset\mel_num\cv-valid-dev_sample-000814.npy,..\dataset\mel_spec\cv-valid-dev_sample-000814.png,..\dataset\mfcc_num_eq\cv-valid-dev_sample-000814_eq.npy,..\dataset\mel_num_eq\cv-valid-dev_sample-000814_eq.npy
cv-valid-dev/sample-000815.mp3,2,1,3,..\dataset\mfcc_num\cv-valid-dev_sample-000815.npy,..\dataset\mfcc_spec\cv-valid-dev_sample-000815.png,..\dataset\mel_num\cv-valid-dev_sample-000815.npy,..\dataset\mel_spec\cv-valid-dev_sample-000815.png,..\dataset\mfcc_num_eq\cv-valid-dev_sample-000815_eq.npy,..\dataset\mel_num_eq\cv-valid-dev_sample-000815_eq.npy
cv-valid-dev/sample-000819.mp3,6,1,9,..\dataset\mfcc_num\cv-valid-dev_sample-000819.npy,..\dataset\mfcc_spec\cv-valid-dev_sample-000819.png,..\dataset\mel_num\cv-valid-dev_sample-000819.npy,..\dataset\mel_spec\cv-valid-dev_sample-000819.png,..\dataset\mfcc_num_eq\cv-valid-dev_sample-000819_eq.npy,..\dataset\mel_num_eq\cv-valid-dev_sample-000819_eq.npy
cv-valid-dev/sample-000822.mp3,6,1,13,..\dataset\mfcc_num\cv-valid-dev_sample-000822.npy,..\dataset\mfcc_spec\cv-valid-dev_sample-000822.png,..\dataset\mel_num\cv-valid-dev_sample-000822.npy,..\dataset\mel_spec\cv-valid-dev_sample-000822.png,..\dataset\mfcc_num_eq\cv-valid-dev_sample-000822_eq.npy,..\dataset\mel_num_eq\cv-valid-dev_sample-000822_eq.npy
cv-valid-dev/sample-000828.mp3,7,0,6,..\dataset\mfcc_num\cv-valid-dev_sample-000828.npy,..\dataset\mfcc_spec\cv-valid-dev_sample-000828.png,..\dataset\mel_num\cv-valid-dev_sample-000828.npy,..\dataset\mel_spec\cv-valid-dev_sample-000828.png,..\dataset\mfcc_num_eq\cv-valid-dev_sample-000828_eq.npy,..\dataset\mel_num_eq\cv-valid-dev_sample-000828_eq.npy
cv-valid-dev/sample-000832.mp3,1,0,1,..\dataset\mfcc_num\cv-valid-dev_sample-000832.npy,..\dataset\mfcc_spec\cv-valid-dev_sample-000832.png,..\dataset\mel_num\cv-valid-dev_sample-000832.npy,..\dataset\mel_spec\cv-valid-dev_sample-000832.png,..\dataset\mfcc_num_eq\cv-valid-dev_sample-000832_eq.npy,..\dataset\mel_num_eq\cv-valid-dev_sample-000832_eq.npy
cv-valid-dev/sample-000838.mp3,6,1,1,..\dataset\mfcc_num\cv-valid-dev_sample-000838.npy,..\dataset\mfcc_spec\cv-valid-dev_sample-000838.png,..\dataset\mel_num\cv-valid-dev_sample-000838.npy,..\dataset\mel_spec\cv-valid-dev_sample-000838.png,..\dataset\mfcc_num_eq\cv-valid-dev_sample-000838_eq.npy,..\dataset\mel_num_eq\cv-valid-dev_sample-000838_eq.npy
cv-valid-dev/sample-000843.mp3,6,1,6,..\dataset\mfcc_num\cv-valid-dev_sample-000843.npy,..\dataset\mfcc_spec\cv-valid-dev_sample-000843.png,..\dataset\mel_num\cv-valid-dev_sample-000843.npy,..\dataset\mel_spec\cv-valid-dev_sample-000843.png,..\dataset\mfcc_num_eq\cv-valid-dev_sample-000843_eq.npy,..\dataset\mel_num_eq\cv-valid-dev_sample-000843_eq.npy
cv-valid-dev/sample-000845.mp3,5,1,14,..\dataset\mfcc_num\cv-valid-dev_sample-000845.npy,..\dataset\mfcc_spec\cv-valid-dev_sample-000845.png,..\dataset\mel_num\cv-valid-dev_sample-000845.npy,..\dataset\mel_spec\cv-valid-dev_sample-000845.png,..\dataset\mfcc_num_eq\cv-valid-dev_sample-000845_eq.npy,..\dataset\mel_num_eq\cv-valid-dev_sample-000845_eq.npy
cv-valid-dev/sample-000846.mp3,6,0,9,..\dataset\mfcc_num\cv-valid-dev_sample-000846.npy,..\dataset\mfcc_spec\cv-valid-dev_sample-000846.png,..\dataset\mel_num\cv-valid-dev_sample-000846.npy,..\dataset\mel_spec\cv-valid-dev_sample-000846.png,..\dataset\mfcc_num_eq\cv-valid-dev_sample-000846_eq.npy,..\dataset\mel_num_eq\cv-valid-dev_sample-000846_eq.npy
cv-valid-dev/sample-000847.mp3,7,1,14,..\dataset\mfcc_num\cv-valid-dev_sample-000847.npy,..\dataset\mfcc_spec\cv-valid-dev_sample-000847.png,..\dataset\mel_num\cv-valid-dev_sample-000847.npy,..\dataset\mel_spec\cv-valid-dev_sample-000847.png,..\dataset\mfcc_num_eq\cv-valid-dev_sample-000847_eq.npy,..\dataset\mel_num_eq\cv-valid-dev_sample-000847_eq.npy
cv-valid-dev/sample-000851.mp3,1,0,1,..\dataset\mfcc_num\cv-valid-dev_sample-000851.npy,..\dataset\mfcc_spec\cv-valid-dev_sample-000851.png,..\dataset\mel_num\cv-valid-dev_sample-000851.npy,..\dataset\mel_spec\cv-valid-dev_sample-000851.png,..\dataset\mfcc_num_eq\cv-valid-dev_sample-000851_eq.npy,..\dataset\mel_num_eq\cv-valid-dev_sample-000851_eq.npy
cv-valid-dev/sample-000852.mp3,6,1,14,..\dataset\mfcc_num\cv-valid-dev_sample-000852.npy,..\dataset\mfcc_spec\cv-valid-dev_sample-000852.png,..\dataset\mel_num\cv-valid-dev_sample-000852.npy,..\dataset\mel_spec\cv-valid-dev_sample-000852.png,..\dataset\mfcc_num_eq\cv-valid-dev_sample-000852_eq.npy,..\dataset\mel_num_eq\cv-valid-dev_sample-000852_eq.npy
cv-valid-dev/sample-000855.mp3,2,1,14,..\dataset\mfcc_num\cv-valid-dev_sample-000855.npy,..\dataset\mfcc_spec\cv-valid-dev_sample-000855.png,..\dataset\mel_num\cv-valid-dev_sample-000855.npy,..\dataset\mel_spec\cv-valid-dev_sample-000855.png,..\dataset\mfcc_num_eq\cv-valid-dev_sample-000855_eq.npy,..\dataset\mel_num_eq\cv-valid-dev_sample-000855_eq.npy
cv-valid-dev/sample-000856.mp3,7,0,14,..\dataset\mfcc_num\cv-valid-dev_sample-000856.npy,..\dataset\mfcc_spec\cv-valid-dev_sample-000856.png,..\dataset\mel_num\cv-valid-dev_sample-000856.npy,..\dataset\mel_spec\cv-valid-dev_sample-000856.png,..\dataset\mfcc_num_eq\cv-valid-dev_sample-000856_eq.npy,..\dataset\mel_num_eq\cv-valid-dev_sample-000856_eq.npy
cv-valid-dev/sample-000857.mp3,4,1,9,..\dataset\mfcc_num\cv-valid-dev_sample-000857.npy,..\dataset\mfcc_spec\cv-valid-dev_sample-000857.png,..\dataset\mel_num\cv-valid-dev_sample-000857.npy,..\dataset\mel_spec\cv-valid-dev_sample-000857.png,..\dataset\mfcc_num_eq\cv-valid-dev_sample-000857_eq.npy,..\dataset\mel_num_eq\cv-valid-dev_sample-000857_eq.npy
cv-valid-dev/sample-000860.mp3,7,1,4,..\dataset\mfcc_num\cv-valid-dev_sample-000860.npy,..\dataset\mfcc_spec\cv-valid-dev_sample-000860.png,..\dataset\mel_num\cv-valid-dev_sample-000860.npy,..\dataset\mel_spec\cv-valid-dev_sample-000860.png,..\dataset\mfcc_num_eq\cv-valid-dev_sample-000860_eq.npy,..\dataset\mel_num_eq\cv-valid-dev_sample-000860_eq.npy
cv-valid-dev/sample-000861.mp3,6,1,4,..\dataset\mfcc_num\cv-valid-dev_sample-000861.npy,..\dataset\mfcc_spec\cv-valid-dev_sample-000861.png,..\dataset\mel_num\cv-valid-dev_sample-000861.npy,..\dataset\mel_spec\cv-valid-dev_sample-000861.png,..\dataset\mfcc_num_eq\cv-valid-dev_sample-000861_eq.npy,..\dataset\mel_num_eq\cv-valid-dev_sample-000861_eq.npy
cv-valid-dev/sample-000865.mp3,2,1,14,..\dataset\mfcc_num\cv-valid-dev_sample-000865.npy,..\dataset\mfcc_spec\cv-valid-dev_sample-000865.png,..\dataset\mel_num\cv-valid-dev_sample-000865.npy,..\dataset\mel_spec\cv-valid-dev_sample-000865.png,..\dataset\mfcc_num_eq\cv-valid-dev_sample-000865_eq.npy,..\dataset\mel_num_eq\cv-valid-dev_sample-000865_eq.npy
cv-valid-dev/sample-000870.mp3,1,0,14,..\dataset\mfcc_num\cv-valid-dev_sample-000870.npy,..\dataset\mfcc_spec\cv-valid-dev_sample-000870.png,..\dataset\mel_num\cv-valid-dev_sample-000870.npy,..\dataset\mel_spec\cv-valid-dev_sample-000870.png,..\dataset\mfcc_num_eq\cv-valid-dev_sample-000870_eq.npy,..\dataset\mel_num_eq\cv-valid-dev_sample-000870_eq.npy
cv-valid-dev/sample-000875.mp3,6,1,11,..\dataset\mfcc_num\cv-valid-dev_sample-000875.npy,..\dataset\mfcc_spec\cv-valid-dev_sample-000875.png,..\dataset\mel_num\cv-valid-dev_sample-000875.npy,..\dataset\mel_spec\cv-valid-dev_sample-000875.png,..\dataset\mfcc_num_eq\cv-valid-dev_sample-000875_eq.npy,..\dataset\mel_num_eq\cv-valid-dev_sample-000875_eq.npy
cv-valid-dev/sample-000877.mp3,5,0,3,..\dataset\mfcc_num\cv-valid-dev_sample-000877.npy,..\dataset\mfcc_spec\cv-valid-dev_sample-000877.png,..\dataset\mel_num\cv-valid-dev_sample-000877.npy,..\dataset\mel_spec\cv-valid-dev_sample-000877.png,..\dataset\mfcc_num_eq\cv-valid-dev_sample-000877_eq.npy,..\dataset\mel_num_eq\cv-valid-dev_sample-000877_eq.npy
cv-valid-dev/sample-000880.mp3,2,1,14,..\dataset\mfcc_num\cv-valid-dev_sample-000880.npy,..\dataset\mfcc_spec\cv-valid-dev_sample-000880.png,..\dataset\mel_num\cv-valid-dev_sample-000880.npy,..\dataset\mel_spec\cv-valid-dev_sample-000880.png,..\dataset\mfcc_num_eq\cv-valid-dev_sample-000880_eq.npy,..\dataset\mel_num_eq\cv-valid-dev_sample-000880_eq.npy
cv-valid-dev/sample-000881.mp3,7,0,3,..\dataset\mfcc_num\cv-valid-dev_sample-000881.npy,..\dataset\mfcc_spec\cv-valid-dev_sample-000881.png,..\dataset\mel_num\cv-valid-dev_sample-000881.npy,..\dataset\mel_spec\cv-valid-dev_sample-000881.png,..\dataset\mfcc_num_eq\cv-valid-dev_sample-000881_eq.npy,..\dataset\mel_num_eq\cv-valid-dev_sample-000881_eq.npy
cv-valid-dev/sample-000891.mp3,2,0,14,..\dataset\mfcc_num\cv-valid-dev_sample-000891.npy,..\dataset\mfcc_spec\cv-valid-dev_sample-000891.png,..\dataset\mel_num\cv-valid-dev_sample-000891.npy,..\dataset\mel_spec\cv-valid-dev_sample-000891.png,..\dataset\mfcc_num_eq\cv-valid-dev_sample-000891_eq.npy,..\dataset\mel_num_eq\cv-valid-dev_sample-000891_eq.npy
cv-valid-dev/sample-000893.mp3,2,0,14,..\dataset\mfcc_num\cv-valid-dev_sample-000893.npy,..\dataset\mfcc_spec\cv-valid-dev_sample-000893.png,..\dataset\mel_num\cv-valid-dev_sample-000893.npy,..\dataset\mel_spec\cv-valid-dev_sample-000893.png,..\dataset\mfcc_num_eq\cv-valid-dev_sample-000893_eq.npy,..\dataset\mel_num_eq\cv-valid-dev_sample-000893_eq.npy
cv-valid-dev/sample-000909.mp3,2,1,3,..\dataset\mfcc_num\cv-valid-dev_sample-000909.npy,..\dataset\mfcc_spec\cv-valid-dev_sample-000909.png,..\dataset\mel_num\cv-valid-dev_sample-000909.npy,..\dataset\mel_spec\cv-valid-dev_sample-000909.png,..\dataset\mfcc_num_eq\cv-valid-dev_sample-000909_eq.npy,..\dataset\mel_num_eq\cv-valid-dev_sample-000909_eq.npy
cv-valid-dev/sample-000912.mp3,6,1,4,..\dataset\mfcc_num\cv-valid-dev_sample-000912.npy,..\dataset\mfcc_spec\cv-valid-dev_sample-000912.png,..\dataset\mel_num\cv-valid-dev_sample-000912.npy,..\dataset\mel_spec\cv-valid-dev_sample-000912.png,..\dataset\mfcc_num_eq\cv-valid-dev_sample-000912_eq.npy,..\dataset\mel_num_eq\cv-valid-dev_sample-000912_eq.npy
cv-valid-dev/sample-000913.mp3,7,1,14,..\dataset\mfcc_num\cv-valid-dev_sample-000913.npy,..\dataset\mfcc_spec\cv-valid-dev_sample-000913.png,..\dataset\mel_num\cv-valid-dev_sample-000913.npy,..\dataset\mel_spec\cv-valid-dev_sample-000913.png,..\dataset\mfcc_num_eq\cv-valid-dev_sample-000913_eq.npy,..\dataset\mel_num_eq\cv-valid-dev_sample-000913_eq.npy
cv-valid-dev/sample-000915.mp3,1,0,6,..\dataset\mfcc_num\cv-valid-dev_sample-000915.npy,..\dataset\mfcc_spec\cv-valid-dev_sample-000915.png,..\dataset\mel_num\cv-valid-dev_sample-000915.npy,..\dataset\mel_spec\cv-valid-dev_sample-000915.png,..\dataset\mfcc_num_eq\cv-valid-dev_sample-000915_eq.npy,..\dataset\mel_num_eq\cv-valid-dev_sample-000915_eq.npy
cv-valid-dev/sample-000919.mp3,7,1,6,..\dataset\mfcc_num\cv-valid-dev_sample-000919.npy,..\dataset\mfcc_spec\cv-valid-dev_sample-000919.png,..\dataset\mel_num\cv-valid-dev_sample-000919.npy,..\dataset\mel_spec\cv-valid-dev_sample-000919.png,..\dataset\mfcc_num_eq\cv-valid-dev_sample-000919_eq.npy,..\dataset\mel_num_eq\cv-valid-dev_sample-000919_eq.npy
cv-valid-dev/sample-000923.mp3,7,1,7,..\dataset\mfcc_num\cv-valid-dev_sample-000923.npy,..\dataset\mfcc_spec\cv-valid-dev_sample-000923.png,..\dataset\mel_num\cv-valid-dev_sample-000923.npy,..\dataset\mel_spec\cv-valid-dev_sample-000923.png,..\dataset\mfcc_num_eq\cv-valid-dev_sample-000923_eq.npy,..\dataset\mel_num_eq\cv-valid-dev_sample-000923_eq.npy
cv-valid-dev/sample-000926.mp3,2,1,14,..\dataset\mfcc_num\cv-valid-dev_sample-000926.npy,..\dataset\mfcc_spec\cv-valid-dev_sample-000926.png,..\dataset\mel_num\cv-valid-dev_sample-000926.npy,..\dataset\mel_spec\cv-valid-dev_sample-000926.png,..\dataset\mfcc_num_eq\cv-valid-dev_sample-000926_eq.npy,..\dataset\mel_num_eq\cv-valid-dev_sample-000926_eq.npy
cv-valid-dev/sample-000929.mp3,5,0,4,..\dataset\mfcc_num\cv-valid-dev_sample-000929.npy,..\dataset\mfcc_spec\cv-valid-dev_sample-000929.png,..\dataset\mel_num\cv-valid-dev_sample-000929.npy,..\dataset\mel_spec\cv-valid-dev_sample-000929.png,..\dataset\mfcc_num_eq\cv-valid-dev_sample-000929_eq.npy,..\dataset\mel_num_eq\cv-valid-dev_sample-000929_eq.npy
cv-valid-dev/sample-000934.mp3,6,1,14,..\dataset\mfcc_num\cv-valid-dev_sample-000934.npy,..\dataset\mfcc_spec\cv-valid-dev_sample-000934.png,..\dataset\mel_num\cv-valid-dev_sample-000934.npy,..\dataset\mel_spec\cv-valid-dev_sample-000934.png,..\dataset\mfcc_num_eq\cv-valid-dev_sample-000934_eq.npy,..\dataset\mel_num_eq\cv-valid-dev_sample-000934_eq.npy
cv-valid-dev/sample-000935.mp3,7,1,4,..\dataset\mfcc_num\cv-valid-dev_sample-000935.npy,..\dataset\mfcc_spec\cv-valid-dev_sample-000935.png,..\dataset\mel_num\cv-valid-dev_sample-000935.npy,..\dataset\mel_spec\cv-valid-dev_sample-000935.png,..\dataset\mfcc_num_eq\cv-valid-dev_sample-000935_eq.npy,..\dataset\mel_num_eq\cv-valid-dev_sample-000935_eq.npy
cv-valid-dev/sample-000936.mp3,6,0,4,..\dataset\mfcc_num\cv-valid-dev_sample-000936.npy,..\dataset\mfcc_spec\cv-valid-dev_sample-000936.png,..\dataset\mel_num\cv-valid-dev_sample-000936.npy,..\dataset\mel_spec\cv-valid-dev_sample-000936.png,..\dataset\mfcc_num_eq\cv-valid-dev_sample-000936_eq.npy,..\dataset\mel_num_eq\cv-valid-dev_sample-000936_eq.npy
cv-valid-dev/sample-000941.mp3,6,1,4,..\dataset\mfcc_num\cv-valid-dev_sample-000941.npy,..\dataset\mfcc_spec\cv-valid-dev_sample-000941.png,..\dataset\mel_num\cv-valid-dev_sample-000941.npy,..\dataset\mel_spec\cv-valid-dev_sample-000941.png,..\dataset\mfcc_num_eq\cv-valid-dev_sample-000941_eq.npy,..\dataset\mel_num_eq\cv-valid-dev_sample-000941_eq.npy
cv-valid-dev/sample-000946.mp3,6,1,14,..\dataset\mfcc_num\cv-valid-dev_sample-000946.npy,..\dataset\mfcc_spec\cv-valid-dev_sample-000946.png,..\dataset\mel_num\cv-valid-dev_sample-000946.npy,..\dataset\mel_spec\cv-valid-dev_sample-000946.png,..\dataset\mfcc_num_eq\cv-valid-dev_sample-000946_eq.npy,..\dataset\mel_num_eq\cv-valid-dev_sample-000946_eq.npy
cv-valid-dev/sample-000950.mp3,2,0,14,..\dataset\mfcc_num\cv-valid-dev_sample-000950.npy,..\dataset\mfcc_spec\cv-valid-dev_sample-000950.png,..\dataset\mel_num\cv-valid-dev_sample-000950.npy,..\dataset\mel_spec\cv-valid-dev_sample-000950.png,..\dataset\mfcc_num_eq\cv-valid-dev_sample-000950_eq.npy,..\dataset\mel_num_eq\cv-valid-dev_sample-000950_eq.npy
cv-valid-dev/sample-000952.mp3,6,0,14,..\dataset\mfcc_num\cv-valid-dev_sample-000952.npy,..\dataset\mfcc_spec\cv-valid-dev_sample-000952.png,..\dataset\mel_num\cv-valid-dev_sample-000952.npy,..\dataset\mel_spec\cv-valid-dev_sample-000952.png,..\dataset\mfcc_num_eq\cv-valid-dev_sample-000952_eq.npy,..\dataset\mel_num_eq\cv-valid-dev_sample-000952_eq.npy
cv-valid-dev/sample-000955.mp3,2,1,4,..\dataset\mfcc_num\cv-valid-dev_sample-000955.npy,..\dataset\mfcc_spec\cv-valid-dev_sample-000955.png,..\dataset\mel_num\cv-valid-dev_sample-000955.npy,..\dataset\mel_spec\cv-valid-dev_sample-000955.png,..\dataset\mfcc_num_eq\cv-valid-dev_sample-000955_eq.npy,..\dataset\mel_num_eq\cv-valid-dev_sample-000955_eq.npy
cv-valid-dev/sample-000956.mp3,2,0,4,..\dataset\mfcc_num\cv-valid-dev_sample-000956.npy,..\dataset\mfcc_spec\cv-valid-dev_sample-000956.png,..\dataset\mel_num\cv-valid-dev_sample-000956.npy,..\dataset\mel_spec\cv-valid-dev_sample-000956.png,..\dataset\mfcc_num_eq\cv-valid-dev_sample-000956_eq.npy,..\dataset\mel_num_eq\cv-valid-dev_sample-000956_eq.npy
cv-valid-dev/sample-000968.mp3,6,0,3,..\dataset\mfcc_num\cv-valid-dev_sample-000968.npy,..\dataset\mfcc_spec\cv-valid-dev_sample-000968.png,..\dataset\mel_num\cv-valid-dev_sample-000968.npy,..\dataset\mel_spec\cv-valid-dev_sample-000968.png,..\dataset\mfcc_num_eq\cv-valid-dev_sample-000968_eq.npy,..\dataset\mel_num_eq\cv-valid-dev_sample-000968_eq.npy
cv-valid-dev/sample-000969.mp3,5,1,14,..\dataset\mfcc_num\cv-valid-dev_sample-000969.npy,..\dataset\mfcc_spec\cv-valid-dev_sample-000969.png,..\dataset\mel_num\cv-valid-dev_sample-000969.npy,..\dataset\mel_spec\cv-valid-dev_sample-000969.png,..\dataset\mfcc_num_eq\cv-valid-dev_sample-000969_eq.npy,..\dataset\mel_num_eq\cv-valid-dev_sample-000969_eq.npy
cv-valid-dev/sample-000972.mp3,7,0,14,..\dataset\mfcc_num\cv-valid-dev_sample-000972.npy,..\dataset\mfcc_spec\cv-valid-dev_sample-000972.png,..\dataset\mel_num\cv-valid-dev_sample-000972.npy,..\dataset\mel_spec\cv-valid-dev_sample-000972.png,..\dataset\mfcc_num_eq\cv-valid-dev_sample-000972_eq.npy,..\dataset\mel_num_eq\cv-valid-dev_sample-000972_eq.npy
cv-valid-dev/sample-000980.mp3,6,1,14,..\dataset\mfcc_num\cv-valid-dev_sample-000980.npy,..\dataset\mfcc_spec\cv-valid-dev_sample-000980.png,..\dataset\mel_num\cv-valid-dev_sample-000980.npy,..\dataset\mel_spec\cv-valid-dev_sample-000980.png,..\dataset\mfcc_num_eq\cv-valid-dev_sample-000980_eq.npy,..\dataset\mel_num_eq\cv-valid-dev_sample-000980_eq.npy
cv-valid-dev/sample-000981.mp3,4,1,14,..\dataset\mfcc_num\cv-valid-dev_sample-000981.npy,..\dataset\mfcc_spec\cv-valid-dev_sample-000981.png,..\dataset\mel_num\cv-valid-dev_sample-000981.npy,..\dataset\mel_spec\cv-valid-dev_sample-000981.png,..\dataset\mfcc_num_eq\cv-valid-dev_sample-000981_eq.npy,..\dataset\mel_num_eq\cv-valid-dev_sample-000981_eq.npy
cv-valid-dev/sample-000984.mp3,6,1,4,..\dataset\mfcc_num\cv-valid-dev_sample-000984.npy,..\dataset\mfcc_spec\cv-valid-dev_sample-000984.png,..\dataset\mel_num\cv-valid-dev_sample-000984.npy,..\dataset\mel_spec\cv-valid-dev_sample-000984.png,..\dataset\mfcc_num_eq\cv-valid-dev_sample-000984_eq.npy,..\dataset\mel_num_eq\cv-valid-dev_sample-000984_eq.npy
cv-valid-dev/sample-000985.mp3,2,1,3,..\dataset\mfcc_num\cv-valid-dev_sample-000985.npy,..\dataset\mfcc_spec\cv-valid-dev_sample-000985.png,..\dataset\mel_num\cv-valid-dev_sample-000985.npy,..\dataset\mel_spec\cv-valid-dev_sample-000985.png,..\dataset\mfcc_num_eq\cv-valid-dev_sample-000985_eq.npy,..\dataset\mel_num_eq\cv-valid-dev_sample-000985_eq.npy
cv-valid-dev/sample-000986.mp3,2,1,9,..\dataset\mfcc_num\cv-valid-dev_sample-000986.npy,..\dataset\mfcc_spec\cv-valid-dev_sample-000986.png,..\dataset\mel_num\cv-valid-dev_sample-000986.npy,..\dataset\mel_spec\cv-valid-dev_sample-000986.png,..\dataset\mfcc_num_eq\cv-valid-dev_sample-000986_eq.npy,..\dataset\mel_num_eq\cv-valid-dev_sample-000986_eq.npy
cv-valid-dev/sample-000988.mp3,3,1,3,..\dataset\mfcc_num\cv-valid-dev_sample-000988.npy,..\dataset\mfcc_spec\cv-valid-dev_sample-000988.png,..\dataset\mel_num\cv-valid-dev_sample-000988.npy,..\dataset\mel_spec\cv-valid-dev_sample-000988.png,..\dataset\mfcc_num_eq\cv-valid-dev_sample-000988_eq.npy,..\dataset\mel_num_eq\cv-valid-dev_sample-000988_eq.npy
cv-valid-dev/sample-000989.mp3,6,1,14,..\dataset\mfcc_num\cv-valid-dev_sample-000989.npy,..\dataset\mfcc_spec\cv-valid-dev_sample-000989.png,..\dataset\mel_num\cv-valid-dev_sample-000989.npy,..\dataset\mel_spec\cv-valid-dev_sample-000989.png,..\dataset\mfcc_num_eq\cv-valid-dev_sample-000989_eq.npy,..\dataset\mel_num_eq\cv-valid-dev_sample-000989_eq.npy
cv-valid-dev/sample-000997.mp3,3,1,4,..\dataset\mfcc_num\cv-valid-dev_sample-000997.npy,..\dataset\mfcc_spec\cv-valid-dev_sample-000997.png,..\dataset\mel_num\cv-valid-dev_sample-000997.npy,..\dataset\mel_spec\cv-valid-dev_sample-000997.png,..\dataset\mfcc_num_eq\cv-valid-dev_sample-000997_eq.npy,..\dataset\mel_num_eq\cv-valid-dev_sample-000997_eq.npy
cv-valid-dev/sample-001000.mp3,1,0,6,..\dataset\mfcc_num\cv-valid-dev_sample-001000.npy,..\dataset\mfcc_spec\cv-valid-dev_sample-001000.png,..\dataset\mel_num\cv-valid-dev_sample-001000.npy,..\dataset\mel_spec\cv-valid-dev_sample-001000.png,..\dataset\mfcc_num_eq\cv-valid-dev_sample-001000_eq.npy,..\dataset\mel_num_eq\cv-valid-dev_sample-001000_eq.npy
cv-valid-dev/sample-001004.mp3,2,1,4,..\dataset\mfcc_num\cv-valid-dev_sample-001004.npy,..\dataset\mfcc_spec\cv-valid-dev_sample-001004.png,..\dataset\mel_num\cv-valid-dev_sample-001004.npy,..\dataset\mel_spec\cv-valid-dev_sample-001004.png,..\dataset\mfcc_num_eq\cv-valid-dev_sample-001004_eq.npy,..\dataset\mel_num_eq\cv-valid-dev_sample-001004_eq.npy
cv-valid-dev/sample-001011.mp3,7,1,14,..\dataset\mfcc_num\cv-valid-dev_sample-001011.npy,..\dataset\mfcc_spec\cv-valid-dev_sample-001011.png,..\dataset\mel_num\cv-valid-dev_sample-001011.npy,..\dataset\mel_spec\cv-valid-dev_sample-001011.png,..\dataset\mfcc_num_eq\cv-valid-dev_sample-001011_eq.npy,..\dataset\mel_num_eq\cv-valid-dev_sample-001011_eq.npy
cv-valid-dev/sample-001016.mp3,6,0,4,..\dataset\mfcc_num\cv-valid-dev_sample-001016.npy,..\dataset\mfcc_spec\cv-valid-dev_sample-001016.png,..\dataset\mel_num\cv-valid-dev_sample-001016.npy,..\dataset\mel_spec\cv-valid-dev_sample-001016.png,..\dataset\mfcc_num_eq\cv-valid-dev_sample-001016_eq.npy,..\dataset\mel_num_eq\cv-valid-dev_sample-001016_eq.npy
cv-valid-dev/sample-001020.mp3,2,0,4,..\dataset\mfcc_num\cv-valid-dev_sample-001020.npy,..\dataset\mfcc_spec\cv-valid-dev_sample-001020.png,..\dataset\mel_num\cv-valid-dev_sample-001020.npy,..\dataset\mel_spec\cv-valid-dev_sample-001020.png,..\dataset\mfcc_num_eq\cv-valid-dev_sample-001020_eq.npy,..\dataset\mel_num_eq\cv-valid-dev_sample-001020_eq.npy
cv-valid-dev/sample-001022.mp3,5,1,14,..\dataset\mfcc_num\cv-valid-dev_sample-001022.npy,..\dataset\mfcc_spec\cv-valid-dev_sample-001022.png,..\dataset\mel_num\cv-valid-dev_sample-001022.npy,..\dataset\mel_spec\cv-valid-dev_sample-001022.png,..\dataset\mfcc_num_eq\cv-valid-dev_sample-001022_eq.npy,..\dataset\mel_num_eq\cv-valid-dev_sample-001022_eq.npy
cv-valid-dev/sample-001024.mp3,2,1,14,..\dataset\mfcc_num\cv-valid-dev_sample-001024.npy,..\dataset\mfcc_spec\cv-valid-dev_sample-001024.png,..\dataset\mel_num\cv-valid-dev_sample-001024.npy,..\dataset\mel_spec\cv-valid-dev_sample-001024.png,..\dataset\mfcc_num_eq\cv-valid-dev_sample-001024_eq.npy,..\dataset\mel_num_eq\cv-valid-dev_sample-001024_eq.npy
cv-valid-dev/sample-001032.mp3,6,1,14,..\dataset\mfcc_num\cv-valid-dev_sample-001032.npy,..\dataset\mfcc_spec\cv-valid-dev_sample-001032.png,..\dataset\mel_num\cv-valid-dev_sample-001032.npy,..\dataset\mel_spec\cv-valid-dev_sample-001032.png,..\dataset\mfcc_num_eq\cv-valid-dev_sample-001032_eq.npy,..\dataset\mel_num_eq\cv-valid-dev_sample-001032_eq.npy
cv-valid-dev/sample-001033.mp3,7,1,14,..\dataset\mfcc_num\cv-valid-dev_sample-001033.npy,..\dataset\mfcc_spec\cv-valid-dev_sample-001033.png,..\dataset\mel_num\cv-valid-dev_sample-001033.npy,..\dataset\mel_spec\cv-valid-dev_sample-001033.png,..\dataset\mfcc_num_eq\cv-valid-dev_sample-001033_eq.npy,..\dataset\mel_num_eq\cv-valid-dev_sample-001033_eq.npy
cv-valid-dev/sample-001036.mp3,7,1,14,..\dataset\mfcc_num\cv-valid-dev_sample-001036.npy,..\dataset\mfcc_spec\cv-valid-dev_sample-001036.png,..\dataset\mel_num\cv-valid-dev_sample-001036.npy,..\dataset\mel_spec\cv-valid-dev_sample-001036.png,..\dataset\mfcc_num_eq\cv-valid-dev_sample-001036_eq.npy,..\dataset\mel_num_eq\cv-valid-dev_sample-001036_eq.npy
cv-valid-dev/sample-001038.mp3,6,1,14,..\dataset\mfcc_num\cv-valid-dev_sample-001038.npy,..\dataset\mfcc_spec\cv-valid-dev_sample-001038.png,..\dataset\mel_num\cv-valid-dev_sample-001038.npy,..\dataset\mel_spec\cv-valid-dev_sample-001038.png,..\dataset\mfcc_num_eq\cv-valid-dev_sample-001038_eq.npy,..\dataset\mel_num_eq\cv-valid-dev_sample-001038_eq.npy
cv-valid-dev/sample-001040.mp3,2,0,3,..\dataset\mfcc_num\cv-valid-dev_sample-001040.npy,..\dataset\mfcc_spec\cv-valid-dev_sample-001040.png,..\dataset\mel_num\cv-valid-dev_sample-001040.npy,..\dataset\mel_spec\cv-valid-dev_sample-001040.png,..\dataset\mfcc_num_eq\cv-valid-dev_sample-001040_eq.npy,..\dataset\mel_num_eq\cv-valid-dev_sample-001040_eq.npy
cv-valid-dev/sample-001044.mp3,1,0,6,..\dataset\mfcc_num\cv-valid-dev_sample-001044.npy,..\dataset\mfcc_spec\cv-valid-dev_sample-001044.png,..\dataset\mel_num\cv-valid-dev_sample-001044.npy,..\dataset\mel_spec\cv-valid-dev_sample-001044.png,..\dataset\mfcc_num_eq\cv-valid-dev_sample-001044_eq.npy,..\dataset\mel_num_eq\cv-valid-dev_sample-001044_eq.npy
cv-valid-dev/sample-001045.mp3,1,1,4,..\dataset\mfcc_num\cv-valid-dev_sample-001045.npy,..\dataset\mfcc_spec\cv-valid-dev_sample-001045.png,..\dataset\mel_num\cv-valid-dev_sample-001045.npy,..\dataset\mel_spec\cv-valid-dev_sample-001045.png,..\dataset\mfcc_num_eq\cv-valid-dev_sample-001045_eq.npy,..\dataset\mel_num_eq\cv-valid-dev_sample-001045_eq.npy
cv-valid-dev/sample-001049.mp3,7,1,14,..\dataset\mfcc_num\cv-valid-dev_sample-001049.npy,..\dataset\mfcc_spec\cv-valid-dev_sample-001049.png,..\dataset\mel_num\cv-valid-dev_sample-001049.npy,..\dataset\mel_spec\cv-valid-dev_sample-001049.png,..\dataset\mfcc_num_eq\cv-valid-dev_sample-001049_eq.npy,..\dataset\mel_num_eq\cv-valid-dev_sample-001049_eq.npy
cv-valid-dev/sample-001050.mp3,1,1,1,..\dataset\mfcc_num\cv-valid-dev_sample-001050.npy,..\dataset\mfcc_spec\cv-valid-dev_sample-001050.png,..\dataset\mel_num\cv-valid-dev_sample-001050.npy,..\dataset\mel_spec\cv-valid-dev_sample-001050.png,..\dataset\mfcc_num_eq\cv-valid-dev_sample-001050_eq.npy,..\dataset\mel_num_eq\cv-valid-dev_sample-001050_eq.npy
cv-valid-dev/sample-001051.mp3,7,0,2,..\dataset\mfcc_num\cv-valid-dev_sample-001051.npy,..\dataset\mfcc_spec\cv-valid-dev_sample-001051.png,..\dataset\mel_num\cv-valid-dev_sample-001051.npy,..\dataset\mel_spec\cv-valid-dev_sample-001051.png,..\dataset\mfcc_num_eq\cv-valid-dev_sample-001051_eq.npy,..\dataset\mel_num_eq\cv-valid-dev_sample-001051_eq.npy
cv-valid-dev/sample-001054.mp3,7,0,6,..\dataset\mfcc_num\cv-valid-dev_sample-001054.npy,..\dataset\mfcc_spec\cv-valid-dev_sample-001054.png,..\dataset\mel_num\cv-valid-dev_sample-001054.npy,..\dataset\mel_spec\cv-valid-dev_sample-001054.png,..\dataset\mfcc_num_eq\cv-valid-dev_sample-001054_eq.npy,..\dataset\mel_num_eq\cv-valid-dev_sample-001054_eq.npy
cv-valid-dev/sample-001057.mp3,7,1,14,..\dataset\mfcc_num\cv-valid-dev_sample-001057.npy,..\dataset\mfcc_spec\cv-valid-dev_sample-001057.png,..\dataset\mel_num\cv-valid-dev_sample-001057.npy,..\dataset\mel_spec\cv-valid-dev_sample-001057.png,..\dataset\mfcc_num_eq\cv-valid-dev_sample-001057_eq.npy,..\dataset\mel_num_eq\cv-valid-dev_sample-001057_eq.npy
cv-valid-dev/sample-001062.mp3,1,0,14,..\dataset\mfcc_num\cv-valid-dev_sample-001062.npy,..\dataset\mfcc_spec\cv-valid-dev_sample-001062.png,..\dataset\mel_num\cv-valid-dev_sample-001062.npy,..\dataset\mel_spec\cv-valid-dev_sample-001062.png,..\dataset\mfcc_num_eq\cv-valid-dev_sample-001062_eq.npy,..\dataset\mel_num_eq\cv-valid-dev_sample-001062_eq.npy
cv-valid-dev/sample-001063.mp3,6,0,14,..\dataset\mfcc_num\cv-valid-dev_sample-001063.npy,..\dataset\mfcc_spec\cv-valid-dev_sample-001063.png,..\dataset\mel_num\cv-valid-dev_sample-001063.npy,..\dataset\mel_spec\cv-valid-dev_sample-001063.png,..\dataset\mfcc_num_eq\cv-valid-dev_sample-001063_eq.npy,..\dataset\mel_num_eq\cv-valid-dev_sample-001063_eq.npy
cv-valid-dev/sample-001065.mp3,7,1,4,..\dataset\mfcc_num\cv-valid-dev_sample-001065.npy,..\dataset\mfcc_spec\cv-valid-dev_sample-001065.png,..\dataset\mel_num\cv-valid-dev_sample-001065.npy,..\dataset\mel_spec\cv-valid-dev_sample-001065.png,..\dataset\mfcc_num_eq\cv-valid-dev_sample-001065_eq.npy,..\dataset\mel_num_eq\cv-valid-dev_sample-001065_eq.npy
cv-valid-dev/sample-001066.mp3,7,1,4,..\dataset\mfcc_num\cv-valid-dev_sample-001066.npy,..\dataset\mfcc_spec\cv-valid-dev_sample-001066.png,..\dataset\mel_num\cv-valid-dev_sample-001066.npy,..\dataset\mel_spec\cv-valid-dev_sample-001066.png,..\dataset\mfcc_num_eq\cv-valid-dev_sample-001066_eq.npy,..\dataset\mel_num_eq\cv-valid-dev_sample-001066_eq.npy
cv-valid-dev/sample-001068.mp3,7,1,4,..\dataset\mfcc_num\cv-valid-dev_sample-001068.npy,..\dataset\mfcc_spec\cv-valid-dev_sample-001068.png,..\dataset\mel_num\cv-valid-dev_sample-001068.npy,..\dataset\mel_spec\cv-valid-dev_sample-001068.png,..\dataset\mfcc_num_eq\cv-valid-dev_sample-001068_eq.npy,..\dataset\mel_num_eq\cv-valid-dev_sample-001068_eq.npy
cv-valid-dev/sample-001071.mp3,4,1,9,..\dataset\mfcc_num\cv-valid-dev_sample-001071.npy,..\dataset\mfcc_spec\cv-valid-dev_sample-001071.png,..\dataset\mel_num\cv-valid-dev_sample-001071.npy,..\dataset\mel_spec\cv-valid-dev_sample-001071.png,..\dataset\mfcc_num_eq\cv-valid-dev_sample-001071_eq.npy,..\dataset\mel_num_eq\cv-valid-dev_sample-001071_eq.npy
cv-valid-dev/sample-001077.mp3,6,1,3,..\dataset\mfcc_num\cv-valid-dev_sample-001077.npy,..\dataset\mfcc_spec\cv-valid-dev_sample-001077.png,..\dataset\mel_num\cv-valid-dev_sample-001077.npy,..\dataset\mel_spec\cv-valid-dev_sample-001077.png,..\dataset\mfcc_num_eq\cv-valid-dev_sample-001077_eq.npy,..\dataset\mel_num_eq\cv-valid-dev_sample-001077_eq.npy
cv-valid-dev/sample-001080.mp3,3,1,4,..\dataset\mfcc_num\cv-valid-dev_sample-001080.npy,..\dataset\mfcc_spec\cv-valid-dev_sample-001080.png,..\dataset\mel_num\cv-valid-dev_sample-001080.npy,..\dataset\mel_spec\cv-valid-dev_sample-001080.png,..\dataset\mfcc_num_eq\cv-valid-dev_sample-001080_eq.npy,..\dataset\mel_num_eq\cv-valid-dev_sample-001080_eq.npy
cv-valid-dev/sample-001084.mp3,2,1,14,..\dataset\mfcc_num\cv-valid-dev_sample-001084.npy,..\dataset\mfcc_spec\cv-valid-dev_sample-001084.png,..\dataset\mel_num\cv-valid-dev_sample-001084.npy,..\dataset\mel_spec\cv-valid-dev_sample-001084.png,..\dataset\mfcc_num_eq\cv-valid-dev_sample-001084_eq.npy,..\dataset\mel_num_eq\cv-valid-dev_sample-001084_eq.npy
cv-valid-dev/sample-001085.mp3,6,1,14,..\dataset\mfcc_num\cv-valid-dev_sample-001085.npy,..\dataset\mfcc_spec\cv-valid-dev_sample-001085.png,..\dataset\mel_num\cv-valid-dev_sample-001085.npy,..\dataset\mel_spec\cv-valid-dev_sample-001085.png,..\dataset\mfcc_num_eq\cv-valid-dev_sample-001085_eq.npy,..\dataset\mel_num_eq\cv-valid-dev_sample-001085_eq.npy
cv-valid-dev/sample-001088.mp3,3,1,3,..\dataset\mfcc_num\cv-valid-dev_sample-001088.npy,..\dataset\mfcc_spec\cv-valid-dev_sample-001088.png,..\dataset\mel_num\cv-valid-dev_sample-001088.npy,..\dataset\mel_spec\cv-valid-dev_sample-001088.png,..\dataset\mfcc_num_eq\cv-valid-dev_sample-001088_eq.npy,..\dataset\mel_num_eq\cv-valid-dev_sample-001088_eq.npy
cv-valid-dev/sample-001093.mp3,6,1,14,..\dataset\mfcc_num\cv-valid-dev_sample-001093.npy,..\dataset\mfcc_spec\cv-valid-dev_sample-001093.png,..\dataset\mel_num\cv-valid-dev_sample-001093.npy,..\dataset\mel_spec\cv-valid-dev_sample-001093.png,..\dataset\mfcc_num_eq\cv-valid-dev_sample-001093_eq.npy,..\dataset\mel_num_eq\cv-valid-dev_sample-001093_eq.npy
cv-valid-dev/sample-001098.mp3,6,0,14,..\dataset\mfcc_num\cv-valid-dev_sample-001098.npy,..\dataset\mfcc_spec\cv-valid-dev_sample-001098.png,..\dataset\mel_num\cv-valid-dev_sample-001098.npy,..\dataset\mel_spec\cv-valid-dev_sample-001098.png,..\dataset\mfcc_num_eq\cv-valid-dev_sample-001098_eq.npy,..\dataset\mel_num_eq\cv-valid-dev_sample-001098_eq.npy
cv-valid-dev/sample-001100.mp3,4,1,6,..\dataset\mfcc_num\cv-valid-dev_sample-001100.npy,..\dataset\mfcc_spec\cv-valid-dev_sample-001100.png,..\dataset\mel_num\cv-valid-dev_sample-001100.npy,..\dataset\mel_spec\cv-valid-dev_sample-001100.png,..\dataset\mfcc_num_eq\cv-valid-dev_sample-001100_eq.npy,..\dataset\mel_num_eq\cv-valid-dev_sample-001100_eq.npy
cv-valid-dev/sample-001109.mp3,1,0,6,..\dataset\mfcc_num\cv-valid-dev_sample-001109.npy,..\dataset\mfcc_spec\cv-valid-dev_sample-001109.png,..\dataset\mel_num\cv-valid-dev_sample-001109.npy,..\dataset\mel_spec\cv-valid-dev_sample-001109.png,..\dataset\mfcc_num_eq\cv-valid-dev_sample-001109_eq.npy,..\dataset\mel_num_eq\cv-valid-dev_sample-001109_eq.npy
cv-valid-dev/sample-001111.mp3,6,1,14,..\dataset\mfcc_num\cv-valid-dev_sample-001111.npy,..\dataset\mfcc_spec\cv-valid-dev_sample-001111.png,..\dataset\mel_num\cv-valid-dev_sample-001111.npy,..\dataset\mel_spec\cv-valid-dev_sample-001111.png,..\dataset\mfcc_num_eq\cv-valid-dev_sample-001111_eq.npy,..\dataset\mel_num_eq\cv-valid-dev_sample-001111_eq.npy
cv-valid-dev/sample-001116.mp3,5,0,14,..\dataset\mfcc_num\cv-valid-dev_sample-001116.npy,..\dataset\mfcc_spec\cv-valid-dev_sample-001116.png,..\dataset\mel_num\cv-valid-dev_sample-001116.npy,..\dataset\mel_spec\cv-valid-dev_sample-001116.png,..\dataset\mfcc_num_eq\cv-valid-dev_sample-001116_eq.npy,..\dataset\mel_num_eq\cv-valid-dev_sample-001116_eq.npy
cv-valid-dev/sample-001117.mp3,4,1,14,..\dataset\mfcc_num\cv-valid-dev_sample-001117.npy,..\dataset\mfcc_spec\cv-valid-dev_sample-001117.png,..\dataset\mel_num\cv-valid-dev_sample-001117.npy,..\dataset\mel_spec\cv-valid-dev_sample-001117.png,..\dataset\mfcc_num_eq\cv-valid-dev_sample-001117_eq.npy,..\dataset\mel_num_eq\cv-valid-dev_sample-001117_eq.npy
cv-valid-dev/sample-001120.mp3,3,1,14,..\dataset\mfcc_num\cv-valid-dev_sample-001120.npy,..\dataset\mfcc_spec\cv-valid-dev_sample-001120.png,..\dataset\mel_num\cv-valid-dev_sample-001120.npy,..\dataset\mel_spec\cv-valid-dev_sample-001120.png,..\dataset\mfcc_num_eq\cv-valid-dev_sample-001120_eq.npy,..\dataset\mel_num_eq\cv-valid-dev_sample-001120_eq.npy
cv-valid-dev/sample-001122.mp3,7,1,6,..\dataset\mfcc_num\cv-valid-dev_sample-001122.npy,..\dataset\mfcc_spec\cv-valid-dev_sample-001122.png,..\dataset\mel_num\cv-valid-dev_sample-001122.npy,..\dataset\mel_spec\cv-valid-dev_sample-001122.png,..\dataset\mfcc_num_eq\cv-valid-dev_sample-001122_eq.npy,..\dataset\mel_num_eq\cv-valid-dev_sample-001122_eq.npy
cv-valid-dev/sample-001126.mp3,2,1,1,..\dataset\mfcc_num\cv-valid-dev_sample-001126.npy,..\dataset\mfcc_spec\cv-valid-dev_sample-001126.png,..\dataset\mel_num\cv-valid-dev_sample-001126.npy,..\dataset\mel_spec\cv-valid-dev_sample-001126.png,..\dataset\mfcc_num_eq\cv-valid-dev_sample-001126_eq.npy,..\dataset\mel_num_eq\cv-valid-dev_sample-001126_eq.npy
cv-valid-dev/sample-001134.mp3,6,0,1,..\dataset\mfcc_num\cv-valid-dev_sample-001134.npy,..\dataset\mfcc_spec\cv-valid-dev_sample-001134.png,..\dataset\mel_num\cv-valid-dev_sample-001134.npy,..\dataset\mel_spec\cv-valid-dev_sample-001134.png,..\dataset\mfcc_num_eq\cv-valid-dev_sample-001134_eq.npy,..\dataset\mel_num_eq\cv-valid-dev_sample-001134_eq.npy
cv-valid-dev/sample-001135.mp3,6,0,14,..\dataset\mfcc_num\cv-valid-dev_sample-001135.npy,..\dataset\mfcc_spec\cv-valid-dev_sample-001135.png,..\dataset\mel_num\cv-valid-dev_sample-001135.npy,..\dataset\mel_spec\cv-valid-dev_sample-001135.png,..\dataset\mfcc_num_eq\cv-valid-dev_sample-001135_eq.npy,..\dataset\mel_num_eq\cv-valid-dev_sample-001135_eq.npy
cv-valid-dev/sample-001137.mp3,4,0,14,..\dataset\mfcc_num\cv-valid-dev_sample-001137.npy,..\dataset\mfcc_spec\cv-valid-dev_sample-001137.png,..\dataset\mel_num\cv-valid-dev_sample-001137.npy,..\dataset\mel_spec\cv-valid-dev_sample-001137.png,..\dataset\mfcc_num_eq\cv-valid-dev_sample-001137_eq.npy,..\dataset\mel_num_eq\cv-valid-dev_sample-001137_eq.npy
cv-valid-dev/sample-001140.mp3,7,1,14,..\dataset\mfcc_num\cv-valid-dev_sample-001140.npy,..\dataset\mfcc_spec\cv-valid-dev_sample-001140.png,..\dataset\mel_num\cv-valid-dev_sample-001140.npy,..\dataset\mel_spec\cv-valid-dev_sample-001140.png,..\dataset\mfcc_num_eq\cv-valid-dev_sample-001140_eq.npy,..\dataset\mel_num_eq\cv-valid-dev_sample-001140_eq.npy
cv-valid-dev/sample-001142.mp3,6,1,14,..\dataset\mfcc_num\cv-valid-dev_sample-001142.npy,..\dataset\mfcc_spec\cv-valid-dev_sample-001142.png,..\dataset\mel_num\cv-valid-dev_sample-001142.npy,..\dataset\mel_spec\cv-valid-dev_sample-001142.png,..\dataset\mfcc_num_eq\cv-valid-dev_sample-001142_eq.npy,..\dataset\mel_num_eq\cv-valid-dev_sample-001142_eq.npy
cv-valid-dev/sample-001150.mp3,6,1,4,..\dataset\mfcc_num\cv-valid-dev_sample-001150.npy,..\dataset\mfcc_spec\cv-valid-dev_sample-001150.png,..\dataset\mel_num\cv-valid-dev_sample-001150.npy,..\dataset\mel_spec\cv-valid-dev_sample-001150.png,..\dataset\mfcc_num_eq\cv-valid-dev_sample-001150_eq.npy,..\dataset\mel_num_eq\cv-valid-dev_sample-001150_eq.npy
cv-valid-dev/sample-001159.mp3,7,1,1,..\dataset\mfcc_num\cv-valid-dev_sample-001159.npy,..\dataset\mfcc_spec\cv-valid-dev_sample-001159.png,..\dataset\mel_num\cv-valid-dev_sample-001159.npy,..\dataset\mel_spec\cv-valid-dev_sample-001159.png,..\dataset\mfcc_num_eq\cv-valid-dev_sample-001159_eq.npy,..\dataset\mel_num_eq\cv-valid-dev_sample-001159_eq.npy
cv-valid-dev/sample-001166.mp3,7,0,14,..\dataset\mfcc_num\cv-valid-dev_sample-001166.npy,..\dataset\mfcc_spec\cv-valid-dev_sample-001166.png,..\dataset\mel_num\cv-valid-dev_sample-001166.npy,..\dataset\mel_spec\cv-valid-dev_sample-001166.png,..\dataset\mfcc_num_eq\cv-valid-dev_sample-001166_eq.npy,..\dataset\mel_num_eq\cv-valid-dev_sample-001166_eq.npy
cv-valid-dev/sample-001167.mp3,1,1,1,..\dataset\mfcc_num\cv-valid-dev_sample-001167.npy,..\dataset\mfcc_spec\cv-valid-dev_sample-001167.png,..\dataset\mel_num\cv-valid-dev_sample-001167.npy,..\dataset\mel_spec\cv-valid-dev_sample-001167.png,..\dataset\mfcc_num_eq\cv-valid-dev_sample-001167_eq.npy,..\dataset\mel_num_eq\cv-valid-dev_sample-001167_eq.npy
cv-valid-dev/sample-001178.mp3,3,1,14,..\dataset\mfcc_num\cv-valid-dev_sample-001178.npy,..\dataset\mfcc_spec\cv-valid-dev_sample-001178.png,..\dataset\mel_num\cv-valid-dev_sample-001178.npy,..\dataset\mel_spec\cv-valid-dev_sample-001178.png,..\dataset\mfcc_num_eq\cv-valid-dev_sample-001178_eq.npy,..\dataset\mel_num_eq\cv-valid-dev_sample-001178_eq.npy
cv-valid-dev/sample-001182.mp3,7,1,14,..\dataset\mfcc_num\cv-valid-dev_sample-001182.npy,..\dataset\mfcc_spec\cv-valid-dev_sample-001182.png,..\dataset\mel_num\cv-valid-dev_sample-001182.npy,..\dataset\mel_spec\cv-valid-dev_sample-001182.png,..\dataset\mfcc_num_eq\cv-valid-dev_sample-001182_eq.npy,..\dataset\mel_num_eq\cv-valid-dev_sample-001182_eq.npy
cv-valid-dev/sample-001185.mp3,7,1,14,..\dataset\mfcc_num\cv-valid-dev_sample-001185.npy,..\dataset\mfcc_spec\cv-valid-dev_sample-001185.png,..\dataset\mel_num\cv-valid-dev_sample-001185.npy,..\dataset\mel_spec\cv-valid-dev_sample-001185.png,..\dataset\mfcc_num_eq\cv-valid-dev_sample-001185_eq.npy,..\dataset\mel_num_eq\cv-valid-dev_sample-001185_eq.npy
cv-valid-dev/sample-001186.mp3,5,1,1,..\dataset\mfcc_num\cv-valid-dev_sample-001186.npy,..\dataset\mfcc_spec\cv-valid-dev_sample-001186.png,..\dataset\mel_num\cv-valid-dev_sample-001186.npy,..\dataset\mel_spec\cv-valid-dev_sample-001186.png,..\dataset\mfcc_num_eq\cv-valid-dev_sample-001186_eq.npy,..\dataset\mel_num_eq\cv-valid-dev_sample-001186_eq.npy
cv-valid-dev/sample-001188.mp3,4,1,14,..\dataset\mfcc_num\cv-valid-dev_sample-001188.npy,..\dataset\mfcc_spec\cv-valid-dev_sample-001188.png,..\dataset\mel_num\cv-valid-dev_sample-001188.npy,..\dataset\mel_spec\cv-valid-dev_sample-001188.png,..\dataset\mfcc_num_eq\cv-valid-dev_sample-001188_eq.npy,..\dataset\mel_num_eq\cv-valid-dev_sample-001188_eq.npy
cv-valid-dev/sample-001191.mp3,7,1,6,..\dataset\mfcc_num\cv-valid-dev_sample-001191.npy,..\dataset\mfcc_spec\cv-valid-dev_sample-001191.png,..\dataset\mel_num\cv-valid-dev_sample-001191.npy,..\dataset\mel_spec\cv-valid-dev_sample-001191.png,..\dataset\mfcc_num_eq\cv-valid-dev_sample-001191_eq.npy,..\dataset\mel_num_eq\cv-valid-dev_sample-001191_eq.npy
cv-valid-dev/sample-001192.mp3,3,1,1,..\dataset\mfcc_num\cv-valid-dev_sample-001192.npy,..\dataset\mfcc_spec\cv-valid-dev_sample-001192.png,..\dataset\mel_num\cv-valid-dev_sample-001192.npy,..\dataset\mel_spec\cv-valid-dev_sample-001192.png,..\dataset\mfcc_num_eq\cv-valid-dev_sample-001192_eq.npy,..\dataset\mel_num_eq\cv-valid-dev_sample-001192_eq.npy
cv-valid-dev/sample-001200.mp3,6,1,1,..\dataset\mfcc_num\cv-valid-dev_sample-001200.npy,..\dataset\mfcc_spec\cv-valid-dev_sample-001200.png,..\dataset\mel_num\cv-valid-dev_sample-001200.npy,..\dataset\mel_spec\cv-valid-dev_sample-001200.png,..\dataset\mfcc_num_eq\cv-valid-dev_sample-001200_eq.npy,..\dataset\mel_num_eq\cv-valid-dev_sample-001200_eq.npy
cv-valid-dev/sample-001203.mp3,6,1,4,..\dataset\mfcc_num\cv-valid-dev_sample-001203.npy,..\dataset\mfcc_spec\cv-valid-dev_sample-001203.png,..\dataset\mel_num\cv-valid-dev_sample-001203.npy,..\dataset\mel_spec\cv-valid-dev_sample-001203.png,..\dataset\mfcc_num_eq\cv-valid-dev_sample-001203_eq.npy,..\dataset\mel_num_eq\cv-valid-dev_sample-001203_eq.npy
cv-valid-dev/sample-001204.mp3,6,1,14,..\dataset\mfcc_num\cv-valid-dev_sample-001204.npy,..\dataset\mfcc_spec\cv-valid-dev_sample-001204.png,..\dataset\mel_num\cv-valid-dev_sample-001204.npy,..\dataset\mel_spec\cv-valid-dev_sample-001204.png,..\dataset\mfcc_num_eq\cv-valid-dev_sample-001204_eq.npy,..\dataset\mel_num_eq\cv-valid-dev_sample-001204_eq.npy
cv-valid-dev/sample-001206.mp3,1,1,4,..\dataset\mfcc_num\cv-valid-dev_sample-001206.npy,..\dataset\mfcc_spec\cv-valid-dev_sample-001206.png,..\dataset\mel_num\cv-valid-dev_sample-001206.npy,..\dataset\mel_spec\cv-valid-dev_sample-001206.png,..\dataset\mfcc_num_eq\cv-valid-dev_sample-001206_eq.npy,..\dataset\mel_num_eq\cv-valid-dev_sample-001206_eq.npy
cv-valid-dev/sample-001213.mp3,5,1,14,..\dataset\mfcc_num\cv-valid-dev_sample-001213.npy,..\dataset\mfcc_spec\cv-valid-dev_sample-001213.png,..\dataset\mel_num\cv-valid-dev_sample-001213.npy,..\dataset\mel_spec\cv-valid-dev_sample-001213.png,..\dataset\mfcc_num_eq\cv-valid-dev_sample-001213_eq.npy,..\dataset\mel_num_eq\cv-valid-dev_sample-001213_eq.npy
cv-valid-dev/sample-001214.mp3,2,1,14,..\dataset\mfcc_num\cv-valid-dev_sample-001214.npy,..\dataset\mfcc_spec\cv-valid-dev_sample-001214.png,..\dataset\mel_num\cv-valid-dev_sample-001214.npy,..\dataset\mel_spec\cv-valid-dev_sample-001214.png,..\dataset\mfcc_num_eq\cv-valid-dev_sample-001214_eq.npy,..\dataset\mel_num_eq\cv-valid-dev_sample-001214_eq.npy
cv-valid-dev/sample-001215.mp3,6,1,14,..\dataset\mfcc_num\cv-valid-dev_sample-001215.npy,..\dataset\mfcc_spec\cv-valid-dev_sample-001215.png,..\dataset\mel_num\cv-valid-dev_sample-001215.npy,..\dataset\mel_spec\cv-valid-dev_sample-001215.png,..\dataset\mfcc_num_eq\cv-valid-dev_sample-001215_eq.npy,..\dataset\mel_num_eq\cv-valid-dev_sample-001215_eq.npy
cv-valid-dev/sample-001218.mp3,1,1,14,..\dataset\mfcc_num\cv-valid-dev_sample-001218.npy,..\dataset\mfcc_spec\cv-valid-dev_sample-001218.png,..\dataset\mel_num\cv-valid-dev_sample-001218.npy,..\dataset\mel_spec\cv-valid-dev_sample-001218.png,..\dataset\mfcc_num_eq\cv-valid-dev_sample-001218_eq.npy,..\dataset\mel_num_eq\cv-valid-dev_sample-001218_eq.npy
cv-valid-dev/sample-001219.mp3,6,1,14,..\dataset\mfcc_num\cv-valid-dev_sample-001219.npy,..\dataset\mfcc_spec\cv-valid-dev_sample-001219.png,..\dataset\mel_num\cv-valid-dev_sample-001219.npy,..\dataset\mel_spec\cv-valid-dev_sample-001219.png,..\dataset\mfcc_num_eq\cv-valid-dev_sample-001219_eq.npy,..\dataset\mel_num_eq\cv-valid-dev_sample-001219_eq.npy
cv-valid-dev/sample-001221.mp3,7,0,14,..\dataset\mfcc_num\cv-valid-dev_sample-001221.npy,..\dataset\mfcc_spec\cv-valid-dev_sample-001221.png,..\dataset\mel_num\cv-valid-dev_sample-001221.npy,..\dataset\mel_spec\cv-valid-dev_sample-001221.png,..\dataset\mfcc_num_eq\cv-valid-dev_sample-001221_eq.npy,..\dataset\mel_num_eq\cv-valid-dev_sample-001221_eq.npy
cv-valid-dev/sample-001222.mp3,7,1,14,..\dataset\mfcc_num\cv-valid-dev_sample-001222.npy,..\dataset\mfcc_spec\cv-valid-dev_sample-001222.png,..\dataset\mel_num\cv-valid-dev_sample-001222.npy,..\dataset\mel_spec\cv-valid-dev_sample-001222.png,..\dataset\mfcc_num_eq\cv-valid-dev_sample-001222_eq.npy,..\dataset\mel_num_eq\cv-valid-dev_sample-001222_eq.npy
cv-valid-dev/sample-001225.mp3,6,1,4,..\dataset\mfcc_num\cv-valid-dev_sample-001225.npy,..\dataset\mfcc_spec\cv-valid-dev_sample-001225.png,..\dataset\mel_num\cv-valid-dev_sample-001225.npy,..\dataset\mel_spec\cv-valid-dev_sample-001225.png,..\dataset\mfcc_num_eq\cv-valid-dev_sample-001225_eq.npy,..\dataset\mel_num_eq\cv-valid-dev_sample-001225_eq.npy
cv-valid-dev/sample-001227.mp3,5,1,14,..\dataset\mfcc_num\cv-valid-dev_sample-001227.npy,..\dataset\mfcc_spec\cv-valid-dev_sample-001227.png,..\dataset\mel_num\cv-valid-dev_sample-001227.npy,..\dataset\mel_spec\cv-valid-dev_sample-001227.png,..\dataset\mfcc_num_eq\cv-valid-dev_sample-001227_eq.npy,..\dataset\mel_num_eq\cv-valid-dev_sample-001227_eq.npy
cv-valid-dev/sample-001231.mp3,1,1,14,..\dataset\mfcc_num\cv-valid-dev_sample-001231.npy,..\dataset\mfcc_spec\cv-valid-dev_sample-001231.png,..\dataset\mel_num\cv-valid-dev_sample-001231.npy,..\dataset\mel_spec\cv-valid-dev_sample-001231.png,..\dataset\mfcc_num_eq\cv-valid-dev_sample-001231_eq.npy,..\dataset\mel_num_eq\cv-valid-dev_sample-001231_eq.npy
cv-valid-dev/sample-001238.mp3,7,1,0,..\dataset\mfcc_num\cv-valid-dev_sample-001238.npy,..\dataset\mfcc_spec\cv-valid-dev_sample-001238.png,..\dataset\mel_num\cv-valid-dev_sample-001238.npy,..\dataset\mel_spec\cv-valid-dev_sample-001238.png,..\dataset\mfcc_num_eq\cv-valid-dev_sample-001238_eq.npy,..\dataset\mel_num_eq\cv-valid-dev_sample-001238_eq.npy
cv-valid-dev/sample-001246.mp3,2,1,4,..\dataset\mfcc_num\cv-valid-dev_sample-001246.npy,..\dataset\mfcc_spec\cv-valid-dev_sample-001246.png,..\dataset\mel_num\cv-valid-dev_sample-001246.npy,..\dataset\mel_spec\cv-valid-dev_sample-001246.png,..\dataset\mfcc_num_eq\cv-valid-dev_sample-001246_eq.npy,..\dataset\mel_num_eq\cv-valid-dev_sample-001246_eq.npy
cv-valid-dev/sample-001249.mp3,7,1,14,..\dataset\mfcc_num\cv-valid-dev_sample-001249.npy,..\dataset\mfcc_spec\cv-valid-dev_sample-001249.png,..\dataset\mel_num\cv-valid-dev_sample-001249.npy,..\dataset\mel_spec\cv-valid-dev_sample-001249.png,..\dataset\mfcc_num_eq\cv-valid-dev_sample-001249_eq.npy,..\dataset\mel_num_eq\cv-valid-dev_sample-001249_eq.npy
cv-valid-dev/sample-001251.mp3,1,0,6,..\dataset\mfcc_num\cv-valid-dev_sample-001251.npy,..\dataset\mfcc_spec\cv-valid-dev_sample-001251.png,..\dataset\mel_num\cv-valid-dev_sample-001251.npy,..\dataset\mel_spec\cv-valid-dev_sample-001251.png,..\dataset\mfcc_num_eq\cv-valid-dev_sample-001251_eq.npy,..\dataset\mel_num_eq\cv-valid-dev_sample-001251_eq.npy
cv-valid-dev/sample-001258.mp3,7,1,6,..\dataset\mfcc_num\cv-valid-dev_sample-001258.npy,..\dataset\mfcc_spec\cv-valid-dev_sample-001258.png,..\dataset\mel_num\cv-valid-dev_sample-001258.npy,..\dataset\mel_spec\cv-valid-dev_sample-001258.png,..\dataset\mfcc_num_eq\cv-valid-dev_sample-001258_eq.npy,..\dataset\mel_num_eq\cv-valid-dev_sample-001258_eq.npy
cv-valid-dev/sample-001263.mp3,4,0,4,..\dataset\mfcc_num\cv-valid-dev_sample-001263.npy,..\dataset\mfcc_spec\cv-valid-dev_sample-001263.png,..\dataset\mel_num\cv-valid-dev_sample-001263.npy,..\dataset\mel_spec\cv-valid-dev_sample-001263.png,..\dataset\mfcc_num_eq\cv-valid-dev_sample-001263_eq.npy,..\dataset\mel_num_eq\cv-valid-dev_sample-001263_eq.npy
cv-valid-dev/sample-001272.mp3,2,1,4,..\dataset\mfcc_num\cv-valid-dev_sample-001272.npy,..\dataset\mfcc_spec\cv-valid-dev_sample-001272.png,..\dataset\mel_num\cv-valid-dev_sample-001272.npy,..\dataset\mel_spec\cv-valid-dev_sample-001272.png,..\dataset\mfcc_num_eq\cv-valid-dev_sample-001272_eq.npy,..\dataset\mel_num_eq\cv-valid-dev_sample-001272_eq.npy
cv-valid-dev/sample-001273.mp3,6,0,14,..\dataset\mfcc_num\cv-valid-dev_sample-001273.npy,..\dataset\mfcc_spec\cv-valid-dev_sample-001273.png,..\dataset\mel_num\cv-valid-dev_sample-001273.npy,..\dataset\mel_spec\cv-valid-dev_sample-001273.png,..\dataset\mfcc_num_eq\cv-valid-dev_sample-001273_eq.npy,..\dataset\mel_num_eq\cv-valid-dev_sample-001273_eq.npy
cv-valid-dev/sample-001274.mp3,4,1,9,..\dataset\mfcc_num\cv-valid-dev_sample-001274.npy,..\dataset\mfcc_spec\cv-valid-dev_sample-001274.png,..\dataset\mel_num\cv-valid-dev_sample-001274.npy,..\dataset\mel_spec\cv-valid-dev_sample-001274.png,..\dataset\mfcc_num_eq\cv-valid-dev_sample-001274_eq.npy,..\dataset\mel_num_eq\cv-valid-dev_sample-001274_eq.npy
cv-valid-dev/sample-001275.mp3,2,1,14,..\dataset\mfcc_num\cv-valid-dev_sample-001275.npy,..\dataset\mfcc_spec\cv-valid-dev_sample-001275.png,..\dataset\mel_num\cv-valid-dev_sample-001275.npy,..\dataset\mel_spec\cv-valid-dev_sample-001275.png,..\dataset\mfcc_num_eq\cv-valid-dev_sample-001275_eq.npy,..\dataset\mel_num_eq\cv-valid-dev_sample-001275_eq.npy
cv-valid-dev/sample-001279.mp3,7,1,14,..\dataset\mfcc_num\cv-valid-dev_sample-001279.npy,..\dataset\mfcc_spec\cv-valid-dev_sample-001279.png,..\dataset\mel_num\cv-valid-dev_sample-001279.npy,..\dataset\mel_spec\cv-valid-dev_sample-001279.png,..\dataset\mfcc_num_eq\cv-valid-dev_sample-001279_eq.npy,..\dataset\mel_num_eq\cv-valid-dev_sample-001279_eq.npy
cv-valid-dev/sample-001280.mp3,2,1,14,..\dataset\mfcc_num\cv-valid-dev_sample-001280.npy,..\dataset\mfcc_spec\cv-valid-dev_sample-001280.png,..\dataset\mel_num\cv-valid-dev_sample-001280.npy,..\dataset\mel_spec\cv-valid-dev_sample-001280.png,..\dataset\mfcc_num_eq\cv-valid-dev_sample-001280_eq.npy,..\dataset\mel_num_eq\cv-valid-dev_sample-001280_eq.npy
cv-valid-dev/sample-001282.mp3,2,0,3,..\dataset\mfcc_num\cv-valid-dev_sample-001282.npy,..\dataset\mfcc_spec\cv-valid-dev_sample-001282.png,..\dataset\mel_num\cv-valid-dev_sample-001282.npy,..\dataset\mel_spec\cv-valid-dev_sample-001282.png,..\dataset\mfcc_num_eq\cv-valid-dev_sample-001282_eq.npy,..\dataset\mel_num_eq\cv-valid-dev_sample-001282_eq.npy
cv-valid-dev/sample-001293.mp3,6,1,14,..\dataset\mfcc_num\cv-valid-dev_sample-001293.npy,..\dataset\mfcc_spec\cv-valid-dev_sample-001293.png,..\dataset\mel_num\cv-valid-dev_sample-001293.npy,..\dataset\mel_spec\cv-valid-dev_sample-001293.png,..\dataset\mfcc_num_eq\cv-valid-dev_sample-001293_eq.npy,..\dataset\mel_num_eq\cv-valid-dev_sample-001293_eq.npy
cv-valid-dev/sample-001296.mp3,4,1,14,..\dataset\mfcc_num\cv-valid-dev_sample-001296.npy,..\dataset\mfcc_spec\cv-valid-dev_sample-001296.png,..\dataset\mel_num\cv-valid-dev_sample-001296.npy,..\dataset\mel_spec\cv-valid-dev_sample-001296.png,..\dataset\mfcc_num_eq\cv-valid-dev_sample-001296_eq.npy,..\dataset\mel_num_eq\cv-valid-dev_sample-001296_eq.npy
cv-valid-dev/sample-001301.mp3,7,1,14,..\dataset\mfcc_num\cv-valid-dev_sample-001301.npy,..\dataset\mfcc_spec\cv-valid-dev_sample-001301.png,..\dataset\mel_num\cv-valid-dev_sample-001301.npy,..\dataset\mel_spec\cv-valid-dev_sample-001301.png,..\dataset\mfcc_num_eq\cv-valid-dev_sample-001301_eq.npy,..\dataset\mel_num_eq\cv-valid-dev_sample-001301_eq.npy
cv-valid-dev/sample-001302.mp3,5,1,14,..\dataset\mfcc_num\cv-valid-dev_sample-001302.npy,..\dataset\mfcc_spec\cv-valid-dev_sample-001302.png,..\dataset\mel_num\cv-valid-dev_sample-001302.npy,..\dataset\mel_spec\cv-valid-dev_sample-001302.png,..\dataset\mfcc_num_eq\cv-valid-dev_sample-001302_eq.npy,..\dataset\mel_num_eq\cv-valid-dev_sample-001302_eq.npy
cv-valid-dev/sample-001303.mp3,6,1,4,..\dataset\mfcc_num\cv-valid-dev_sample-001303.npy,..\dataset\mfcc_spec\cv-valid-dev_sample-001303.png,..\dataset\mel_num\cv-valid-dev_sample-001303.npy,..\dataset\mel_spec\cv-valid-dev_sample-001303.png,..\dataset\mfcc_num_eq\cv-valid-dev_sample-001303_eq.npy,..\dataset\mel_num_eq\cv-valid-dev_sample-001303_eq.npy
cv-valid-dev/sample-001304.mp3,7,0,10,..\dataset\mfcc_num\cv-valid-dev_sample-001304.npy,..\dataset\mfcc_spec\cv-valid-dev_sample-001304.png,..\dataset\mel_num\cv-valid-dev_sample-001304.npy,..\dataset\mel_spec\cv-valid-dev_sample-001304.png,..\dataset\mfcc_num_eq\cv-valid-dev_sample-001304_eq.npy,..\dataset\mel_num_eq\cv-valid-dev_sample-001304_eq.npy
cv-valid-dev/sample-001306.mp3,7,0,4,..\dataset\mfcc_num\cv-valid-dev_sample-001306.npy,..\dataset\mfcc_spec\cv-valid-dev_sample-001306.png,..\dataset\mel_num\cv-valid-dev_sample-001306.npy,..\dataset\mel_spec\cv-valid-dev_sample-001306.png,..\dataset\mfcc_num_eq\cv-valid-dev_sample-001306_eq.npy,..\dataset\mel_num_eq\cv-valid-dev_sample-001306_eq.npy
cv-valid-dev/sample-001307.mp3,6,0,4,..\dataset\mfcc_num\cv-valid-dev_sample-001307.npy,..\dataset\mfcc_spec\cv-valid-dev_sample-001307.png,..\dataset\mel_num\cv-valid-dev_sample-001307.npy,..\dataset\mel_spec\cv-valid-dev_sample-001307.png,..\dataset\mfcc_num_eq\cv-valid-dev_sample-001307_eq.npy,..\dataset\mel_num_eq\cv-valid-dev_sample-001307_eq.npy
cv-valid-dev/sample-001316.mp3,6,1,3,..\dataset\mfcc_num\cv-valid-dev_sample-001316.npy,..\dataset\mfcc_spec\cv-valid-dev_sample-001316.png,..\dataset\mel_num\cv-valid-dev_sample-001316.npy,..\dataset\mel_spec\cv-valid-dev_sample-001316.png,..\dataset\mfcc_num_eq\cv-valid-dev_sample-001316_eq.npy,..\dataset\mel_num_eq\cv-valid-dev_sample-001316_eq.npy
cv-valid-dev/sample-001317.mp3,7,1,4,..\dataset\mfcc_num\cv-valid-dev_sample-001317.npy,..\dataset\mfcc_spec\cv-valid-dev_sample-001317.png,..\dataset\mel_num\cv-valid-dev_sample-001317.npy,..\dataset\mel_spec\cv-valid-dev_sample-001317.png,..\dataset\mfcc_num_eq\cv-valid-dev_sample-001317_eq.npy,..\dataset\mel_num_eq\cv-valid-dev_sample-001317_eq.npy
cv-valid-dev/sample-001319.mp3,6,1,4,..\dataset\mfcc_num\cv-valid-dev_sample-001319.npy,..\dataset\mfcc_spec\cv-valid-dev_sample-001319.png,..\dataset\mel_num\cv-valid-dev_sample-001319.npy,..\dataset\mel_spec\cv-valid-dev_sample-001319.png,..\dataset\mfcc_num_eq\cv-valid-dev_sample-001319_eq.npy,..\dataset\mel_num_eq\cv-valid-dev_sample-001319_eq.npy
cv-valid-dev/sample-001325.mp3,4,0,14,..\dataset\mfcc_num\cv-valid-dev_sample-001325.npy,..\dataset\mfcc_spec\cv-valid-dev_sample-001325.png,..\dataset\mel_num\cv-valid-dev_sample-001325.npy,..\dataset\mel_spec\cv-valid-dev_sample-001325.png,..\dataset\mfcc_num_eq\cv-valid-dev_sample-001325_eq.npy,..\dataset\mel_num_eq\cv-valid-dev_sample-001325_eq.npy
cv-valid-dev/sample-001328.mp3,7,1,14,..\dataset\mfcc_num\cv-valid-dev_sample-001328.npy,..\dataset\mfcc_spec\cv-valid-dev_sample-001328.png,..\dataset\mel_num\cv-valid-dev_sample-001328.npy,..\dataset\mel_spec\cv-valid-dev_sample-001328.png,..\dataset\mfcc_num_eq\cv-valid-dev_sample-001328_eq.npy,..\dataset\mel_num_eq\cv-valid-dev_sample-001328_eq.npy
cv-valid-dev/sample-001331.mp3,6,0,14,..\dataset\mfcc_num\cv-valid-dev_sample-001331.npy,..\dataset\mfcc_spec\cv-valid-dev_sample-001331.png,..\dataset\mel_num\cv-valid-dev_sample-001331.npy,..\dataset\mel_spec\cv-valid-dev_sample-001331.png,..\dataset\mfcc_num_eq\cv-valid-dev_sample-001331_eq.npy,..\dataset\mel_num_eq\cv-valid-dev_sample-001331_eq.npy
cv-valid-dev/sample-001333.mp3,6,1,14,..\dataset\mfcc_num\cv-valid-dev_sample-001333.npy,..\dataset\mfcc_spec\cv-valid-dev_sample-001333.png,..\dataset\mel_num\cv-valid-dev_sample-001333.npy,..\dataset\mel_spec\cv-valid-dev_sample-001333.png,..\dataset\mfcc_num_eq\cv-valid-dev_sample-001333_eq.npy,..\dataset\mel_num_eq\cv-valid-dev_sample-001333_eq.npy
cv-valid-dev/sample-001335.mp3,7,1,14,..\dataset\mfcc_num\cv-valid-dev_sample-001335.npy,..\dataset\mfcc_spec\cv-valid-dev_sample-001335.png,..\dataset\mel_num\cv-valid-dev_sample-001335.npy,..\dataset\mel_spec\cv-valid-dev_sample-001335.png,..\dataset\mfcc_num_eq\cv-valid-dev_sample-001335_eq.npy,..\dataset\mel_num_eq\cv-valid-dev_sample-001335_eq.npy
cv-valid-dev/sample-001336.mp3,6,0,14,..\dataset\mfcc_num\cv-valid-dev_sample-001336.npy,..\dataset\mfcc_spec\cv-valid-dev_sample-001336.png,..\dataset\mel_num\cv-valid-dev_sample-001336.npy,..\dataset\mel_spec\cv-valid-dev_sample-001336.png,..\dataset\mfcc_num_eq\cv-valid-dev_sample-001336_eq.npy,..\dataset\mel_num_eq\cv-valid-dev_sample-001336_eq.npy
cv-valid-dev/sample-001340.mp3,7,1,14,..\dataset\mfcc_num\cv-valid-dev_sample-001340.npy,..\dataset\mfcc_spec\cv-valid-dev_sample-001340.png,..\dataset\mel_num\cv-valid-dev_sample-001340.npy,..\dataset\mel_spec\cv-valid-dev_sample-001340.png,..\dataset\mfcc_num_eq\cv-valid-dev_sample-001340_eq.npy,..\dataset\mel_num_eq\cv-valid-dev_sample-001340_eq.npy
cv-valid-dev/sample-001345.mp3,6,1,14,..\dataset\mfcc_num\cv-valid-dev_sample-001345.npy,..\dataset\mfcc_spec\cv-valid-dev_sample-001345.png,..\dataset\mel_num\cv-valid-dev_sample-001345.npy,..\dataset\mel_spec\cv-valid-dev_sample-001345.png,..\dataset\mfcc_num_eq\cv-valid-dev_sample-001345_eq.npy,..\dataset\mel_num_eq\cv-valid-dev_sample-001345_eq.npy
cv-valid-dev/sample-001349.mp3,2,1,14,..\dataset\mfcc_num\cv-valid-dev_sample-001349.npy,..\dataset\mfcc_spec\cv-valid-dev_sample-001349.png,..\dataset\mel_num\cv-valid-dev_sample-001349.npy,..\dataset\mel_spec\cv-valid-dev_sample-001349.png,..\dataset\mfcc_num_eq\cv-valid-dev_sample-001349_eq.npy,..\dataset\mel_num_eq\cv-valid-dev_sample-001349_eq.npy
cv-valid-dev/sample-001350.mp3,7,1,6,..\dataset\mfcc_num\cv-valid-dev_sample-001350.npy,..\dataset\mfcc_spec\cv-valid-dev_sample-001350.png,..\dataset\mel_num\cv-valid-dev_sample-001350.npy,..\dataset\mel_spec\cv-valid-dev_sample-001350.png,..\dataset\mfcc_num_eq\cv-valid-dev_sample-001350_eq.npy,..\dataset\mel_num_eq\cv-valid-dev_sample-001350_eq.npy
cv-valid-dev/sample-001354.mp3,7,0,14,..\dataset\mfcc_num\cv-valid-dev_sample-001354.npy,..\dataset\mfcc_spec\cv-valid-dev_sample-001354.png,..\dataset\mel_num\cv-valid-dev_sample-001354.npy,..\dataset\mel_spec\cv-valid-dev_sample-001354.png,..\dataset\mfcc_num_eq\cv-valid-dev_sample-001354_eq.npy,..\dataset\mel_num_eq\cv-valid-dev_sample-001354_eq.npy
cv-valid-dev/sample-001358.mp3,1,0,4,..\dataset\mfcc_num\cv-valid-dev_sample-001358.npy,..\dataset\mfcc_spec\cv-valid-dev_sample-001358.png,..\dataset\mel_num\cv-valid-dev_sample-001358.npy,..\dataset\mel_spec\cv-valid-dev_sample-001358.png,..\dataset\mfcc_num_eq\cv-valid-dev_sample-001358_eq.npy,..\dataset\mel_num_eq\cv-valid-dev_sample-001358_eq.npy
cv-valid-dev/sample-001359.mp3,2,1,4,..\dataset\mfcc_num\cv-valid-dev_sample-001359.npy,..\dataset\mfcc_spec\cv-valid-dev_sample-001359.png,..\dataset\mel_num\cv-valid-dev_sample-001359.npy,..\dataset\mel_spec\cv-valid-dev_sample-001359.png,..\dataset\mfcc_num_eq\cv-valid-dev_sample-001359_eq.npy,..\dataset\mel_num_eq\cv-valid-dev_sample-001359_eq.npy
cv-valid-dev/sample-001361.mp3,2,1,4,..\dataset\mfcc_num\cv-valid-dev_sample-001361.npy,..\dataset\mfcc_spec\cv-valid-dev_sample-001361.png,..\dataset\mel_num\cv-valid-dev_sample-001361.npy,..\dataset\mel_spec\cv-valid-dev_sample-001361.png,..\dataset\mfcc_num_eq\cv-valid-dev_sample-001361_eq.npy,..\dataset\mel_num_eq\cv-valid-dev_sample-001361_eq.npy
cv-valid-dev/sample-001364.mp3,6,1,3,..\dataset\mfcc_num\cv-valid-dev_sample-001364.npy,..\dataset\mfcc_spec\cv-valid-dev_sample-001364.png,..\dataset\mel_num\cv-valid-dev_sample-001364.npy,..\dataset\mel_spec\cv-valid-dev_sample-001364.png,..\dataset\mfcc_num_eq\cv-valid-dev_sample-001364_eq.npy,..\dataset\mel_num_eq\cv-valid-dev_sample-001364_eq.npy
cv-valid-dev/sample-001365.mp3,7,0,3,..\dataset\mfcc_num\cv-valid-dev_sample-001365.npy,..\dataset\mfcc_spec\cv-valid-dev_sample-001365.png,..\dataset\mel_num\cv-valid-dev_sample-001365.npy,..\dataset\mel_spec\cv-valid-dev_sample-001365.png,..\dataset\mfcc_num_eq\cv-valid-dev_sample-001365_eq.npy,..\dataset\mel_num_eq\cv-valid-dev_sample-001365_eq.npy
cv-valid-dev/sample-001368.mp3,1,1,14,..\dataset\mfcc_num\cv-valid-dev_sample-001368.npy,..\dataset\mfcc_spec\cv-valid-dev_sample-001368.png,..\dataset\mel_num\cv-valid-dev_sample-001368.npy,..\dataset\mel_spec\cv-valid-dev_sample-001368.png,..\dataset\mfcc_num_eq\cv-valid-dev_sample-001368_eq.npy,..\dataset\mel_num_eq\cv-valid-dev_sample-001368_eq.npy
cv-valid-dev/sample-001381.mp3,7,1,14,..\dataset\mfcc_num\cv-valid-dev_sample-001381.npy,..\dataset\mfcc_spec\cv-valid-dev_sample-001381.png,..\dataset\mel_num\cv-valid-dev_sample-001381.npy,..\dataset\mel_spec\cv-valid-dev_sample-001381.png,..\dataset\mfcc_num_eq\cv-valid-dev_sample-001381_eq.npy,..\dataset\mel_num_eq\cv-valid-dev_sample-001381_eq.npy
cv-valid-dev/sample-001387.mp3,7,1,6,..\dataset\mfcc_num\cv-valid-dev_sample-001387.npy,..\dataset\mfcc_spec\cv-valid-dev_sample-001387.png,..\dataset\mel_num\cv-valid-dev_sample-001387.npy,..\dataset\mel_spec\cv-valid-dev_sample-001387.png,..\dataset\mfcc_num_eq\cv-valid-dev_sample-001387_eq.npy,..\dataset\mel_num_eq\cv-valid-dev_sample-001387_eq.npy
cv-valid-dev/sample-001388.mp3,1,0,14,..\dataset\mfcc_num\cv-valid-dev_sample-001388.npy,..\dataset\mfcc_spec\cv-valid-dev_sample-001388.png,..\dataset\mel_num\cv-valid-dev_sample-001388.npy,..\dataset\mel_spec\cv-valid-dev_sample-001388.png,..\dataset\mfcc_num_eq\cv-valid-dev_sample-001388_eq.npy,..\dataset\mel_num_eq\cv-valid-dev_sample-001388_eq.npy
cv-valid-dev/sample-001390.mp3,2,1,4,..\dataset\mfcc_num\cv-valid-dev_sample-001390.npy,..\dataset\mfcc_spec\cv-valid-dev_sample-001390.png,..\dataset\mel_num\cv-valid-dev_sample-001390.npy,..\dataset\mel_spec\cv-valid-dev_sample-001390.png,..\dataset\mfcc_num_eq\cv-valid-dev_sample-001390_eq.npy,..\dataset\mel_num_eq\cv-valid-dev_sample-001390_eq.npy
cv-valid-dev/sample-001394.mp3,6,1,14,..\dataset\mfcc_num\cv-valid-dev_sample-001394.npy,..\dataset\mfcc_spec\cv-valid-dev_sample-001394.png,..\dataset\mel_num\cv-valid-dev_sample-001394.npy,..\dataset\mel_spec\cv-valid-dev_sample-001394.png,..\dataset\mfcc_num_eq\cv-valid-dev_sample-001394_eq.npy,..\dataset\mel_num_eq\cv-valid-dev_sample-001394_eq.npy
cv-valid-dev/sample-001395.mp3,6,1,4,..\dataset\mfcc_num\cv-valid-dev_sample-001395.npy,..\dataset\mfcc_spec\cv-valid-dev_sample-001395.png,..\dataset\mel_num\cv-valid-dev_sample-001395.npy,..\dataset\mel_spec\cv-valid-dev_sample-001395.png,..\dataset\mfcc_num_eq\cv-valid-dev_sample-001395_eq.npy,..\dataset\mel_num_eq\cv-valid-dev_sample-001395_eq.npy
cv-valid-dev/sample-001396.mp3,7,0,14,..\dataset\mfcc_num\cv-valid-dev_sample-001396.npy,..\dataset\mfcc_spec\cv-valid-dev_sample-001396.png,..\dataset\mel_num\cv-valid-dev_sample-001396.npy,..\dataset\mel_spec\cv-valid-dev_sample-001396.png,..\dataset\mfcc_num_eq\cv-valid-dev_sample-001396_eq.npy,..\dataset\mel_num_eq\cv-valid-dev_sample-001396_eq.npy
cv-valid-dev/sample-001398.mp3,6,1,14,..\dataset\mfcc_num\cv-valid-dev_sample-001398.npy,..\dataset\mfcc_spec\cv-valid-dev_sample-001398.png,..\dataset\mel_num\cv-valid-dev_sample-001398.npy,..\dataset\mel_spec\cv-valid-dev_sample-001398.png,..\dataset\mfcc_num_eq\cv-valid-dev_sample-001398_eq.npy,..\dataset\mel_num_eq\cv-valid-dev_sample-001398_eq.npy
cv-valid-dev/sample-001401.mp3,6,1,4,..\dataset\mfcc_num\cv-valid-dev_sample-001401.npy,..\dataset\mfcc_spec\cv-valid-dev_sample-001401.png,..\dataset\mel_num\cv-valid-dev_sample-001401.npy,..\dataset\mel_spec\cv-valid-dev_sample-001401.png,..\dataset\mfcc_num_eq\cv-valid-dev_sample-001401_eq.npy,..\dataset\mel_num_eq\cv-valid-dev_sample-001401_eq.npy
cv-valid-dev/sample-001405.mp3,1,0,4,..\dataset\mfcc_num\cv-valid-dev_sample-001405.npy,..\dataset\mfcc_spec\cv-valid-dev_sample-001405.png,..\dataset\mel_num\cv-valid-dev_sample-001405.npy,..\dataset\mel_spec\cv-valid-dev_sample-001405.png,..\dataset\mfcc_num_eq\cv-valid-dev_sample-001405_eq.npy,..\dataset\mel_num_eq\cv-valid-dev_sample-001405_eq.npy
cv-valid-dev/sample-001406.mp3,2,1,1,..\dataset\mfcc_num\cv-valid-dev_sample-001406.npy,..\dataset\mfcc_spec\cv-valid-dev_sample-001406.png,..\dataset\mel_num\cv-valid-dev_sample-001406.npy,..\dataset\mel_spec\cv-valid-dev_sample-001406.png,..\dataset\mfcc_num_eq\cv-valid-dev_sample-001406_eq.npy,..\dataset\mel_num_eq\cv-valid-dev_sample-001406_eq.npy
cv-valid-dev/sample-001408.mp3,2,0,4,..\dataset\mfcc_num\cv-valid-dev_sample-001408.npy,..\dataset\mfcc_spec\cv-valid-dev_sample-001408.png,..\dataset\mel_num\cv-valid-dev_sample-001408.npy,..\dataset\mel_spec\cv-valid-dev_sample-001408.png,..\dataset\mfcc_num_eq\cv-valid-dev_sample-001408_eq.npy,..\dataset\mel_num_eq\cv-valid-dev_sample-001408_eq.npy
cv-valid-dev/sample-001410.mp3,5,1,14,..\dataset\mfcc_num\cv-valid-dev_sample-001410.npy,..\dataset\mfcc_spec\cv-valid-dev_sample-001410.png,..\dataset\mel_num\cv-valid-dev_sample-001410.npy,..\dataset\mel_spec\cv-valid-dev_sample-001410.png,..\dataset\mfcc_num_eq\cv-valid-dev_sample-001410_eq.npy,..\dataset\mel_num_eq\cv-valid-dev_sample-001410_eq.npy
cv-valid-dev/sample-001425.mp3,2,1,0,..\dataset\mfcc_num\cv-valid-dev_sample-001425.npy,..\dataset\mfcc_spec\cv-valid-dev_sample-001425.png,..\dataset\mel_num\cv-valid-dev_sample-001425.npy,..\dataset\mel_spec\cv-valid-dev_sample-001425.png,..\dataset\mfcc_num_eq\cv-valid-dev_sample-001425_eq.npy,..\dataset\mel_num_eq\cv-valid-dev_sample-001425_eq.npy
cv-valid-dev/sample-001426.mp3,7,1,14,..\dataset\mfcc_num\cv-valid-dev_sample-001426.npy,..\dataset\mfcc_spec\cv-valid-dev_sample-001426.png,..\dataset\mel_num\cv-valid-dev_sample-001426.npy,..\dataset\mel_spec\cv-valid-dev_sample-001426.png,..\dataset\mfcc_num_eq\cv-valid-dev_sample-001426_eq.npy,..\dataset\mel_num_eq\cv-valid-dev_sample-001426_eq.npy
cv-valid-dev/sample-001427.mp3,6,1,14,..\dataset\mfcc_num\cv-valid-dev_sample-001427.npy,..\dataset\mfcc_spec\cv-valid-dev_sample-001427.png,..\dataset\mel_num\cv-valid-dev_sample-001427.npy,..\dataset\mel_spec\cv-valid-dev_sample-001427.png,..\dataset\mfcc_num_eq\cv-valid-dev_sample-001427_eq.npy,..\dataset\mel_num_eq\cv-valid-dev_sample-001427_eq.npy
cv-valid-dev/sample-001433.mp3,4,0,14,..\dataset\mfcc_num\cv-valid-dev_sample-001433.npy,..\dataset\mfcc_spec\cv-valid-dev_sample-001433.png,..\dataset\mel_num\cv-valid-dev_sample-001433.npy,..\dataset\mel_spec\cv-valid-dev_sample-001433.png,..\dataset\mfcc_num_eq\cv-valid-dev_sample-001433_eq.npy,..\dataset\mel_num_eq\cv-valid-dev_sample-001433_eq.npy
cv-valid-dev/sample-001435.mp3,5,1,6,..\dataset\mfcc_num\cv-valid-dev_sample-001435.npy,..\dataset\mfcc_spec\cv-valid-dev_sample-001435.png,..\dataset\mel_num\cv-valid-dev_sample-001435.npy,..\dataset\mel_spec\cv-valid-dev_sample-001435.png,..\dataset\mfcc_num_eq\cv-valid-dev_sample-001435_eq.npy,..\dataset\mel_num_eq\cv-valid-dev_sample-001435_eq.npy
cv-valid-dev/sample-001437.mp3,7,1,4,..\dataset\mfcc_num\cv-valid-dev_sample-001437.npy,..\dataset\mfcc_spec\cv-valid-dev_sample-001437.png,..\dataset\mel_num\cv-valid-dev_sample-001437.npy,..\dataset\mel_spec\cv-valid-dev_sample-001437.png,..\dataset\mfcc_num_eq\cv-valid-dev_sample-001437_eq.npy,..\dataset\mel_num_eq\cv-valid-dev_sample-001437_eq.npy
cv-valid-dev/sample-001444.mp3,5,1,14,..\dataset\mfcc_num\cv-valid-dev_sample-001444.npy,..\dataset\mfcc_spec\cv-valid-dev_sample-001444.png,..\dataset\mel_num\cv-valid-dev_sample-001444.npy,..\dataset\mel_spec\cv-valid-dev_sample-001444.png,..\dataset\mfcc_num_eq\cv-valid-dev_sample-001444_eq.npy,..\dataset\mel_num_eq\cv-valid-dev_sample-001444_eq.npy
cv-valid-dev/sample-001453.mp3,1,0,1,..\dataset\mfcc_num\cv-valid-dev_sample-001453.npy,..\dataset\mfcc_spec\cv-valid-dev_sample-001453.png,..\dataset\mel_num\cv-valid-dev_sample-001453.npy,..\dataset\mel_spec\cv-valid-dev_sample-001453.png,..\dataset\mfcc_num_eq\cv-valid-dev_sample-001453_eq.npy,..\dataset\mel_num_eq\cv-valid-dev_sample-001453_eq.npy
cv-valid-dev/sample-001455.mp3,2,0,3,..\dataset\mfcc_num\cv-valid-dev_sample-001455.npy,..\dataset\mfcc_spec\cv-valid-dev_sample-001455.png,..\dataset\mel_num\cv-valid-dev_sample-001455.npy,..\dataset\mel_spec\cv-valid-dev_sample-001455.png,..\dataset\mfcc_num_eq\cv-valid-dev_sample-001455_eq.npy,..\dataset\mel_num_eq\cv-valid-dev_sample-001455_eq.npy
cv-valid-dev/sample-001456.mp3,2,1,4,..\dataset\mfcc_num\cv-valid-dev_sample-001456.npy,..\dataset\mfcc_spec\cv-valid-dev_sample-001456.png,..\dataset\mel_num\cv-valid-dev_sample-001456.npy,..\dataset\mel_spec\cv-valid-dev_sample-001456.png,..\dataset\mfcc_num_eq\cv-valid-dev_sample-001456_eq.npy,..\dataset\mel_num_eq\cv-valid-dev_sample-001456_eq.npy
cv-valid-dev/sample-001457.mp3,2,1,0,..\dataset\mfcc_num\cv-valid-dev_sample-001457.npy,..\dataset\mfcc_spec\cv-valid-dev_sample-001457.png,..\dataset\mel_num\cv-valid-dev_sample-001457.npy,..\dataset\mel_spec\cv-valid-dev_sample-001457.png,..\dataset\mfcc_num_eq\cv-valid-dev_sample-001457_eq.npy,..\dataset\mel_num_eq\cv-valid-dev_sample-001457_eq.npy
cv-valid-dev/sample-001459.mp3,7,1,14,..\dataset\mfcc_num\cv-valid-dev_sample-001459.npy,..\dataset\mfcc_spec\cv-valid-dev_sample-001459.png,..\dataset\mel_num\cv-valid-dev_sample-001459.npy,..\dataset\mel_spec\cv-valid-dev_sample-001459.png,..\dataset\mfcc_num_eq\cv-valid-dev_sample-001459_eq.npy,..\dataset\mel_num_eq\cv-valid-dev_sample-001459_eq.npy
cv-valid-dev/sample-001461.mp3,7,1,14,..\dataset\mfcc_num\cv-valid-dev_sample-001461.npy,..\dataset\mfcc_spec\cv-valid-dev_sample-001461.png,..\dataset\mel_num\cv-valid-dev_sample-001461.npy,..\dataset\mel_spec\cv-valid-dev_sample-001461.png,..\dataset\mfcc_num_eq\cv-valid-dev_sample-001461_eq.npy,..\dataset\mel_num_eq\cv-valid-dev_sample-001461_eq.npy
cv-valid-dev/sample-001464.mp3,7,0,14,..\dataset\mfcc_num\cv-valid-dev_sample-001464.npy,..\dataset\mfcc_spec\cv-valid-dev_sample-001464.png,..\dataset\mel_num\cv-valid-dev_sample-001464.npy,..\dataset\mel_spec\cv-valid-dev_sample-001464.png,..\dataset\mfcc_num_eq\cv-valid-dev_sample-001464_eq.npy,..\dataset\mel_num_eq\cv-valid-dev_sample-001464_eq.npy
cv-valid-dev/sample-001467.mp3,1,1,14,..\dataset\mfcc_num\cv-valid-dev_sample-001467.npy,..\dataset\mfcc_spec\cv-valid-dev_sample-001467.png,..\dataset\mel_num\cv-valid-dev_sample-001467.npy,..\dataset\mel_spec\cv-valid-dev_sample-001467.png,..\dataset\mfcc_num_eq\cv-valid-dev_sample-001467_eq.npy,..\dataset\mel_num_eq\cv-valid-dev_sample-001467_eq.npy
cv-valid-dev/sample-001469.mp3,7,1,4,..\dataset\mfcc_num\cv-valid-dev_sample-001469.npy,..\dataset\mfcc_spec\cv-valid-dev_sample-001469.png,..\dataset\mel_num\cv-valid-dev_sample-001469.npy,..\dataset\mel_spec\cv-valid-dev_sample-001469.png,..\dataset\mfcc_num_eq\cv-valid-dev_sample-001469_eq.npy,..\dataset\mel_num_eq\cv-valid-dev_sample-001469_eq.npy
cv-valid-dev/sample-001477.mp3,6,1,14,..\dataset\mfcc_num\cv-valid-dev_sample-001477.npy,..\dataset\mfcc_spec\cv-valid-dev_sample-001477.png,..\dataset\mel_num\cv-valid-dev_sample-001477.npy,..\dataset\mel_spec\cv-valid-dev_sample-001477.png,..\dataset\mfcc_num_eq\cv-valid-dev_sample-001477_eq.npy,..\dataset\mel_num_eq\cv-valid-dev_sample-001477_eq.npy
cv-valid-dev/sample-001479.mp3,6,1,1,..\dataset\mfcc_num\cv-valid-dev_sample-001479.npy,..\dataset\mfcc_spec\cv-valid-dev_sample-001479.png,..\dataset\mel_num\cv-valid-dev_sample-001479.npy,..\dataset\mel_spec\cv-valid-dev_sample-001479.png,..\dataset\mfcc_num_eq\cv-valid-dev_sample-001479_eq.npy,..\dataset\mel_num_eq\cv-valid-dev_sample-001479_eq.npy
cv-valid-dev/sample-001480.mp3,6,0,3,..\dataset\mfcc_num\cv-valid-dev_sample-001480.npy,..\dataset\mfcc_spec\cv-valid-dev_sample-001480.png,..\dataset\mel_num\cv-valid-dev_sample-001480.npy,..\dataset\mel_spec\cv-valid-dev_sample-001480.png,..\dataset\mfcc_num_eq\cv-valid-dev_sample-001480_eq.npy,..\dataset\mel_num_eq\cv-valid-dev_sample-001480_eq.npy
cv-valid-dev/sample-001483.mp3,6,0,6,..\dataset\mfcc_num\cv-valid-dev_sample-001483.npy,..\dataset\mfcc_spec\cv-valid-dev_sample-001483.png,..\dataset\mel_num\cv-valid-dev_sample-001483.npy,..\dataset\mel_spec\cv-valid-dev_sample-001483.png,..\dataset\mfcc_num_eq\cv-valid-dev_sample-001483_eq.npy,..\dataset\mel_num_eq\cv-valid-dev_sample-001483_eq.npy
cv-valid-dev/sample-001484.mp3,3,1,1,..\dataset\mfcc_num\cv-valid-dev_sample-001484.npy,..\dataset\mfcc_spec\cv-valid-dev_sample-001484.png,..\dataset\mel_num\cv-valid-dev_sample-001484.npy,..\dataset\mel_spec\cv-valid-dev_sample-001484.png,..\dataset\mfcc_num_eq\cv-valid-dev_sample-001484_eq.npy,..\dataset\mel_num_eq\cv-valid-dev_sample-001484_eq.npy
cv-valid-dev/sample-001488.mp3,2,1,14,..\dataset\mfcc_num\cv-valid-dev_sample-001488.npy,..\dataset\mfcc_spec\cv-valid-dev_sample-001488.png,..\dataset\mel_num\cv-valid-dev_sample-001488.npy,..\dataset\mel_spec\cv-valid-dev_sample-001488.png,..\dataset\mfcc_num_eq\cv-valid-dev_sample-001488_eq.npy,..\dataset\mel_num_eq\cv-valid-dev_sample-001488_eq.npy
cv-valid-dev/sample-001489.mp3,6,1,14,..\dataset\mfcc_num\cv-valid-dev_sample-001489.npy,..\dataset\mfcc_spec\cv-valid-dev_sample-001489.png,..\dataset\mel_num\cv-valid-dev_sample-001489.npy,..\dataset\mel_spec\cv-valid-dev_sample-001489.png,..\dataset\mfcc_num_eq\cv-valid-dev_sample-001489_eq.npy,..\dataset\mel_num_eq\cv-valid-dev_sample-001489_eq.npy
cv-valid-dev/sample-001492.mp3,6,0,14,..\dataset\mfcc_num\cv-valid-dev_sample-001492.npy,..\dataset\mfcc_spec\cv-valid-dev_sample-001492.png,..\dataset\mel_num\cv-valid-dev_sample-001492.npy,..\dataset\mel_spec\cv-valid-dev_sample-001492.png,..\dataset\mfcc_num_eq\cv-valid-dev_sample-001492_eq.npy,..\dataset\mel_num_eq\cv-valid-dev_sample-001492_eq.npy
cv-valid-dev/sample-001493.mp3,5,1,14,..\dataset\mfcc_num\cv-valid-dev_sample-001493.npy,..\dataset\mfcc_spec\cv-valid-dev_sample-001493.png,..\dataset\mel_num\cv-valid-dev_sample-001493.npy,..\dataset\mel_spec\cv-valid-dev_sample-001493.png,..\dataset\mfcc_num_eq\cv-valid-dev_sample-001493_eq.npy,..\dataset\mel_num_eq\cv-valid-dev_sample-001493_eq.npy
cv-valid-dev/sample-001494.mp3,7,1,4,..\dataset\mfcc_num\cv-valid-dev_sample-001494.npy,..\dataset\mfcc_spec\cv-valid-dev_sample-001494.png,..\dataset\mel_num\cv-valid-dev_sample-001494.npy,..\dataset\mel_spec\cv-valid-dev_sample-001494.png,..\dataset\mfcc_num_eq\cv-valid-dev_sample-001494_eq.npy,..\dataset\mel_num_eq\cv-valid-dev_sample-001494_eq.npy
cv-valid-dev/sample-001496.mp3,2,1,4,..\dataset\mfcc_num\cv-valid-dev_sample-001496.npy,..\dataset\mfcc_spec\cv-valid-dev_sample-001496.png,..\dataset\mel_num\cv-valid-dev_sample-001496.npy,..\dataset\mel_spec\cv-valid-dev_sample-001496.png,..\dataset\mfcc_num_eq\cv-valid-dev_sample-001496_eq.npy,..\dataset\mel_num_eq\cv-valid-dev_sample-001496_eq.npy
cv-valid-dev/sample-001499.mp3,7,0,3,..\dataset\mfcc_num\cv-valid-dev_sample-001499.npy,..\dataset\mfcc_spec\cv-valid-dev_sample-001499.png,..\dataset\mel_num\cv-valid-dev_sample-001499.npy,..\dataset\mel_spec\cv-valid-dev_sample-001499.png,..\dataset\mfcc_num_eq\cv-valid-dev_sample-001499_eq.npy,..\dataset\mel_num_eq\cv-valid-dev_sample-001499_eq.npy
cv-valid-dev/sample-001500.mp3,7,1,14,..\dataset\mfcc_num\cv-valid-dev_sample-001500.npy,..\dataset\mfcc_spec\cv-valid-dev_sample-001500.png,..\dataset\mel_num\cv-valid-dev_sample-001500.npy,..\dataset\mel_spec\cv-valid-dev_sample-001500.png,..\dataset\mfcc_num_eq\cv-valid-dev_sample-001500_eq.npy,..\dataset\mel_num_eq\cv-valid-dev_sample-001500_eq.npy
cv-valid-dev/sample-001508.mp3,7,1,11,..\dataset\mfcc_num\cv-valid-dev_sample-001508.npy,..\dataset\mfcc_spec\cv-valid-dev_sample-001508.png,..\dataset\mel_num\cv-valid-dev_sample-001508.npy,..\dataset\mel_spec\cv-valid-dev_sample-001508.png,..\dataset\mfcc_num_eq\cv-valid-dev_sample-001508_eq.npy,..\dataset\mel_num_eq\cv-valid-dev_sample-001508_eq.npy
cv-valid-dev/sample-001511.mp3,2,1,4,..\dataset\mfcc_num\cv-valid-dev_sample-001511.npy,..\dataset\mfcc_spec\cv-valid-dev_sample-001511.png,..\dataset\mel_num\cv-valid-dev_sample-001511.npy,..\dataset\mel_spec\cv-valid-dev_sample-001511.png,..\dataset\mfcc_num_eq\cv-valid-dev_sample-001511_eq.npy,..\dataset\mel_num_eq\cv-valid-dev_sample-001511_eq.npy
cv-valid-dev/sample-001517.mp3,6,0,3,..\dataset\mfcc_num\cv-valid-dev_sample-001517.npy,..\dataset\mfcc_spec\cv-valid-dev_sample-001517.png,..\dataset\mel_num\cv-valid-dev_sample-001517.npy,..\dataset\mel_spec\cv-valid-dev_sample-001517.png,..\dataset\mfcc_num_eq\cv-valid-dev_sample-001517_eq.npy,..\dataset\mel_num_eq\cv-valid-dev_sample-001517_eq.npy
cv-valid-dev/sample-001518.mp3,2,1,5,..\dataset\mfcc_num\cv-valid-dev_sample-001518.npy,..\dataset\mfcc_spec\cv-valid-dev_sample-001518.png,..\dataset\mel_num\cv-valid-dev_sample-001518.npy,..\dataset\mel_spec\cv-valid-dev_sample-001518.png,..\dataset\mfcc_num_eq\cv-valid-dev_sample-001518_eq.npy,..\dataset\mel_num_eq\cv-valid-dev_sample-001518_eq.npy
cv-valid-dev/sample-001519.mp3,7,0,3,..\dataset\mfcc_num\cv-valid-dev_sample-001519.npy,..\dataset\mfcc_spec\cv-valid-dev_sample-001519.png,..\dataset\mel_num\cv-valid-dev_sample-001519.npy,..\dataset\mel_spec\cv-valid-dev_sample-001519.png,..\dataset\mfcc_num_eq\cv-valid-dev_sample-001519_eq.npy,..\dataset\mel_num_eq\cv-valid-dev_sample-001519_eq.npy
cv-valid-dev/sample-001520.mp3,2,1,14,..\dataset\mfcc_num\cv-valid-dev_sample-001520.npy,..\dataset\mfcc_spec\cv-valid-dev_sample-001520.png,..\dataset\mel_num\cv-valid-dev_sample-001520.npy,..\dataset\mel_spec\cv-valid-dev_sample-001520.png,..\dataset\mfcc_num_eq\cv-valid-dev_sample-001520_eq.npy,..\dataset\mel_num_eq\cv-valid-dev_sample-001520_eq.npy
cv-valid-dev/sample-001525.mp3,6,0,6,..\dataset\mfcc_num\cv-valid-dev_sample-001525.npy,..\dataset\mfcc_spec\cv-valid-dev_sample-001525.png,..\dataset\mel_num\cv-valid-dev_sample-001525.npy,..\dataset\mel_spec\cv-valid-dev_sample-001525.png,..\dataset\mfcc_num_eq\cv-valid-dev_sample-001525_eq.npy,..\dataset\mel_num_eq\cv-valid-dev_sample-001525_eq.npy
cv-valid-dev/sample-001529.mp3,6,1,14,..\dataset\mfcc_num\cv-valid-dev_sample-001529.npy,..\dataset\mfcc_spec\cv-valid-dev_sample-001529.png,..\dataset\mel_num\cv-valid-dev_sample-001529.npy,..\dataset\mel_spec\cv-valid-dev_sample-001529.png,..\dataset\mfcc_num_eq\cv-valid-dev_sample-001529_eq.npy,..\dataset\mel_num_eq\cv-valid-dev_sample-001529_eq.npy
cv-valid-dev/sample-001537.mp3,5,1,14,..\dataset\mfcc_num\cv-valid-dev_sample-001537.npy,..\dataset\mfcc_spec\cv-valid-dev_sample-001537.png,..\dataset\mel_num\cv-valid-dev_sample-001537.npy,..\dataset\mel_spec\cv-valid-dev_sample-001537.png,..\dataset\mfcc_num_eq\cv-valid-dev_sample-001537_eq.npy,..\dataset\mel_num_eq\cv-valid-dev_sample-001537_eq.npy
cv-valid-dev/sample-001543.mp3,1,1,11,..\dataset\mfcc_num\cv-valid-dev_sample-001543.npy,..\dataset\mfcc_spec\cv-valid-dev_sample-001543.png,..\dataset\mel_num\cv-valid-dev_sample-001543.npy,..\dataset\mel_spec\cv-valid-dev_sample-001543.png,..\dataset\mfcc_num_eq\cv-valid-dev_sample-001543_eq.npy,..\dataset\mel_num_eq\cv-valid-dev_sample-001543_eq.npy
cv-valid-dev/sample-001549.mp3,6,0,14,..\dataset\mfcc_num\cv-valid-dev_sample-001549.npy,..\dataset\mfcc_spec\cv-valid-dev_sample-001549.png,..\dataset\mel_num\cv-valid-dev_sample-001549.npy,..\dataset\mel_spec\cv-valid-dev_sample-001549.png,..\dataset\mfcc_num_eq\cv-valid-dev_sample-001549_eq.npy,..\dataset\mel_num_eq\cv-valid-dev_sample-001549_eq.npy
cv-valid-dev/sample-001553.mp3,6,1,3,..\dataset\mfcc_num\cv-valid-dev_sample-001553.npy,..\dataset\mfcc_spec\cv-valid-dev_sample-001553.png,..\dataset\mel_num\cv-valid-dev_sample-001553.npy,..\dataset\mel_spec\cv-valid-dev_sample-001553.png,..\dataset\mfcc_num_eq\cv-valid-dev_sample-001553_eq.npy,..\dataset\mel_num_eq\cv-valid-dev_sample-001553_eq.npy
cv-valid-dev/sample-001554.mp3,2,1,14,..\dataset\mfcc_num\cv-valid-dev_sample-001554.npy,..\dataset\mfcc_spec\cv-valid-dev_sample-001554.png,..\dataset\mel_num\cv-valid-dev_sample-001554.npy,..\dataset\mel_spec\cv-valid-dev_sample-001554.png,..\dataset\mfcc_num_eq\cv-valid-dev_sample-001554_eq.npy,..\dataset\mel_num_eq\cv-valid-dev_sample-001554_eq.npy
cv-valid-dev/sample-001556.mp3,6,1,14,..\dataset\mfcc_num\cv-valid-dev_sample-001556.npy,..\dataset\mfcc_spec\cv-valid-dev_sample-001556.png,..\dataset\mel_num\cv-valid-dev_sample-001556.npy,..\dataset\mel_spec\cv-valid-dev_sample-001556.png,..\dataset\mfcc_num_eq\cv-valid-dev_sample-001556_eq.npy,..\dataset\mel_num_eq\cv-valid-dev_sample-001556_eq.npy
cv-valid-dev/sample-001558.mp3,6,1,14,..\dataset\mfcc_num\cv-valid-dev_sample-001558.npy,..\dataset\mfcc_spec\cv-valid-dev_sample-001558.png,..\dataset\mel_num\cv-valid-dev_sample-001558.npy,..\dataset\mel_spec\cv-valid-dev_sample-001558.png,..\dataset\mfcc_num_eq\cv-valid-dev_sample-001558_eq.npy,..\dataset\mel_num_eq\cv-valid-dev_sample-001558_eq.npy
cv-valid-dev/sample-001561.mp3,1,1,1,..\dataset\mfcc_num\cv-valid-dev_sample-001561.npy,..\dataset\mfcc_spec\cv-valid-dev_sample-001561.png,..\dataset\mel_num\cv-valid-dev_sample-001561.npy,..\dataset\mel_spec\cv-valid-dev_sample-001561.png,..\dataset\mfcc_num_eq\cv-valid-dev_sample-001561_eq.npy,..\dataset\mel_num_eq\cv-valid-dev_sample-001561_eq.npy
cv-valid-dev/sample-001562.mp3,6,1,1,..\dataset\mfcc_num\cv-valid-dev_sample-001562.npy,..\dataset\mfcc_spec\cv-valid-dev_sample-001562.png,..\dataset\mel_num\cv-valid-dev_sample-001562.npy,..\dataset\mel_spec\cv-valid-dev_sample-001562.png,..\dataset\mfcc_num_eq\cv-valid-dev_sample-001562_eq.npy,..\dataset\mel_num_eq\cv-valid-dev_sample-001562_eq.npy
cv-valid-dev/sample-001563.mp3,1,1,1,..\dataset\mfcc_num\cv-valid-dev_sample-001563.npy,..\dataset\mfcc_spec\cv-valid-dev_sample-001563.png,..\dataset\mel_num\cv-valid-dev_sample-001563.npy,..\dataset\mel_spec\cv-valid-dev_sample-001563.png,..\dataset\mfcc_num_eq\cv-valid-dev_sample-001563_eq.npy,..\dataset\mel_num_eq\cv-valid-dev_sample-001563_eq.npy
cv-valid-dev/sample-001564.mp3,6,1,1,..\dataset\mfcc_num\cv-valid-dev_sample-001564.npy,..\dataset\mfcc_spec\cv-valid-dev_sample-001564.png,..\dataset\mel_num\cv-valid-dev_sample-001564.npy,..\dataset\mel_spec\cv-valid-dev_sample-001564.png,..\dataset\mfcc_num_eq\cv-valid-dev_sample-001564_eq.npy,..\dataset\mel_num_eq\cv-valid-dev_sample-001564_eq.npy
cv-valid-dev/sample-001567.mp3,5,0,14,..\dataset\mfcc_num\cv-valid-dev_sample-001567.npy,..\dataset\mfcc_spec\cv-valid-dev_sample-001567.png,..\dataset\mel_num\cv-valid-dev_sample-001567.npy,..\dataset\mel_spec\cv-valid-dev_sample-001567.png,..\dataset\mfcc_num_eq\cv-valid-dev_sample-001567_eq.npy,..\dataset\mel_num_eq\cv-valid-dev_sample-001567_eq.npy
cv-valid-dev/sample-001568.mp3,6,1,4,..\dataset\mfcc_num\cv-valid-dev_sample-001568.npy,..\dataset\mfcc_spec\cv-valid-dev_sample-001568.png,..\dataset\mel_num\cv-valid-dev_sample-001568.npy,..\dataset\mel_spec\cv-valid-dev_sample-001568.png,..\dataset\mfcc_num_eq\cv-valid-dev_sample-001568_eq.npy,..\dataset\mel_num_eq\cv-valid-dev_sample-001568_eq.npy
cv-valid-dev/sample-001575.mp3,7,1,14,..\dataset\mfcc_num\cv-valid-dev_sample-001575.npy,..\dataset\mfcc_spec\cv-valid-dev_sample-001575.png,..\dataset\mel_num\cv-valid-dev_sample-001575.npy,..\dataset\mel_spec\cv-valid-dev_sample-001575.png,..\dataset\mfcc_num_eq\cv-valid-dev_sample-001575_eq.npy,..\dataset\mel_num_eq\cv-valid-dev_sample-001575_eq.npy
cv-valid-dev/sample-001578.mp3,6,0,14,..\dataset\mfcc_num\cv-valid-dev_sample-001578.npy,..\dataset\mfcc_spec\cv-valid-dev_sample-001578.png,..\dataset\mel_num\cv-valid-dev_sample-001578.npy,..\dataset\mel_spec\cv-valid-dev_sample-001578.png,..\dataset\mfcc_num_eq\cv-valid-dev_sample-001578_eq.npy,..\dataset\mel_num_eq\cv-valid-dev_sample-001578_eq.npy
cv-valid-dev/sample-001580.mp3,6,1,14,..\dataset\mfcc_num\cv-valid-dev_sample-001580.npy,..\dataset\mfcc_spec\cv-valid-dev_sample-001580.png,..\dataset\mel_num\cv-valid-dev_sample-001580.npy,..\dataset\mel_spec\cv-valid-dev_sample-001580.png,..\dataset\mfcc_num_eq\cv-valid-dev_sample-001580_eq.npy,..\dataset\mel_num_eq\cv-valid-dev_sample-001580_eq.npy
cv-valid-dev/sample-001581.mp3,1,1,1,..\dataset\mfcc_num\cv-valid-dev_sample-001581.npy,..\dataset\mfcc_spec\cv-valid-dev_sample-001581.png,..\dataset\mel_num\cv-valid-dev_sample-001581.npy,..\dataset\mel_spec\cv-valid-dev_sample-001581.png,..\dataset\mfcc_num_eq\cv-valid-dev_sample-001581_eq.npy,..\dataset\mel_num_eq\cv-valid-dev_sample-001581_eq.npy
cv-valid-dev/sample-001593.mp3,2,1,4,..\dataset\mfcc_num\cv-valid-dev_sample-001593.npy,..\dataset\mfcc_spec\cv-valid-dev_sample-001593.png,..\dataset\mel_num\cv-valid-dev_sample-001593.npy,..\dataset\mel_spec\cv-valid-dev_sample-001593.png,..\dataset\mfcc_num_eq\cv-valid-dev_sample-001593_eq.npy,..\dataset\mel_num_eq\cv-valid-dev_sample-001593_eq.npy
cv-valid-dev/sample-001596.mp3,1,0,1,..\dataset\mfcc_num\cv-valid-dev_sample-001596.npy,..\dataset\mfcc_spec\cv-valid-dev_sample-001596.png,..\dataset\mel_num\cv-valid-dev_sample-001596.npy,..\dataset\mel_spec\cv-valid-dev_sample-001596.png,..\dataset\mfcc_num_eq\cv-valid-dev_sample-001596_eq.npy,..\dataset\mel_num_eq\cv-valid-dev_sample-001596_eq.npy
cv-valid-dev/sample-001599.mp3,1,0,4,..\dataset\mfcc_num\cv-valid-dev_sample-001599.npy,..\dataset\mfcc_spec\cv-valid-dev_sample-001599.png,..\dataset\mel_num\cv-valid-dev_sample-001599.npy,..\dataset\mel_spec\cv-valid-dev_sample-001599.png,..\dataset\mfcc_num_eq\cv-valid-dev_sample-001599_eq.npy,..\dataset\mel_num_eq\cv-valid-dev_sample-001599_eq.npy
cv-valid-dev/sample-001600.mp3,2,1,4,..\dataset\mfcc_num\cv-valid-dev_sample-001600.npy,..\dataset\mfcc_spec\cv-valid-dev_sample-001600.png,..\dataset\mel_num\cv-valid-dev_sample-001600.npy,..\dataset\mel_spec\cv-valid-dev_sample-001600.png,..\dataset\mfcc_num_eq\cv-valid-dev_sample-001600_eq.npy,..\dataset\mel_num_eq\cv-valid-dev_sample-001600_eq.npy
cv-valid-dev/sample-001606.mp3,1,1,4,..\dataset\mfcc_num\cv-valid-dev_sample-001606.npy,..\dataset\mfcc_spec\cv-valid-dev_sample-001606.png,..\dataset\mel_num\cv-valid-dev_sample-001606.npy,..\dataset\mel_spec\cv-valid-dev_sample-001606.png,..\dataset\mfcc_num_eq\cv-valid-dev_sample-001606_eq.npy,..\dataset\mel_num_eq\cv-valid-dev_sample-001606_eq.npy
cv-valid-dev/sample-001608.mp3,7,0,10,..\dataset\mfcc_num\cv-valid-dev_sample-001608.npy,..\dataset\mfcc_spec\cv-valid-dev_sample-001608.png,..\dataset\mel_num\cv-valid-dev_sample-001608.npy,..\dataset\mel_spec\cv-valid-dev_sample-001608.png,..\dataset\mfcc_num_eq\cv-valid-dev_sample-001608_eq.npy,..\dataset\mel_num_eq\cv-valid-dev_sample-001608_eq.npy
cv-valid-dev/sample-001611.mp3,6,0,14,..\dataset\mfcc_num\cv-valid-dev_sample-001611.npy,..\dataset\mfcc_spec\cv-valid-dev_sample-001611.png,..\dataset\mel_num\cv-valid-dev_sample-001611.npy,..\dataset\mel_spec\cv-valid-dev_sample-001611.png,..\dataset\mfcc_num_eq\cv-valid-dev_sample-001611_eq.npy,..\dataset\mel_num_eq\cv-valid-dev_sample-001611_eq.npy
cv-valid-dev/sample-001612.mp3,1,1,1,..\dataset\mfcc_num\cv-valid-dev_sample-001612.npy,..\dataset\mfcc_spec\cv-valid-dev_sample-001612.png,..\dataset\mel_num\cv-valid-dev_sample-001612.npy,..\dataset\mel_spec\cv-valid-dev_sample-001612.png,..\dataset\mfcc_num_eq\cv-valid-dev_sample-001612_eq.npy,..\dataset\mel_num_eq\cv-valid-dev_sample-001612_eq.npy
cv-valid-dev/sample-001614.mp3,4,1,4,..\dataset\mfcc_num\cv-valid-dev_sample-001614.npy,..\dataset\mfcc_spec\cv-valid-dev_sample-001614.png,..\dataset\mel_num\cv-valid-dev_sample-001614.npy,..\dataset\mel_spec\cv-valid-dev_sample-001614.png,..\dataset\mfcc_num_eq\cv-valid-dev_sample-001614_eq.npy,..\dataset\mel_num_eq\cv-valid-dev_sample-001614_eq.npy
cv-valid-dev/sample-001618.mp3,1,1,4,..\dataset\mfcc_num\cv-valid-dev_sample-001618.npy,..\dataset\mfcc_spec\cv-valid-dev_sample-001618.png,..\dataset\mel_num\cv-valid-dev_sample-001618.npy,..\dataset\mel_spec\cv-valid-dev_sample-001618.png,..\dataset\mfcc_num_eq\cv-valid-dev_sample-001618_eq.npy,..\dataset\mel_num_eq\cv-valid-dev_sample-001618_eq.npy
cv-valid-dev/sample-001620.mp3,2,1,14,..\dataset\mfcc_num\cv-valid-dev_sample-001620.npy,..\dataset\mfcc_spec\cv-valid-dev_sample-001620.png,..\dataset\mel_num\cv-valid-dev_sample-001620.npy,..\dataset\mel_spec\cv-valid-dev_sample-001620.png,..\dataset\mfcc_num_eq\cv-valid-dev_sample-001620_eq.npy,..\dataset\mel_num_eq\cv-valid-dev_sample-001620_eq.npy
cv-valid-dev/sample-001624.mp3,2,0,14,..\dataset\mfcc_num\cv-valid-dev_sample-001624.npy,..\dataset\mfcc_spec\cv-valid-dev_sample-001624.png,..\dataset\mel_num\cv-valid-dev_sample-001624.npy,..\dataset\mel_spec\cv-valid-dev_sample-001624.png,..\dataset\mfcc_num_eq\cv-valid-dev_sample-001624_eq.npy,..\dataset\mel_num_eq\cv-valid-dev_sample-001624_eq.npy
cv-valid-dev/sample-001625.mp3,6,1,14,..\dataset\mfcc_num\cv-valid-dev_sample-001625.npy,..\dataset\mfcc_spec\cv-valid-dev_sample-001625.png,..\dataset\mel_num\cv-valid-dev_sample-001625.npy,..\dataset\mel_spec\cv-valid-dev_sample-001625.png,..\dataset\mfcc_num_eq\cv-valid-dev_sample-001625_eq.npy,..\dataset\mel_num_eq\cv-valid-dev_sample-001625_eq.npy
cv-valid-dev/sample-001629.mp3,2,0,14,..\dataset\mfcc_num\cv-valid-dev_sample-001629.npy,..\dataset\mfcc_spec\cv-valid-dev_sample-001629.png,..\dataset\mel_num\cv-valid-dev_sample-001629.npy,..\dataset\mel_spec\cv-valid-dev_sample-001629.png,..\dataset\mfcc_num_eq\cv-valid-dev_sample-001629_eq.npy,..\dataset\mel_num_eq\cv-valid-dev_sample-001629_eq.npy
cv-valid-dev/sample-001630.mp3,1,1,4,..\dataset\mfcc_num\cv-valid-dev_sample-001630.npy,..\dataset\mfcc_spec\cv-valid-dev_sample-001630.png,..\dataset\mel_num\cv-valid-dev_sample-001630.npy,..\dataset\mel_spec\cv-valid-dev_sample-001630.png,..\dataset\mfcc_num_eq\cv-valid-dev_sample-001630_eq.npy,..\dataset\mel_num_eq\cv-valid-dev_sample-001630_eq.npy
cv-valid-dev/sample-001631.mp3,6,1,14,..\dataset\mfcc_num\cv-valid-dev_sample-001631.npy,..\dataset\mfcc_spec\cv-valid-dev_sample-001631.png,..\dataset\mel_num\cv-valid-dev_sample-001631.npy,..\dataset\mel_spec\cv-valid-dev_sample-001631.png,..\dataset\mfcc_num_eq\cv-valid-dev_sample-001631_eq.npy,..\dataset\mel_num_eq\cv-valid-dev_sample-001631_eq.npy
cv-valid-dev/sample-001634.mp3,7,1,4,..\dataset\mfcc_num\cv-valid-dev_sample-001634.npy,..\dataset\mfcc_spec\cv-valid-dev_sample-001634.png,..\dataset\mel_num\cv-valid-dev_sample-001634.npy,..\dataset\mel_spec\cv-valid-dev_sample-001634.png,..\dataset\mfcc_num_eq\cv-valid-dev_sample-001634_eq.npy,..\dataset\mel_num_eq\cv-valid-dev_sample-001634_eq.npy
cv-valid-dev/sample-001638.mp3,6,1,1,..\dataset\mfcc_num\cv-valid-dev_sample-001638.npy,..\dataset\mfcc_spec\cv-valid-dev_sample-001638.png,..\dataset\mel_num\cv-valid-dev_sample-001638.npy,..\dataset\mel_spec\cv-valid-dev_sample-001638.png,..\dataset\mfcc_num_eq\cv-valid-dev_sample-001638_eq.npy,..\dataset\mel_num_eq\cv-valid-dev_sample-001638_eq.npy
cv-valid-dev/sample-001639.mp3,7,1,6,..\dataset\mfcc_num\cv-valid-dev_sample-001639.npy,..\dataset\mfcc_spec\cv-valid-dev_sample-001639.png,..\dataset\mel_num\cv-valid-dev_sample-001639.npy,..\dataset\mel_spec\cv-valid-dev_sample-001639.png,..\dataset\mfcc_num_eq\cv-valid-dev_sample-001639_eq.npy,..\dataset\mel_num_eq\cv-valid-dev_sample-001639_eq.npy
cv-valid-dev/sample-001641.mp3,6,1,6,..\dataset\mfcc_num\cv-valid-dev_sample-001641.npy,..\dataset\mfcc_spec\cv-valid-dev_sample-001641.png,..\dataset\mel_num\cv-valid-dev_sample-001641.npy,..\dataset\mel_spec\cv-valid-dev_sample-001641.png,..\dataset\mfcc_num_eq\cv-valid-dev_sample-001641_eq.npy,..\dataset\mel_num_eq\cv-valid-dev_sample-001641_eq.npy
cv-valid-dev/sample-001650.mp3,7,1,4,..\dataset\mfcc_num\cv-valid-dev_sample-001650.npy,..\dataset\mfcc_spec\cv-valid-dev_sample-001650.png,..\dataset\mel_num\cv-valid-dev_sample-001650.npy,..\dataset\mel_spec\cv-valid-dev_sample-001650.png,..\dataset\mfcc_num_eq\cv-valid-dev_sample-001650_eq.npy,..\dataset\mel_num_eq\cv-valid-dev_sample-001650_eq.npy
cv-valid-dev/sample-001651.mp3,1,0,1,..\dataset\mfcc_num\cv-valid-dev_sample-001651.npy,..\dataset\mfcc_spec\cv-valid-dev_sample-001651.png,..\dataset\mel_num\cv-valid-dev_sample-001651.npy,..\dataset\mel_spec\cv-valid-dev_sample-001651.png,..\dataset\mfcc_num_eq\cv-valid-dev_sample-001651_eq.npy,..\dataset\mel_num_eq\cv-valid-dev_sample-001651_eq.npy
cv-valid-dev/sample-001656.mp3,7,0,1,..\dataset\mfcc_num\cv-valid-dev_sample-001656.npy,..\dataset\mfcc_spec\cv-valid-dev_sample-001656.png,..\dataset\mel_num\cv-valid-dev_sample-001656.npy,..\dataset\mel_spec\cv-valid-dev_sample-001656.png,..\dataset\mfcc_num_eq\cv-valid-dev_sample-001656_eq.npy,..\dataset\mel_num_eq\cv-valid-dev_sample-001656_eq.npy
cv-valid-dev/sample-001659.mp3,4,1,4,..\dataset\mfcc_num\cv-valid-dev_sample-001659.npy,..\dataset\mfcc_spec\cv-valid-dev_sample-001659.png,..\dataset\mel_num\cv-valid-dev_sample-001659.npy,..\dataset\mel_spec\cv-valid-dev_sample-001659.png,..\dataset\mfcc_num_eq\cv-valid-dev_sample-001659_eq.npy,..\dataset\mel_num_eq\cv-valid-dev_sample-001659_eq.npy
cv-valid-dev/sample-001662.mp3,6,1,11,..\dataset\mfcc_num\cv-valid-dev_sample-001662.npy,..\dataset\mfcc_spec\cv-valid-dev_sample-001662.png,..\dataset\mel_num\cv-valid-dev_sample-001662.npy,..\dataset\mel_spec\cv-valid-dev_sample-001662.png,..\dataset\mfcc_num_eq\cv-valid-dev_sample-001662_eq.npy,..\dataset\mel_num_eq\cv-valid-dev_sample-001662_eq.npy
cv-valid-dev/sample-001665.mp3,6,1,14,..\dataset\mfcc_num\cv-valid-dev_sample-001665.npy,..\dataset\mfcc_spec\cv-valid-dev_sample-001665.png,..\dataset\mel_num\cv-valid-dev_sample-001665.npy,..\dataset\mel_spec\cv-valid-dev_sample-001665.png,..\dataset\mfcc_num_eq\cv-valid-dev_sample-001665_eq.npy,..\dataset\mel_num_eq\cv-valid-dev_sample-001665_eq.npy
cv-valid-dev/sample-001673.mp3,6,1,14,..\dataset\mfcc_num\cv-valid-dev_sample-001673.npy,..\dataset\mfcc_spec\cv-valid-dev_sample-001673.png,..\dataset\mel_num\cv-valid-dev_sample-001673.npy,..\dataset\mel_spec\cv-valid-dev_sample-001673.png,..\dataset\mfcc_num_eq\cv-valid-dev_sample-001673_eq.npy,..\dataset\mel_num_eq\cv-valid-dev_sample-001673_eq.npy
cv-valid-dev/sample-001675.mp3,7,1,14,..\dataset\mfcc_num\cv-valid-dev_sample-001675.npy,..\dataset\mfcc_spec\cv-valid-dev_sample-001675.png,..\dataset\mel_num\cv-valid-dev_sample-001675.npy,..\dataset\mel_spec\cv-valid-dev_sample-001675.png,..\dataset\mfcc_num_eq\cv-valid-dev_sample-001675_eq.npy,..\dataset\mel_num_eq\cv-valid-dev_sample-001675_eq.npy
cv-valid-dev/sample-001682.mp3,5,1,4,..\dataset\mfcc_num\cv-valid-dev_sample-001682.npy,..\dataset\mfcc_spec\cv-valid-dev_sample-001682.png,..\dataset\mel_num\cv-valid-dev_sample-001682.npy,..\dataset\mel_spec\cv-valid-dev_sample-001682.png,..\dataset\mfcc_num_eq\cv-valid-dev_sample-001682_eq.npy,..\dataset\mel_num_eq\cv-valid-dev_sample-001682_eq.npy
cv-valid-dev/sample-001684.mp3,7,1,14,..\dataset\mfcc_num\cv-valid-dev_sample-001684.npy,..\dataset\mfcc_spec\cv-valid-dev_sample-001684.png,..\dataset\mel_num\cv-valid-dev_sample-001684.npy,..\dataset\mel_spec\cv-valid-dev_sample-001684.png,..\dataset\mfcc_num_eq\cv-valid-dev_sample-001684_eq.npy,..\dataset\mel_num_eq\cv-valid-dev_sample-001684_eq.npy
cv-valid-dev/sample-001691.mp3,7,1,14,..\dataset\mfcc_num\cv-valid-dev_sample-001691.npy,..\dataset\mfcc_spec\cv-valid-dev_sample-001691.png,..\dataset\mel_num\cv-valid-dev_sample-001691.npy,..\dataset\mel_spec\cv-valid-dev_sample-001691.png,..\dataset\mfcc_num_eq\cv-valid-dev_sample-001691_eq.npy,..\dataset\mel_num_eq\cv-valid-dev_sample-001691_eq.npy
cv-valid-dev/sample-001694.mp3,4,1,4,..\dataset\mfcc_num\cv-valid-dev_sample-001694.npy,..\dataset\mfcc_spec\cv-valid-dev_sample-001694.png,..\dataset\mel_num\cv-valid-dev_sample-001694.npy,..\dataset\mel_spec\cv-valid-dev_sample-001694.png,..\dataset\mfcc_num_eq\cv-valid-dev_sample-001694_eq.npy,..\dataset\mel_num_eq\cv-valid-dev_sample-001694_eq.npy
cv-valid-dev/sample-001695.mp3,6,1,4,..\dataset\mfcc_num\cv-valid-dev_sample-001695.npy,..\dataset\mfcc_spec\cv-valid-dev_sample-001695.png,..\dataset\mel_num\cv-valid-dev_sample-001695.npy,..\dataset\mel_spec\cv-valid-dev_sample-001695.png,..\dataset\mfcc_num_eq\cv-valid-dev_sample-001695_eq.npy,..\dataset\mel_num_eq\cv-valid-dev_sample-001695_eq.npy
cv-valid-dev/sample-001699.mp3,2,0,14,..\dataset\mfcc_num\cv-valid-dev_sample-001699.npy,..\dataset\mfcc_spec\cv-valid-dev_sample-001699.png,..\dataset\mel_num\cv-valid-dev_sample-001699.npy,..\dataset\mel_spec\cv-valid-dev_sample-001699.png,..\dataset\mfcc_num_eq\cv-valid-dev_sample-001699_eq.npy,..\dataset\mel_num_eq\cv-valid-dev_sample-001699_eq.npy
cv-valid-dev/sample-001705.mp3,1,0,14,..\dataset\mfcc_num\cv-valid-dev_sample-001705.npy,..\dataset\mfcc_spec\cv-valid-dev_sample-001705.png,..\dataset\mel_num\cv-valid-dev_sample-001705.npy,..\dataset\mel_spec\cv-valid-dev_sample-001705.png,..\dataset\mfcc_num_eq\cv-valid-dev_sample-001705_eq.npy,..\dataset\mel_num_eq\cv-valid-dev_sample-001705_eq.npy
cv-valid-dev/sample-001709.mp3,6,1,14,..\dataset\mfcc_num\cv-valid-dev_sample-001709.npy,..\dataset\mfcc_spec\cv-valid-dev_sample-001709.png,..\dataset\mel_num\cv-valid-dev_sample-001709.npy,..\dataset\mel_spec\cv-valid-dev_sample-001709.png,..\dataset\mfcc_num_eq\cv-valid-dev_sample-001709_eq.npy,..\dataset\mel_num_eq\cv-valid-dev_sample-001709_eq.npy
cv-valid-dev/sample-001710.mp3,4,0,1,..\dataset\mfcc_num\cv-valid-dev_sample-001710.npy,..\dataset\mfcc_spec\cv-valid-dev_sample-001710.png,..\dataset\mel_num\cv-valid-dev_sample-001710.npy,..\dataset\mel_spec\cv-valid-dev_sample-001710.png,..\dataset\mfcc_num_eq\cv-valid-dev_sample-001710_eq.npy,..\dataset\mel_num_eq\cv-valid-dev_sample-001710_eq.npy
cv-valid-dev/sample-001711.mp3,1,1,14,..\dataset\mfcc_num\cv-valid-dev_sample-001711.npy,..\dataset\mfcc_spec\cv-valid-dev_sample-001711.png,..\dataset\mel_num\cv-valid-dev_sample-001711.npy,..\dataset\mel_spec\cv-valid-dev_sample-001711.png,..\dataset\mfcc_num_eq\cv-valid-dev_sample-001711_eq.npy,..\dataset\mel_num_eq\cv-valid-dev_sample-001711_eq.npy
cv-valid-dev/sample-001712.mp3,7,1,14,..\dataset\mfcc_num\cv-valid-dev_sample-001712.npy,..\dataset\mfcc_spec\cv-valid-dev_sample-001712.png,..\dataset\mel_num\cv-valid-dev_sample-001712.npy,..\dataset\mel_spec\cv-valid-dev_sample-001712.png,..\dataset\mfcc_num_eq\cv-valid-dev_sample-001712_eq.npy,..\dataset\mel_num_eq\cv-valid-dev_sample-001712_eq.npy
cv-valid-dev/sample-001713.mp3,6,1,4,..\dataset\mfcc_num\cv-valid-dev_sample-001713.npy,..\dataset\mfcc_spec\cv-valid-dev_sample-001713.png,..\dataset\mel_num\cv-valid-dev_sample-001713.npy,..\dataset\mel_spec\cv-valid-dev_sample-001713.png,..\dataset\mfcc_num_eq\cv-valid-dev_sample-001713_eq.npy,..\dataset\mel_num_eq\cv-valid-dev_sample-001713_eq.npy
cv-valid-dev/sample-001720.mp3,7,1,14,..\dataset\mfcc_num\cv-valid-dev_sample-001720.npy,..\dataset\mfcc_spec\cv-valid-dev_sample-001720.png,..\dataset\mel_num\cv-valid-dev_sample-001720.npy,..\dataset\mel_spec\cv-valid-dev_sample-001720.png,..\dataset\mfcc_num_eq\cv-valid-dev_sample-001720_eq.npy,..\dataset\mel_num_eq\cv-valid-dev_sample-001720_eq.npy
cv-valid-dev/sample-001721.mp3,7,0,14,..\dataset\mfcc_num\cv-valid-dev_sample-001721.npy,..\dataset\mfcc_spec\cv-valid-dev_sample-001721.png,..\dataset\mel_num\cv-valid-dev_sample-001721.npy,..\dataset\mel_spec\cv-valid-dev_sample-001721.png,..\dataset\mfcc_num_eq\cv-valid-dev_sample-001721_eq.npy,..\dataset\mel_num_eq\cv-valid-dev_sample-001721_eq.npy
cv-valid-dev/sample-001722.mp3,7,1,6,..\dataset\mfcc_num\cv-valid-dev_sample-001722.npy,..\dataset\mfcc_spec\cv-valid-dev_sample-001722.png,..\dataset\mel_num\cv-valid-dev_sample-001722.npy,..\dataset\mel_spec\cv-valid-dev_sample-001722.png,..\dataset\mfcc_num_eq\cv-valid-dev_sample-001722_eq.npy,..\dataset\mel_num_eq\cv-valid-dev_sample-001722_eq.npy
cv-valid-dev/sample-001723.mp3,2,1,4,..\dataset\mfcc_num\cv-valid-dev_sample-001723.npy,..\dataset\mfcc_spec\cv-valid-dev_sample-001723.png,..\dataset\mel_num\cv-valid-dev_sample-001723.npy,..\dataset\mel_spec\cv-valid-dev_sample-001723.png,..\dataset\mfcc_num_eq\cv-valid-dev_sample-001723_eq.npy,..\dataset\mel_num_eq\cv-valid-dev_sample-001723_eq.npy
cv-valid-dev/sample-001724.mp3,5,1,14,..\dataset\mfcc_num\cv-valid-dev_sample-001724.npy,..\dataset\mfcc_spec\cv-valid-dev_sample-001724.png,..\dataset\mel_num\cv-valid-dev_sample-001724.npy,..\dataset\mel_spec\cv-valid-dev_sample-001724.png,..\dataset\mfcc_num_eq\cv-valid-dev_sample-001724_eq.npy,..\dataset\mel_num_eq\cv-valid-dev_sample-001724_eq.npy
cv-valid-dev/sample-001726.mp3,2,0,3,..\dataset\mfcc_num\cv-valid-dev_sample-001726.npy,..\dataset\mfcc_spec\cv-valid-dev_sample-001726.png,..\dataset\mel_num\cv-valid-dev_sample-001726.npy,..\dataset\mel_spec\cv-valid-dev_sample-001726.png,..\dataset\mfcc_num_eq\cv-valid-dev_sample-001726_eq.npy,..\dataset\mel_num_eq\cv-valid-dev_sample-001726_eq.npy
cv-valid-dev/sample-001728.mp3,6,1,14,..\dataset\mfcc_num\cv-valid-dev_sample-001728.npy,..\dataset\mfcc_spec\cv-valid-dev_sample-001728.png,..\dataset\mel_num\cv-valid-dev_sample-001728.npy,..\dataset\mel_spec\cv-valid-dev_sample-001728.png,..\dataset\mfcc_num_eq\cv-valid-dev_sample-001728_eq.npy,..\dataset\mel_num_eq\cv-valid-dev_sample-001728_eq.npy
cv-valid-dev/sample-001729.mp3,7,1,6,..\dataset\mfcc_num\cv-valid-dev_sample-001729.npy,..\dataset\mfcc_spec\cv-valid-dev_sample-001729.png,..\dataset\mel_num\cv-valid-dev_sample-001729.npy,..\dataset\mel_spec\cv-valid-dev_sample-001729.png,..\dataset\mfcc_num_eq\cv-valid-dev_sample-001729_eq.npy,..\dataset\mel_num_eq\cv-valid-dev_sample-001729_eq.npy
cv-valid-dev/sample-001730.mp3,2,1,4,..\dataset\mfcc_num\cv-valid-dev_sample-001730.npy,..\dataset\mfcc_spec\cv-valid-dev_sample-001730.png,..\dataset\mel_num\cv-valid-dev_sample-001730.npy,..\dataset\mel_spec\cv-valid-dev_sample-001730.png,..\dataset\mfcc_num_eq\cv-valid-dev_sample-001730_eq.npy,..\dataset\mel_num_eq\cv-valid-dev_sample-001730_eq.npy
cv-valid-dev/sample-001731.mp3,5,0,1,..\dataset\mfcc_num\cv-valid-dev_sample-001731.npy,..\dataset\mfcc_spec\cv-valid-dev_sample-001731.png,..\dataset\mel_num\cv-valid-dev_sample-001731.npy,..\dataset\mel_spec\cv-valid-dev_sample-001731.png,..\dataset\mfcc_num_eq\cv-valid-dev_sample-001731_eq.npy,..\dataset\mel_num_eq\cv-valid-dev_sample-001731_eq.npy
cv-valid-dev/sample-001733.mp3,7,0,14,..\dataset\mfcc_num\cv-valid-dev_sample-001733.npy,..\dataset\mfcc_spec\cv-valid-dev_sample-001733.png,..\dataset\mel_num\cv-valid-dev_sample-001733.npy,..\dataset\mel_spec\cv-valid-dev_sample-001733.png,..\dataset\mfcc_num_eq\cv-valid-dev_sample-001733_eq.npy,..\dataset\mel_num_eq\cv-valid-dev_sample-001733_eq.npy
cv-valid-dev/sample-001738.mp3,7,1,14,..\dataset\mfcc_num\cv-valid-dev_sample-001738.npy,..\dataset\mfcc_spec\cv-valid-dev_sample-001738.png,..\dataset\mel_num\cv-valid-dev_sample-001738.npy,..\dataset\mel_spec\cv-valid-dev_sample-001738.png,..\dataset\mfcc_num_eq\cv-valid-dev_sample-001738_eq.npy,..\dataset\mel_num_eq\cv-valid-dev_sample-001738_eq.npy
cv-valid-dev/sample-001741.mp3,4,1,4,..\dataset\mfcc_num\cv-valid-dev_sample-001741.npy,..\dataset\mfcc_spec\cv-valid-dev_sample-001741.png,..\dataset\mel_num\cv-valid-dev_sample-001741.npy,..\dataset\mel_spec\cv-valid-dev_sample-001741.png,..\dataset\mfcc_num_eq\cv-valid-dev_sample-001741_eq.npy,..\dataset\mel_num_eq\cv-valid-dev_sample-001741_eq.npy
cv-valid-dev/sample-001746.mp3,1,0,14,..\dataset\mfcc_num\cv-valid-dev_sample-001746.npy,..\dataset\mfcc_spec\cv-valid-dev_sample-001746.png,..\dataset\mel_num\cv-valid-dev_sample-001746.npy,..\dataset\mel_spec\cv-valid-dev_sample-001746.png,..\dataset\mfcc_num_eq\cv-valid-dev_sample-001746_eq.npy,..\dataset\mel_num_eq\cv-valid-dev_sample-001746_eq.npy
cv-valid-dev/sample-001750.mp3,7,1,14,..\dataset\mfcc_num\cv-valid-dev_sample-001750.npy,..\dataset\mfcc_spec\cv-valid-dev_sample-001750.png,..\dataset\mel_num\cv-valid-dev_sample-001750.npy,..\dataset\mel_spec\cv-valid-dev_sample-001750.png,..\dataset\mfcc_num_eq\cv-valid-dev_sample-001750_eq.npy,..\dataset\mel_num_eq\cv-valid-dev_sample-001750_eq.npy
cv-valid-dev/sample-001754.mp3,7,1,6,..\dataset\mfcc_num\cv-valid-dev_sample-001754.npy,..\dataset\mfcc_spec\cv-valid-dev_sample-001754.png,..\dataset\mel_num\cv-valid-dev_sample-001754.npy,..\dataset\mel_spec\cv-valid-dev_sample-001754.png,..\dataset\mfcc_num_eq\cv-valid-dev_sample-001754_eq.npy,..\dataset\mel_num_eq\cv-valid-dev_sample-001754_eq.npy
cv-valid-dev/sample-001758.mp3,2,1,4,..\dataset\mfcc_num\cv-valid-dev_sample-001758.npy,..\dataset\mfcc_spec\cv-valid-dev_sample-001758.png,..\dataset\mel_num\cv-valid-dev_sample-001758.npy,..\dataset\mel_spec\cv-valid-dev_sample-001758.png,..\dataset\mfcc_num_eq\cv-valid-dev_sample-001758_eq.npy,..\dataset\mel_num_eq\cv-valid-dev_sample-001758_eq.npy
cv-valid-dev/sample-001759.mp3,7,0,14,..\dataset\mfcc_num\cv-valid-dev_sample-001759.npy,..\dataset\mfcc_spec\cv-valid-dev_sample-001759.png,..\dataset\mel_num\cv-valid-dev_sample-001759.npy,..\dataset\mel_spec\cv-valid-dev_sample-001759.png,..\dataset\mfcc_num_eq\cv-valid-dev_sample-001759_eq.npy,..\dataset\mel_num_eq\cv-valid-dev_sample-001759_eq.npy
cv-valid-dev/sample-001766.mp3,4,0,4,..\dataset\mfcc_num\cv-valid-dev_sample-001766.npy,..\dataset\mfcc_spec\cv-valid-dev_sample-001766.png,..\dataset\mel_num\cv-valid-dev_sample-001766.npy,..\dataset\mel_spec\cv-valid-dev_sample-001766.png,..\dataset\mfcc_num_eq\cv-valid-dev_sample-001766_eq.npy,..\dataset\mel_num_eq\cv-valid-dev_sample-001766_eq.npy
cv-valid-dev/sample-001769.mp3,2,1,4,..\dataset\mfcc_num\cv-valid-dev_sample-001769.npy,..\dataset\mfcc_spec\cv-valid-dev_sample-001769.png,..\dataset\mel_num\cv-valid-dev_sample-001769.npy,..\dataset\mel_spec\cv-valid-dev_sample-001769.png,..\dataset\mfcc_num_eq\cv-valid-dev_sample-001769_eq.npy,..\dataset\mel_num_eq\cv-valid-dev_sample-001769_eq.npy
cv-valid-dev/sample-001771.mp3,2,0,14,..\dataset\mfcc_num\cv-valid-dev_sample-001771.npy,..\dataset\mfcc_spec\cv-valid-dev_sample-001771.png,..\dataset\mel_num\cv-valid-dev_sample-001771.npy,..\dataset\mel_spec\cv-valid-dev_sample-001771.png,..\dataset\mfcc_num_eq\cv-valid-dev_sample-001771_eq.npy,..\dataset\mel_num_eq\cv-valid-dev_sample-001771_eq.npy
cv-valid-dev/sample-001772.mp3,5,0,4,..\dataset\mfcc_num\cv-valid-dev_sample-001772.npy,..\dataset\mfcc_spec\cv-valid-dev_sample-001772.png,..\dataset\mel_num\cv-valid-dev_sample-001772.npy,..\dataset\mel_spec\cv-valid-dev_sample-001772.png,..\dataset\mfcc_num_eq\cv-valid-dev_sample-001772_eq.npy,..\dataset\mel_num_eq\cv-valid-dev_sample-001772_eq.npy
cv-valid-dev/sample-001781.mp3,2,1,1,..\dataset\mfcc_num\cv-valid-dev_sample-001781.npy,..\dataset\mfcc_spec\cv-valid-dev_sample-001781.png,..\dataset\mel_num\cv-valid-dev_sample-001781.npy,..\dataset\mel_spec\cv-valid-dev_sample-001781.png,..\dataset\mfcc_num_eq\cv-valid-dev_sample-001781_eq.npy,..\dataset\mel_num_eq\cv-valid-dev_sample-001781_eq.npy
cv-valid-dev/sample-001783.mp3,7,1,4,..\dataset\mfcc_num\cv-valid-dev_sample-001783.npy,..\dataset\mfcc_spec\cv-valid-dev_sample-001783.png,..\dataset\mel_num\cv-valid-dev_sample-001783.npy,..\dataset\mel_spec\cv-valid-dev_sample-001783.png,..\dataset\mfcc_num_eq\cv-valid-dev_sample-001783_eq.npy,..\dataset\mel_num_eq\cv-valid-dev_sample-001783_eq.npy
cv-valid-dev/sample-001785.mp3,6,1,3,..\dataset\mfcc_num\cv-valid-dev_sample-001785.npy,..\dataset\mfcc_spec\cv-valid-dev_sample-001785.png,..\dataset\mel_num\cv-valid-dev_sample-001785.npy,..\dataset\mel_spec\cv-valid-dev_sample-001785.png,..\dataset\mfcc_num_eq\cv-valid-dev_sample-001785_eq.npy,..\dataset\mel_num_eq\cv-valid-dev_sample-001785_eq.npy
cv-valid-dev/sample-001789.mp3,1,0,14,..\dataset\mfcc_num\cv-valid-dev_sample-001789.npy,..\dataset\mfcc_spec\cv-valid-dev_sample-001789.png,..\dataset\mel_num\cv-valid-dev_sample-001789.npy,..\dataset\mel_spec\cv-valid-dev_sample-001789.png,..\dataset\mfcc_num_eq\cv-valid-dev_sample-001789_eq.npy,..\dataset\mel_num_eq\cv-valid-dev_sample-001789_eq.npy
cv-valid-dev/sample-001790.mp3,5,1,9,..\dataset\mfcc_num\cv-valid-dev_sample-001790.npy,..\dataset\mfcc_spec\cv-valid-dev_sample-001790.png,..\dataset\mel_num\cv-valid-dev_sample-001790.npy,..\dataset\mel_spec\cv-valid-dev_sample-001790.png,..\dataset\mfcc_num_eq\cv-valid-dev_sample-001790_eq.npy,..\dataset\mel_num_eq\cv-valid-dev_sample-001790_eq.npy
cv-valid-dev/sample-001791.mp3,7,1,6,..\dataset\mfcc_num\cv-valid-dev_sample-001791.npy,..\dataset\mfcc_spec\cv-valid-dev_sample-001791.png,..\dataset\mel_num\cv-valid-dev_sample-001791.npy,..\dataset\mel_spec\cv-valid-dev_sample-001791.png,..\dataset\mfcc_num_eq\cv-valid-dev_sample-001791_eq.npy,..\dataset\mel_num_eq\cv-valid-dev_sample-001791_eq.npy
cv-valid-dev/sample-001795.mp3,2,1,14,..\dataset\mfcc_num\cv-valid-dev_sample-001795.npy,..\dataset\mfcc_spec\cv-valid-dev_sample-001795.png,..\dataset\mel_num\cv-valid-dev_sample-001795.npy,..\dataset\mel_spec\cv-valid-dev_sample-001795.png,..\dataset\mfcc_num_eq\cv-valid-dev_sample-001795_eq.npy,..\dataset\mel_num_eq\cv-valid-dev_sample-001795_eq.npy
cv-valid-dev/sample-001799.mp3,7,0,4,..\dataset\mfcc_num\cv-valid-dev_sample-001799.npy,..\dataset\mfcc_spec\cv-valid-dev_sample-001799.png,..\dataset\mel_num\cv-valid-dev_sample-001799.npy,..\dataset\mel_spec\cv-valid-dev_sample-001799.png,..\dataset\mfcc_num_eq\cv-valid-dev_sample-001799_eq.npy,..\dataset\mel_num_eq\cv-valid-dev_sample-001799_eq.npy
cv-valid-dev/sample-001801.mp3,1,0,6,..\dataset\mfcc_num\cv-valid-dev_sample-001801.npy,..\dataset\mfcc_spec\cv-valid-dev_sample-001801.png,..\dataset\mel_num\cv-valid-dev_sample-001801.npy,..\dataset\mel_spec\cv-valid-dev_sample-001801.png,..\dataset\mfcc_num_eq\cv-valid-dev_sample-001801_eq.npy,..\dataset\mel_num_eq\cv-valid-dev_sample-001801_eq.npy
cv-valid-dev/sample-001803.mp3,1,1,3,..\dataset\mfcc_num\cv-valid-dev_sample-001803.npy,..\dataset\mfcc_spec\cv-valid-dev_sample-001803.png,..\dataset\mel_num\cv-valid-dev_sample-001803.npy,..\dataset\mel_spec\cv-valid-dev_sample-001803.png,..\dataset\mfcc_num_eq\cv-valid-dev_sample-001803_eq.npy,..\dataset\mel_num_eq\cv-valid-dev_sample-001803_eq.npy
cv-valid-dev/sample-001807.mp3,2,1,4,..\dataset\mfcc_num\cv-valid-dev_sample-001807.npy,..\dataset\mfcc_spec\cv-valid-dev_sample-001807.png,..\dataset\mel_num\cv-valid-dev_sample-001807.npy,..\dataset\mel_spec\cv-valid-dev_sample-001807.png,..\dataset\mfcc_num_eq\cv-valid-dev_sample-001807_eq.npy,..\dataset\mel_num_eq\cv-valid-dev_sample-001807_eq.npy
cv-valid-dev/sample-001808.mp3,6,0,14,..\dataset\mfcc_num\cv-valid-dev_sample-001808.npy,..\dataset\mfcc_spec\cv-valid-dev_sample-001808.png,..\dataset\mel_num\cv-valid-dev_sample-001808.npy,..\dataset\mel_spec\cv-valid-dev_sample-001808.png,..\dataset\mfcc_num_eq\cv-valid-dev_sample-001808_eq.npy,..\dataset\mel_num_eq\cv-valid-dev_sample-001808_eq.npy
cv-valid-dev/sample-001809.mp3,6,1,6,..\dataset\mfcc_num\cv-valid-dev_sample-001809.npy,..\dataset\mfcc_spec\cv-valid-dev_sample-001809.png,..\dataset\mel_num\cv-valid-dev_sample-001809.npy,..\dataset\mel_spec\cv-valid-dev_sample-001809.png,..\dataset\mfcc_num_eq\cv-valid-dev_sample-001809_eq.npy,..\dataset\mel_num_eq\cv-valid-dev_sample-001809_eq.npy
cv-valid-dev/sample-001811.mp3,6,0,14,..\dataset\mfcc_num\cv-valid-dev_sample-001811.npy,..\dataset\mfcc_spec\cv-valid-dev_sample-001811.png,..\dataset\mel_num\cv-valid-dev_sample-001811.npy,..\dataset\mel_spec\cv-valid-dev_sample-001811.png,..\dataset\mfcc_num_eq\cv-valid-dev_sample-001811_eq.npy,..\dataset\mel_num_eq\cv-valid-dev_sample-001811_eq.npy
cv-valid-dev/sample-001813.mp3,1,0,14,..\dataset\mfcc_num\cv-valid-dev_sample-001813.npy,..\dataset\mfcc_spec\cv-valid-dev_sample-001813.png,..\dataset\mel_num\cv-valid-dev_sample-001813.npy,..\dataset\mel_spec\cv-valid-dev_sample-001813.png,..\dataset\mfcc_num_eq\cv-valid-dev_sample-001813_eq.npy,..\dataset\mel_num_eq\cv-valid-dev_sample-001813_eq.npy
cv-valid-dev/sample-001819.mp3,1,1,11,..\dataset\mfcc_num\cv-valid-dev_sample-001819.npy,..\dataset\mfcc_spec\cv-valid-dev_sample-001819.png,..\dataset\mel_num\cv-valid-dev_sample-001819.npy,..\dataset\mel_spec\cv-valid-dev_sample-001819.png,..\dataset\mfcc_num_eq\cv-valid-dev_sample-001819_eq.npy,..\dataset\mel_num_eq\cv-valid-dev_sample-001819_eq.npy
cv-valid-dev/sample-001820.mp3,7,1,3,..\dataset\mfcc_num\cv-valid-dev_sample-001820.npy,..\dataset\mfcc_spec\cv-valid-dev_sample-001820.png,..\dataset\mel_num\cv-valid-dev_sample-001820.npy,..\dataset\mel_spec\cv-valid-dev_sample-001820.png,..\dataset\mfcc_num_eq\cv-valid-dev_sample-001820_eq.npy,..\dataset\mel_num_eq\cv-valid-dev_sample-001820_eq.npy
cv-valid-dev/sample-001824.mp3,7,1,14,..\dataset\mfcc_num\cv-valid-dev_sample-001824.npy,..\dataset\mfcc_spec\cv-valid-dev_sample-001824.png,..\dataset\mel_num\cv-valid-dev_sample-001824.npy,..\dataset\mel_spec\cv-valid-dev_sample-001824.png,..\dataset\mfcc_num_eq\cv-valid-dev_sample-001824_eq.npy,..\dataset\mel_num_eq\cv-valid-dev_sample-001824_eq.npy
cv-valid-dev/sample-001826.mp3,2,1,14,..\dataset\mfcc_num\cv-valid-dev_sample-001826.npy,..\dataset\mfcc_spec\cv-valid-dev_sample-001826.png,..\dataset\mel_num\cv-valid-dev_sample-001826.npy,..\dataset\mel_spec\cv-valid-dev_sample-001826.png,..\dataset\mfcc_num_eq\cv-valid-dev_sample-001826_eq.npy,..\dataset\mel_num_eq\cv-valid-dev_sample-001826_eq.npy
cv-valid-dev/sample-001827.mp3,6,1,13,..\dataset\mfcc_num\cv-valid-dev_sample-001827.npy,..\dataset\mfcc_spec\cv-valid-dev_sample-001827.png,..\dataset\mel_num\cv-valid-dev_sample-001827.npy,..\dataset\mel_spec\cv-valid-dev_sample-001827.png,..\dataset\mfcc_num_eq\cv-valid-dev_sample-001827_eq.npy,..\dataset\mel_num_eq\cv-valid-dev_sample-001827_eq.npy
cv-valid-dev/sample-001829.mp3,1,1,11,..\dataset\mfcc_num\cv-valid-dev_sample-001829.npy,..\dataset\mfcc_spec\cv-valid-dev_sample-001829.png,..\dataset\mel_num\cv-valid-dev_sample-001829.npy,..\dataset\mel_spec\cv-valid-dev_sample-001829.png,..\dataset\mfcc_num_eq\cv-valid-dev_sample-001829_eq.npy,..\dataset\mel_num_eq\cv-valid-dev_sample-001829_eq.npy
cv-valid-dev/sample-001830.mp3,7,1,14,..\dataset\mfcc_num\cv-valid-dev_sample-001830.npy,..\dataset\mfcc_spec\cv-valid-dev_sample-001830.png,..\dataset\mel_num\cv-valid-dev_sample-001830.npy,..\dataset\mel_spec\cv-valid-dev_sample-001830.png,..\dataset\mfcc_num_eq\cv-valid-dev_sample-001830_eq.npy,..\dataset\mel_num_eq\cv-valid-dev_sample-001830_eq.npy
cv-valid-dev/sample-001837.mp3,6,0,1,..\dataset\mfcc_num\cv-valid-dev_sample-001837.npy,..\dataset\mfcc_spec\cv-valid-dev_sample-001837.png,..\dataset\mel_num\cv-valid-dev_sample-001837.npy,..\dataset\mel_spec\cv-valid-dev_sample-001837.png,..\dataset\mfcc_num_eq\cv-valid-dev_sample-001837_eq.npy,..\dataset\mel_num_eq\cv-valid-dev_sample-001837_eq.npy
cv-valid-dev/sample-001845.mp3,2,1,14,..\dataset\mfcc_num\cv-valid-dev_sample-001845.npy,..\dataset\mfcc_spec\cv-valid-dev_sample-001845.png,..\dataset\mel_num\cv-valid-dev_sample-001845.npy,..\dataset\mel_spec\cv-valid-dev_sample-001845.png,..\dataset\mfcc_num_eq\cv-valid-dev_sample-001845_eq.npy,..\dataset\mel_num_eq\cv-valid-dev_sample-001845_eq.npy
cv-valid-dev/sample-001848.mp3,6,0,6,..\dataset\mfcc_num\cv-valid-dev_sample-001848.npy,..\dataset\mfcc_spec\cv-valid-dev_sample-001848.png,..\dataset\mel_num\cv-valid-dev_sample-001848.npy,..\dataset\mel_spec\cv-valid-dev_sample-001848.png,..\dataset\mfcc_num_eq\cv-valid-dev_sample-001848_eq.npy,..\dataset\mel_num_eq\cv-valid-dev_sample-001848_eq.npy
cv-valid-dev/sample-001850.mp3,6,0,4,..\dataset\mfcc_num\cv-valid-dev_sample-001850.npy,..\dataset\mfcc_spec\cv-valid-dev_sample-001850.png,..\dataset\mel_num\cv-valid-dev_sample-001850.npy,..\dataset\mel_spec\cv-valid-dev_sample-001850.png,..\dataset\mfcc_num_eq\cv-valid-dev_sample-001850_eq.npy,..\dataset\mel_num_eq\cv-valid-dev_sample-001850_eq.npy
cv-valid-dev/sample-001851.mp3,6,1,4,..\dataset\mfcc_num\cv-valid-dev_sample-001851.npy,..\dataset\mfcc_spec\cv-valid-dev_sample-001851.png,..\dataset\mel_num\cv-valid-dev_sample-001851.npy,..\dataset\mel_spec\cv-valid-dev_sample-001851.png,..\dataset\mfcc_num_eq\cv-valid-dev_sample-001851_eq.npy,..\dataset\mel_num_eq\cv-valid-dev_sample-001851_eq.npy
cv-valid-dev/sample-001854.mp3,2,1,1,..\dataset\mfcc_num\cv-valid-dev_sample-001854.npy,..\dataset\mfcc_spec\cv-valid-dev_sample-001854.png,..\dataset\mel_num\cv-valid-dev_sample-001854.npy,..\dataset\mel_spec\cv-valid-dev_sample-001854.png,..\dataset\mfcc_num_eq\cv-valid-dev_sample-001854_eq.npy,..\dataset\mel_num_eq\cv-valid-dev_sample-001854_eq.npy
cv-valid-dev/sample-001859.mp3,6,1,14,..\dataset\mfcc_num\cv-valid-dev_sample-001859.npy,..\dataset\mfcc_spec\cv-valid-dev_sample-001859.png,..\dataset\mel_num\cv-valid-dev_sample-001859.npy,..\dataset\mel_spec\cv-valid-dev_sample-001859.png,..\dataset\mfcc_num_eq\cv-valid-dev_sample-001859_eq.npy,..\dataset\mel_num_eq\cv-valid-dev_sample-001859_eq.npy
cv-valid-dev/sample-001864.mp3,1,0,6,..\dataset\mfcc_num\cv-valid-dev_sample-001864.npy,..\dataset\mfcc_spec\cv-valid-dev_sample-001864.png,..\dataset\mel_num\cv-valid-dev_sample-001864.npy,..\dataset\mel_spec\cv-valid-dev_sample-001864.png,..\dataset\mfcc_num_eq\cv-valid-dev_sample-001864_eq.npy,..\dataset\mel_num_eq\cv-valid-dev_sample-001864_eq.npy
cv-valid-dev/sample-001875.mp3,7,1,14,..\dataset\mfcc_num\cv-valid-dev_sample-001875.npy,..\dataset\mfcc_spec\cv-valid-dev_sample-001875.png,..\dataset\mel_num\cv-valid-dev_sample-001875.npy,..\dataset\mel_spec\cv-valid-dev_sample-001875.png,..\dataset\mfcc_num_eq\cv-valid-dev_sample-001875_eq.npy,..\dataset\mel_num_eq\cv-valid-dev_sample-001875_eq.npy
cv-valid-dev/sample-001877.mp3,2,1,4,..\dataset\mfcc_num\cv-valid-dev_sample-001877.npy,..\dataset\mfcc_spec\cv-valid-dev_sample-001877.png,..\dataset\mel_num\cv-valid-dev_sample-001877.npy,..\dataset\mel_spec\cv-valid-dev_sample-001877.png,..\dataset\mfcc_num_eq\cv-valid-dev_sample-001877_eq.npy,..\dataset\mel_num_eq\cv-valid-dev_sample-001877_eq.npy
cv-valid-dev/sample-001883.mp3,1,1,1,..\dataset\mfcc_num\cv-valid-dev_sample-001883.npy,..\dataset\mfcc_spec\cv-valid-dev_sample-001883.png,..\dataset\mel_num\cv-valid-dev_sample-001883.npy,..\dataset\mel_spec\cv-valid-dev_sample-001883.png,..\dataset\mfcc_num_eq\cv-valid-dev_sample-001883_eq.npy,..\dataset\mel_num_eq\cv-valid-dev_sample-001883_eq.npy
cv-valid-dev/sample-001886.mp3,7,1,6,..\dataset\mfcc_num\cv-valid-dev_sample-001886.npy,..\dataset\mfcc_spec\cv-valid-dev_sample-001886.png,..\dataset\mel_num\cv-valid-dev_sample-001886.npy,..\dataset\mel_spec\cv-valid-dev_sample-001886.png,..\dataset\mfcc_num_eq\cv-valid-dev_sample-001886_eq.npy,..\dataset\mel_num_eq\cv-valid-dev_sample-001886_eq.npy
cv-valid-dev/sample-001888.mp3,6,1,7,..\dataset\mfcc_num\cv-valid-dev_sample-001888.npy,..\dataset\mfcc_spec\cv-valid-dev_sample-001888.png,..\dataset\mel_num\cv-valid-dev_sample-001888.npy,..\dataset\mel_spec\cv-valid-dev_sample-001888.png,..\dataset\mfcc_num_eq\cv-valid-dev_sample-001888_eq.npy,..\dataset\mel_num_eq\cv-valid-dev_sample-001888_eq.npy
cv-valid-dev/sample-001892.mp3,7,1,14,..\dataset\mfcc_num\cv-valid-dev_sample-001892.npy,..\dataset\mfcc_spec\cv-valid-dev_sample-001892.png,..\dataset\mel_num\cv-valid-dev_sample-001892.npy,..\dataset\mel_spec\cv-valid-dev_sample-001892.png,..\dataset\mfcc_num_eq\cv-valid-dev_sample-001892_eq.npy,..\dataset\mel_num_eq\cv-valid-dev_sample-001892_eq.npy
cv-valid-dev/sample-001899.mp3,4,1,4,..\dataset\mfcc_num\cv-valid-dev_sample-001899.npy,..\dataset\mfcc_spec\cv-valid-dev_sample-001899.png,..\dataset\mel_num\cv-valid-dev_sample-001899.npy,..\dataset\mel_spec\cv-valid-dev_sample-001899.png,..\dataset\mfcc_num_eq\cv-valid-dev_sample-001899_eq.npy,..\dataset\mel_num_eq\cv-valid-dev_sample-001899_eq.npy
cv-valid-dev/sample-001901.mp3,7,1,14,..\dataset\mfcc_num\cv-valid-dev_sample-001901.npy,..\dataset\mfcc_spec\cv-valid-dev_sample-001901.png,..\dataset\mel_num\cv-valid-dev_sample-001901.npy,..\dataset\mel_spec\cv-valid-dev_sample-001901.png,..\dataset\mfcc_num_eq\cv-valid-dev_sample-001901_eq.npy,..\dataset\mel_num_eq\cv-valid-dev_sample-001901_eq.npy
cv-valid-dev/sample-001907.mp3,7,1,14,..\dataset\mfcc_num\cv-valid-dev_sample-001907.npy,..\dataset\mfcc_spec\cv-valid-dev_sample-001907.png,..\dataset\mel_num\cv-valid-dev_sample-001907.npy,..\dataset\mel_spec\cv-valid-dev_sample-001907.png,..\dataset\mfcc_num_eq\cv-valid-dev_sample-001907_eq.npy,..\dataset\mel_num_eq\cv-valid-dev_sample-001907_eq.npy
cv-valid-dev/sample-001908.mp3,7,0,14,..\dataset\mfcc_num\cv-valid-dev_sample-001908.npy,..\dataset\mfcc_spec\cv-valid-dev_sample-001908.png,..\dataset\mel_num\cv-valid-dev_sample-001908.npy,..\dataset\mel_spec\cv-valid-dev_sample-001908.png,..\dataset\mfcc_num_eq\cv-valid-dev_sample-001908_eq.npy,..\dataset\mel_num_eq\cv-valid-dev_sample-001908_eq.npy
cv-valid-dev/sample-001913.mp3,1,1,11,..\dataset\mfcc_num\cv-valid-dev_sample-001913.npy,..\dataset\mfcc_spec\cv-valid-dev_sample-001913.png,..\dataset\mel_num\cv-valid-dev_sample-001913.npy,..\dataset\mel_spec\cv-valid-dev_sample-001913.png,..\dataset\mfcc_num_eq\cv-valid-dev_sample-001913_eq.npy,..\dataset\mel_num_eq\cv-valid-dev_sample-001913_eq.npy
cv-valid-dev/sample-001915.mp3,7,1,3,..\dataset\mfcc_num\cv-valid-dev_sample-001915.npy,..\dataset\mfcc_spec\cv-valid-dev_sample-001915.png,..\dataset\mel_num\cv-valid-dev_sample-001915.npy,..\dataset\mel_spec\cv-valid-dev_sample-001915.png,..\dataset\mfcc_num_eq\cv-valid-dev_sample-001915_eq.npy,..\dataset\mel_num_eq\cv-valid-dev_sample-001915_eq.npy
cv-valid-dev/sample-001917.mp3,6,1,1,..\dataset\mfcc_num\cv-valid-dev_sample-001917.npy,..\dataset\mfcc_spec\cv-valid-dev_sample-001917.png,..\dataset\mel_num\cv-valid-dev_sample-001917.npy,..\dataset\mel_spec\cv-valid-dev_sample-001917.png,..\dataset\mfcc_num_eq\cv-valid-dev_sample-001917_eq.npy,..\dataset\mel_num_eq\cv-valid-dev_sample-001917_eq.npy
cv-valid-dev/sample-001920.mp3,4,1,3,..\dataset\mfcc_num\cv-valid-dev_sample-001920.npy,..\dataset\mfcc_spec\cv-valid-dev_sample-001920.png,..\dataset\mel_num\cv-valid-dev_sample-001920.npy,..\dataset\mel_spec\cv-valid-dev_sample-001920.png,..\dataset\mfcc_num_eq\cv-valid-dev_sample-001920_eq.npy,..\dataset\mel_num_eq\cv-valid-dev_sample-001920_eq.npy
cv-valid-dev/sample-001925.mp3,1,1,14,..\dataset\mfcc_num\cv-valid-dev_sample-001925.npy,..\dataset\mfcc_spec\cv-valid-dev_sample-001925.png,..\dataset\mel_num\cv-valid-dev_sample-001925.npy,..\dataset\mel_spec\cv-valid-dev_sample-001925.png,..\dataset\mfcc_num_eq\cv-valid-dev_sample-001925_eq.npy,..\dataset\mel_num_eq\cv-valid-dev_sample-001925_eq.npy
cv-valid-dev/sample-001926.mp3,6,1,14,..\dataset\mfcc_num\cv-valid-dev_sample-001926.npy,..\dataset\mfcc_spec\cv-valid-dev_sample-001926.png,..\dataset\mel_num\cv-valid-dev_sample-001926.npy,..\dataset\mel_spec\cv-valid-dev_sample-001926.png,..\dataset\mfcc_num_eq\cv-valid-dev_sample-001926_eq.npy,..\dataset\mel_num_eq\cv-valid-dev_sample-001926_eq.npy
cv-valid-dev/sample-001930.mp3,6,0,14,..\dataset\mfcc_num\cv-valid-dev_sample-001930.npy,..\dataset\mfcc_spec\cv-valid-dev_sample-001930.png,..\dataset\mel_num\cv-valid-dev_sample-001930.npy,..\dataset\mel_spec\cv-valid-dev_sample-001930.png,..\dataset\mfcc_num_eq\cv-valid-dev_sample-001930_eq.npy,..\dataset\mel_num_eq\cv-valid-dev_sample-001930_eq.npy
cv-valid-dev/sample-001935.mp3,1,0,14,..\dataset\mfcc_num\cv-valid-dev_sample-001935.npy,..\dataset\mfcc_spec\cv-valid-dev_sample-001935.png,..\dataset\mel_num\cv-valid-dev_sample-001935.npy,..\dataset\mel_spec\cv-valid-dev_sample-001935.png,..\dataset\mfcc_num_eq\cv-valid-dev_sample-001935_eq.npy,..\dataset\mel_num_eq\cv-valid-dev_sample-001935_eq.npy
cv-valid-dev/sample-001938.mp3,4,1,14,..\dataset\mfcc_num\cv-valid-dev_sample-001938.npy,..\dataset\mfcc_spec\cv-valid-dev_sample-001938.png,..\dataset\mel_num\cv-valid-dev_sample-001938.npy,..\dataset\mel_spec\cv-valid-dev_sample-001938.png,..\dataset\mfcc_num_eq\cv-valid-dev_sample-001938_eq.npy,..\dataset\mel_num_eq\cv-valid-dev_sample-001938_eq.npy
cv-valid-dev/sample-001939.mp3,2,1,4,..\dataset\mfcc_num\cv-valid-dev_sample-001939.npy,..\dataset\mfcc_spec\cv-valid-dev_sample-001939.png,..\dataset\mel_num\cv-valid-dev_sample-001939.npy,..\dataset\mel_spec\cv-valid-dev_sample-001939.png,..\dataset\mfcc_num_eq\cv-valid-dev_sample-001939_eq.npy,..\dataset\mel_num_eq\cv-valid-dev_sample-001939_eq.npy
cv-valid-dev/sample-001944.mp3,7,1,3,..\dataset\mfcc_num\cv-valid-dev_sample-001944.npy,..\dataset\mfcc_spec\cv-valid-dev_sample-001944.png,..\dataset\mel_num\cv-valid-dev_sample-001944.npy,..\dataset\mel_spec\cv-valid-dev_sample-001944.png,..\dataset\mfcc_num_eq\cv-valid-dev_sample-001944_eq.npy,..\dataset\mel_num_eq\cv-valid-dev_sample-001944_eq.npy
cv-valid-dev/sample-001948.mp3,7,1,1,..\dataset\mfcc_num\cv-valid-dev_sample-001948.npy,..\dataset\mfcc_spec\cv-valid-dev_sample-001948.png,..\dataset\mel_num\cv-valid-dev_sample-001948.npy,..\dataset\mel_spec\cv-valid-dev_sample-001948.png,..\dataset\mfcc_num_eq\cv-valid-dev_sample-001948_eq.npy,..\dataset\mel_num_eq\cv-valid-dev_sample-001948_eq.npy
cv-valid-dev/sample-001949.mp3,5,0,4,..\dataset\mfcc_num\cv-valid-dev_sample-001949.npy,..\dataset\mfcc_spec\cv-valid-dev_sample-001949.png,..\dataset\mel_num\cv-valid-dev_sample-001949.npy,..\dataset\mel_spec\cv-valid-dev_sample-001949.png,..\dataset\mfcc_num_eq\cv-valid-dev_sample-001949_eq.npy,..\dataset\mel_num_eq\cv-valid-dev_sample-001949_eq.npy
cv-valid-dev/sample-001952.mp3,3,1,4,..\dataset\mfcc_num\cv-valid-dev_sample-001952.npy,..\dataset\mfcc_spec\cv-valid-dev_sample-001952.png,..\dataset\mel_num\cv-valid-dev_sample-001952.npy,..\dataset\mel_spec\cv-valid-dev_sample-001952.png,..\dataset\mfcc_num_eq\cv-valid-dev_sample-001952_eq.npy,..\dataset\mel_num_eq\cv-valid-dev_sample-001952_eq.npy
cv-valid-dev/sample-001953.mp3,7,1,14,..\dataset\mfcc_num\cv-valid-dev_sample-001953.npy,..\dataset\mfcc_spec\cv-valid-dev_sample-001953.png,..\dataset\mel_num\cv-valid-dev_sample-001953.npy,..\dataset\mel_spec\cv-valid-dev_sample-001953.png,..\dataset\mfcc_num_eq\cv-valid-dev_sample-001953_eq.npy,..\dataset\mel_num_eq\cv-valid-dev_sample-001953_eq.npy
cv-valid-dev/sample-001959.mp3,7,1,14,..\dataset\mfcc_num\cv-valid-dev_sample-001959.npy,..\dataset\mfcc_spec\cv-valid-dev_sample-001959.png,..\dataset\mel_num\cv-valid-dev_sample-001959.npy,..\dataset\mel_spec\cv-valid-dev_sample-001959.png,..\dataset\mfcc_num_eq\cv-valid-dev_sample-001959_eq.npy,..\dataset\mel_num_eq\cv-valid-dev_sample-001959_eq.npy
cv-valid-dev/sample-001963.mp3,6,1,14,..\dataset\mfcc_num\cv-valid-dev_sample-001963.npy,..\dataset\mfcc_spec\cv-valid-dev_sample-001963.png,..\dataset\mel_num\cv-valid-dev_sample-001963.npy,..\dataset\mel_spec\cv-valid-dev_sample-001963.png,..\dataset\mfcc_num_eq\cv-valid-dev_sample-001963_eq.npy,..\dataset\mel_num_eq\cv-valid-dev_sample-001963_eq.npy
cv-valid-dev/sample-001974.mp3,2,1,4,..\dataset\mfcc_num\cv-valid-dev_sample-001974.npy,..\dataset\mfcc_spec\cv-valid-dev_sample-001974.png,..\dataset\mel_num\cv-valid-dev_sample-001974.npy,..\dataset\mel_spec\cv-valid-dev_sample-001974.png,..\dataset\mfcc_num_eq\cv-valid-dev_sample-001974_eq.npy,..\dataset\mel_num_eq\cv-valid-dev_sample-001974_eq.npy
cv-valid-dev/sample-001975.mp3,1,1,7,..\dataset\mfcc_num\cv-valid-dev_sample-001975.npy,..\dataset\mfcc_spec\cv-valid-dev_sample-001975.png,..\dataset\mel_num\cv-valid-dev_sample-001975.npy,..\dataset\mel_spec\cv-valid-dev_sample-001975.png,..\dataset\mfcc_num_eq\cv-valid-dev_sample-001975_eq.npy,..\dataset\mel_num_eq\cv-valid-dev_sample-001975_eq.npy
cv-valid-dev/sample-001981.mp3,7,1,14,..\dataset\mfcc_num\cv-valid-dev_sample-001981.npy,..\dataset\mfcc_spec\cv-valid-dev_sample-001981.png,..\dataset\mel_num\cv-valid-dev_sample-001981.npy,..\dataset\mel_spec\cv-valid-dev_sample-001981.png,..\dataset\mfcc_num_eq\cv-valid-dev_sample-001981_eq.npy,..\dataset\mel_num_eq\cv-valid-dev_sample-001981_eq.npy
cv-valid-dev/sample-001984.mp3,5,0,14,..\dataset\mfcc_num\cv-valid-dev_sample-001984.npy,..\dataset\mfcc_spec\cv-valid-dev_sample-001984.png,..\dataset\mel_num\cv-valid-dev_sample-001984.npy,..\dataset\mel_spec\cv-valid-dev_sample-001984.png,..\dataset\mfcc_num_eq\cv-valid-dev_sample-001984_eq.npy,..\dataset\mel_num_eq\cv-valid-dev_sample-001984_eq.npy
cv-valid-dev/sample-001986.mp3,5,1,4,..\dataset\mfcc_num\cv-valid-dev_sample-001986.npy,..\dataset\mfcc_spec\cv-valid-dev_sample-001986.png,..\dataset\mel_num\cv-valid-dev_sample-001986.npy,..\dataset\mel_spec\cv-valid-dev_sample-001986.png,..\dataset\mfcc_num_eq\cv-valid-dev_sample-001986_eq.npy,..\dataset\mel_num_eq\cv-valid-dev_sample-001986_eq.npy
cv-valid-dev/sample-001991.mp3,7,1,1,..\dataset\mfcc_num\cv-valid-dev_sample-001991.npy,..\dataset\mfcc_spec\cv-valid-dev_sample-001991.png,..\dataset\mel_num\cv-valid-dev_sample-001991.npy,..\dataset\mel_spec\cv-valid-dev_sample-001991.png,..\dataset\mfcc_num_eq\cv-valid-dev_sample-001991_eq.npy,..\dataset\mel_num_eq\cv-valid-dev_sample-001991_eq.npy
cv-valid-dev/sample-001992.mp3,7,0,6,..\dataset\mfcc_num\cv-valid-dev_sample-001992.npy,..\dataset\mfcc_spec\cv-valid-dev_sample-001992.png,..\dataset\mel_num\cv-valid-dev_sample-001992.npy,..\dataset\mel_spec\cv-valid-dev_sample-001992.png,..\dataset\mfcc_num_eq\cv-valid-dev_sample-001992_eq.npy,..\dataset\mel_num_eq\cv-valid-dev_sample-001992_eq.npy
cv-valid-dev/sample-001994.mp3,7,1,14,..\dataset\mfcc_num\cv-valid-dev_sample-001994.npy,..\dataset\mfcc_spec\cv-valid-dev_sample-001994.png,..\dataset\mel_num\cv-valid-dev_sample-001994.npy,..\dataset\mel_spec\cv-valid-dev_sample-001994.png,..\dataset\mfcc_num_eq\cv-valid-dev_sample-001994_eq.npy,..\dataset\mel_num_eq\cv-valid-dev_sample-001994_eq.npy
cv-valid-dev/sample-001995.mp3,7,1,14,..\dataset\mfcc_num\cv-valid-dev_sample-001995.npy,..\dataset\mfcc_spec\cv-valid-dev_sample-001995.png,..\dataset\mel_num\cv-valid-dev_sample-001995.npy,..\dataset\mel_spec\cv-valid-dev_sample-001995.png,..\dataset\mfcc_num_eq\cv-valid-dev_sample-001995_eq.npy,..\dataset\mel_num_eq\cv-valid-dev_sample-001995_eq.npy
cv-valid-dev/sample-002000.mp3,2,1,14,..\dataset\mfcc_num\cv-valid-dev_sample-002000.npy,..\dataset\mfcc_spec\cv-valid-dev_sample-002000.png,..\dataset\mel_num\cv-valid-dev_sample-002000.npy,..\dataset\mel_spec\cv-valid-dev_sample-002000.png,..\dataset\mfcc_num_eq\cv-valid-dev_sample-002000_eq.npy,..\dataset\mel_num_eq\cv-valid-dev_sample-002000_eq.npy
cv-valid-dev/sample-002006.mp3,4,1,14,..\dataset\mfcc_num\cv-valid-dev_sample-002006.npy,..\dataset\mfcc_spec\cv-valid-dev_sample-002006.png,..\dataset\mel_num\cv-valid-dev_sample-002006.npy,..\dataset\mel_spec\cv-valid-dev_sample-002006.png,..\dataset\mfcc_num_eq\cv-valid-dev_sample-002006_eq.npy,..\dataset\mel_num_eq\cv-valid-dev_sample-002006_eq.npy
cv-valid-dev/sample-002008.mp3,7,0,4,..\dataset\mfcc_num\cv-valid-dev_sample-002008.npy,..\dataset\mfcc_spec\cv-valid-dev_sample-002008.png,..\dataset\mel_num\cv-valid-dev_sample-002008.npy,..\dataset\mel_spec\cv-valid-dev_sample-002008.png,..\dataset\mfcc_num_eq\cv-valid-dev_sample-002008_eq.npy,..\dataset\mel_num_eq\cv-valid-dev_sample-002008_eq.npy
cv-valid-dev/sample-002015.mp3,7,1,14,..\dataset\mfcc_num\cv-valid-dev_sample-002015.npy,..\dataset\mfcc_spec\cv-valid-dev_sample-002015.png,..\dataset\mel_num\cv-valid-dev_sample-002015.npy,..\dataset\mel_spec\cv-valid-dev_sample-002015.png,..\dataset\mfcc_num_eq\cv-valid-dev_sample-002015_eq.npy,..\dataset\mel_num_eq\cv-valid-dev_sample-002015_eq.npy
cv-valid-dev/sample-002019.mp3,5,1,4,..\dataset\mfcc_num\cv-valid-dev_sample-002019.npy,..\dataset\mfcc_spec\cv-valid-dev_sample-002019.png,..\dataset\mel_num\cv-valid-dev_sample-002019.npy,..\dataset\mel_spec\cv-valid-dev_sample-002019.png,..\dataset\mfcc_num_eq\cv-valid-dev_sample-002019_eq.npy,..\dataset\mel_num_eq\cv-valid-dev_sample-002019_eq.npy
cv-valid-dev/sample-002020.mp3,6,1,4,..\dataset\mfcc_num\cv-valid-dev_sample-002020.npy,..\dataset\mfcc_spec\cv-valid-dev_sample-002020.png,..\dataset\mel_num\cv-valid-dev_sample-002020.npy,..\dataset\mel_spec\cv-valid-dev_sample-002020.png,..\dataset\mfcc_num_eq\cv-valid-dev_sample-002020_eq.npy,..\dataset\mel_num_eq\cv-valid-dev_sample-002020_eq.npy
cv-valid-dev/sample-002022.mp3,4,1,11,..\dataset\mfcc_num\cv-valid-dev_sample-002022.npy,..\dataset\mfcc_spec\cv-valid-dev_sample-002022.png,..\dataset\mel_num\cv-valid-dev_sample-002022.npy,..\dataset\mel_spec\cv-valid-dev_sample-002022.png,..\dataset\mfcc_num_eq\cv-valid-dev_sample-002022_eq.npy,..\dataset\mel_num_eq\cv-valid-dev_sample-002022_eq.npy
cv-valid-dev/sample-002024.mp3,7,1,6,..\dataset\mfcc_num\cv-valid-dev_sample-002024.npy,..\dataset\mfcc_spec\cv-valid-dev_sample-002024.png,..\dataset\mel_num\cv-valid-dev_sample-002024.npy,..\dataset\mel_spec\cv-valid-dev_sample-002024.png,..\dataset\mfcc_num_eq\cv-valid-dev_sample-002024_eq.npy,..\dataset\mel_num_eq\cv-valid-dev_sample-002024_eq.npy
cv-valid-dev/sample-002035.mp3,6,0,14,..\dataset\mfcc_num\cv-valid-dev_sample-002035.npy,..\dataset\mfcc_spec\cv-valid-dev_sample-002035.png,..\dataset\mel_num\cv-valid-dev_sample-002035.npy,..\dataset\mel_spec\cv-valid-dev_sample-002035.png,..\dataset\mfcc_num_eq\cv-valid-dev_sample-002035_eq.npy,..\dataset\mel_num_eq\cv-valid-dev_sample-002035_eq.npy
cv-valid-dev/sample-002043.mp3,2,0,4,..\dataset\mfcc_num\cv-valid-dev_sample-002043.npy,..\dataset\mfcc_spec\cv-valid-dev_sample-002043.png,..\dataset\mel_num\cv-valid-dev_sample-002043.npy,..\dataset\mel_spec\cv-valid-dev_sample-002043.png,..\dataset\mfcc_num_eq\cv-valid-dev_sample-002043_eq.npy,..\dataset\mel_num_eq\cv-valid-dev_sample-002043_eq.npy
cv-valid-dev/sample-002044.mp3,1,1,14,..\dataset\mfcc_num\cv-valid-dev_sample-002044.npy,..\dataset\mfcc_spec\cv-valid-dev_sample-002044.png,..\dataset\mel_num\cv-valid-dev_sample-002044.npy,..\dataset\mel_spec\cv-valid-dev_sample-002044.png,..\dataset\mfcc_num_eq\cv-valid-dev_sample-002044_eq.npy,..\dataset\mel_num_eq\cv-valid-dev_sample-002044_eq.npy
cv-valid-dev/sample-002046.mp3,2,1,14,..\dataset\mfcc_num\cv-valid-dev_sample-002046.npy,..\dataset\mfcc_spec\cv-valid-dev_sample-002046.png,..\dataset\mel_num\cv-valid-dev_sample-002046.npy,..\dataset\mel_spec\cv-valid-dev_sample-002046.png,..\dataset\mfcc_num_eq\cv-valid-dev_sample-002046_eq.npy,..\dataset\mel_num_eq\cv-valid-dev_sample-002046_eq.npy
cv-valid-dev/sample-002047.mp3,1,0,14,..\dataset\mfcc_num\cv-valid-dev_sample-002047.npy,..\dataset\mfcc_spec\cv-valid-dev_sample-002047.png,..\dataset\mel_num\cv-valid-dev_sample-002047.npy,..\dataset\mel_spec\cv-valid-dev_sample-002047.png,..\dataset\mfcc_num_eq\cv-valid-dev_sample-002047_eq.npy,..\dataset\mel_num_eq\cv-valid-dev_sample-002047_eq.npy
cv-valid-dev/sample-002049.mp3,7,1,14,..\dataset\mfcc_num\cv-valid-dev_sample-002049.npy,..\dataset\mfcc_spec\cv-valid-dev_sample-002049.png,..\dataset\mel_num\cv-valid-dev_sample-002049.npy,..\dataset\mel_spec\cv-valid-dev_sample-002049.png,..\dataset\mfcc_num_eq\cv-valid-dev_sample-002049_eq.npy,..\dataset\mel_num_eq\cv-valid-dev_sample-002049_eq.npy
cv-valid-dev/sample-002054.mp3,1,1,1,..\dataset\mfcc_num\cv-valid-dev_sample-002054.npy,..\dataset\mfcc_spec\cv-valid-dev_sample-002054.png,..\dataset\mel_num\cv-valid-dev_sample-002054.npy,..\dataset\mel_spec\cv-valid-dev_sample-002054.png,..\dataset\mfcc_num_eq\cv-valid-dev_sample-002054_eq.npy,..\dataset\mel_num_eq\cv-valid-dev_sample-002054_eq.npy
cv-valid-dev/sample-002059.mp3,7,0,6,..\dataset\mfcc_num\cv-valid-dev_sample-002059.npy,..\dataset\mfcc_spec\cv-valid-dev_sample-002059.png,..\dataset\mel_num\cv-valid-dev_sample-002059.npy,..\dataset\mel_spec\cv-valid-dev_sample-002059.png,..\dataset\mfcc_num_eq\cv-valid-dev_sample-002059_eq.npy,..\dataset\mel_num_eq\cv-valid-dev_sample-002059_eq.npy
cv-valid-dev/sample-002061.mp3,6,1,6,..\dataset\mfcc_num\cv-valid-dev_sample-002061.npy,..\dataset\mfcc_spec\cv-valid-dev_sample-002061.png,..\dataset\mel_num\cv-valid-dev_sample-002061.npy,..\dataset\mel_spec\cv-valid-dev_sample-002061.png,..\dataset\mfcc_num_eq\cv-valid-dev_sample-002061_eq.npy,..\dataset\mel_num_eq\cv-valid-dev_sample-002061_eq.npy
cv-valid-dev/sample-002062.mp3,2,0,14,..\dataset\mfcc_num\cv-valid-dev_sample-002062.npy,..\dataset\mfcc_spec\cv-valid-dev_sample-002062.png,..\dataset\mel_num\cv-valid-dev_sample-002062.npy,..\dataset\mel_spec\cv-valid-dev_sample-002062.png,..\dataset\mfcc_num_eq\cv-valid-dev_sample-002062_eq.npy,..\dataset\mel_num_eq\cv-valid-dev_sample-002062_eq.npy
cv-valid-dev/sample-002071.mp3,4,1,4,..\dataset\mfcc_num\cv-valid-dev_sample-002071.npy,..\dataset\mfcc_spec\cv-valid-dev_sample-002071.png,..\dataset\mel_num\cv-valid-dev_sample-002071.npy,..\dataset\mel_spec\cv-valid-dev_sample-002071.png,..\dataset\mfcc_num_eq\cv-valid-dev_sample-002071_eq.npy,..\dataset\mel_num_eq\cv-valid-dev_sample-002071_eq.npy
cv-valid-dev/sample-002073.mp3,1,1,11,..\dataset\mfcc_num\cv-valid-dev_sample-002073.npy,..\dataset\mfcc_spec\cv-valid-dev_sample-002073.png,..\dataset\mel_num\cv-valid-dev_sample-002073.npy,..\dataset\mel_spec\cv-valid-dev_sample-002073.png,..\dataset\mfcc_num_eq\cv-valid-dev_sample-002073_eq.npy,..\dataset\mel_num_eq\cv-valid-dev_sample-002073_eq.npy
cv-valid-dev/sample-002077.mp3,2,0,14,..\dataset\mfcc_num\cv-valid-dev_sample-002077.npy,..\dataset\mfcc_spec\cv-valid-dev_sample-002077.png,..\dataset\mel_num\cv-valid-dev_sample-002077.npy,..\dataset\mel_spec\cv-valid-dev_sample-002077.png,..\dataset\mfcc_num_eq\cv-valid-dev_sample-002077_eq.npy,..\dataset\mel_num_eq\cv-valid-dev_sample-002077_eq.npy
cv-valid-dev/sample-002079.mp3,7,1,4,..\dataset\mfcc_num\cv-valid-dev_sample-002079.npy,..\dataset\mfcc_spec\cv-valid-dev_sample-002079.png,..\dataset\mel_num\cv-valid-dev_sample-002079.npy,..\dataset\mel_spec\cv-valid-dev_sample-002079.png,..\dataset\mfcc_num_eq\cv-valid-dev_sample-002079_eq.npy,..\dataset\mel_num_eq\cv-valid-dev_sample-002079_eq.npy
cv-valid-dev/sample-002081.mp3,2,0,4,..\dataset\mfcc_num\cv-valid-dev_sample-002081.npy,..\dataset\mfcc_spec\cv-valid-dev_sample-002081.png,..\dataset\mel_num\cv-valid-dev_sample-002081.npy,..\dataset\mel_spec\cv-valid-dev_sample-002081.png,..\dataset\mfcc_num_eq\cv-valid-dev_sample-002081_eq.npy,..\dataset\mel_num_eq\cv-valid-dev_sample-002081_eq.npy
cv-valid-dev/sample-002083.mp3,7,1,14,..\dataset\mfcc_num\cv-valid-dev_sample-002083.npy,..\dataset\mfcc_spec\cv-valid-dev_sample-002083.png,..\dataset\mel_num\cv-valid-dev_sample-002083.npy,..\dataset\mel_spec\cv-valid-dev_sample-002083.png,..\dataset\mfcc_num_eq\cv-valid-dev_sample-002083_eq.npy,..\dataset\mel_num_eq\cv-valid-dev_sample-002083_eq.npy
cv-valid-dev/sample-002084.mp3,7,1,14,..\dataset\mfcc_num\cv-valid-dev_sample-002084.npy,..\dataset\mfcc_spec\cv-valid-dev_sample-002084.png,..\dataset\mel_num\cv-valid-dev_sample-002084.npy,..\dataset\mel_spec\cv-valid-dev_sample-002084.png,..\dataset\mfcc_num_eq\cv-valid-dev_sample-002084_eq.npy,..\dataset\mel_num_eq\cv-valid-dev_sample-002084_eq.npy
cv-valid-dev/sample-002085.mp3,2,1,14,..\dataset\mfcc_num\cv-valid-dev_sample-002085.npy,..\dataset\mfcc_spec\cv-valid-dev_sample-002085.png,..\dataset\mel_num\cv-valid-dev_sample-002085.npy,..\dataset\mel_spec\cv-valid-dev_sample-002085.png,..\dataset\mfcc_num_eq\cv-valid-dev_sample-002085_eq.npy,..\dataset\mel_num_eq\cv-valid-dev_sample-002085_eq.npy
cv-valid-dev/sample-002087.mp3,6,1,4,..\dataset\mfcc_num\cv-valid-dev_sample-002087.npy,..\dataset\mfcc_spec\cv-valid-dev_sample-002087.png,..\dataset\mel_num\cv-valid-dev_sample-002087.npy,..\dataset\mel_spec\cv-valid-dev_sample-002087.png,..\dataset\mfcc_num_eq\cv-valid-dev_sample-002087_eq.npy,..\dataset\mel_num_eq\cv-valid-dev_sample-002087_eq.npy
cv-valid-dev/sample-002090.mp3,6,1,14,..\dataset\mfcc_num\cv-valid-dev_sample-002090.npy,..\dataset\mfcc_spec\cv-valid-dev_sample-002090.png,..\dataset\mel_num\cv-valid-dev_sample-002090.npy,..\dataset\mel_spec\cv-valid-dev_sample-002090.png,..\dataset\mfcc_num_eq\cv-valid-dev_sample-002090_eq.npy,..\dataset\mel_num_eq\cv-valid-dev_sample-002090_eq.npy
cv-valid-dev/sample-002094.mp3,1,1,1,..\dataset\mfcc_num\cv-valid-dev_sample-002094.npy,..\dataset\mfcc_spec\cv-valid-dev_sample-002094.png,..\dataset\mel_num\cv-valid-dev_sample-002094.npy,..\dataset\mel_spec\cv-valid-dev_sample-002094.png,..\dataset\mfcc_num_eq\cv-valid-dev_sample-002094_eq.npy,..\dataset\mel_num_eq\cv-valid-dev_sample-002094_eq.npy
cv-valid-dev/sample-002095.mp3,7,1,6,..\dataset\mfcc_num\cv-valid-dev_sample-002095.npy,..\dataset\mfcc_spec\cv-valid-dev_sample-002095.png,..\dataset\mel_num\cv-valid-dev_sample-002095.npy,..\dataset\mel_spec\cv-valid-dev_sample-002095.png,..\dataset\mfcc_num_eq\cv-valid-dev_sample-002095_eq.npy,..\dataset\mel_num_eq\cv-valid-dev_sample-002095_eq.npy
cv-valid-dev/sample-002096.mp3,3,0,4,..\dataset\mfcc_num\cv-valid-dev_sample-002096.npy,..\dataset\mfcc_spec\cv-valid-dev_sample-002096.png,..\dataset\mel_num\cv-valid-dev_sample-002096.npy,..\dataset\mel_spec\cv-valid-dev_sample-002096.png,..\dataset\mfcc_num_eq\cv-valid-dev_sample-002096_eq.npy,..\dataset\mel_num_eq\cv-valid-dev_sample-002096_eq.npy
cv-valid-dev/sample-002097.mp3,7,1,4,..\dataset\mfcc_num\cv-valid-dev_sample-002097.npy,..\dataset\mfcc_spec\cv-valid-dev_sample-002097.png,..\dataset\mel_num\cv-valid-dev_sample-002097.npy,..\dataset\mel_spec\cv-valid-dev_sample-002097.png,..\dataset\mfcc_num_eq\cv-valid-dev_sample-002097_eq.npy,..\dataset\mel_num_eq\cv-valid-dev_sample-002097_eq.npy
cv-valid-dev/sample-002101.mp3,5,0,14,..\dataset\mfcc_num\cv-valid-dev_sample-002101.npy,..\dataset\mfcc_spec\cv-valid-dev_sample-002101.png,..\dataset\mel_num\cv-valid-dev_sample-002101.npy,..\dataset\mel_spec\cv-valid-dev_sample-002101.png,..\dataset\mfcc_num_eq\cv-valid-dev_sample-002101_eq.npy,..\dataset\mel_num_eq\cv-valid-dev_sample-002101_eq.npy
cv-valid-dev/sample-002102.mp3,7,1,3,..\dataset\mfcc_num\cv-valid-dev_sample-002102.npy,..\dataset\mfcc_spec\cv-valid-dev_sample-002102.png,..\dataset\mel_num\cv-valid-dev_sample-002102.npy,..\dataset\mel_spec\cv-valid-dev_sample-002102.png,..\dataset\mfcc_num_eq\cv-valid-dev_sample-002102_eq.npy,..\dataset\mel_num_eq\cv-valid-dev_sample-002102_eq.npy
cv-valid-dev/sample-002104.mp3,6,1,4,..\dataset\mfcc_num\cv-valid-dev_sample-002104.npy,..\dataset\mfcc_spec\cv-valid-dev_sample-002104.png,..\dataset\mel_num\cv-valid-dev_sample-002104.npy,..\dataset\mel_spec\cv-valid-dev_sample-002104.png,..\dataset\mfcc_num_eq\cv-valid-dev_sample-002104_eq.npy,..\dataset\mel_num_eq\cv-valid-dev_sample-002104_eq.npy
cv-valid-dev/sample-002110.mp3,6,1,14,..\dataset\mfcc_num\cv-valid-dev_sample-002110.npy,..\dataset\mfcc_spec\cv-valid-dev_sample-002110.png,..\dataset\mel_num\cv-valid-dev_sample-002110.npy,..\dataset\mel_spec\cv-valid-dev_sample-002110.png,..\dataset\mfcc_num_eq\cv-valid-dev_sample-002110_eq.npy,..\dataset\mel_num_eq\cv-valid-dev_sample-002110_eq.npy
cv-valid-dev/sample-002113.mp3,7,1,14,..\dataset\mfcc_num\cv-valid-dev_sample-002113.npy,..\dataset\mfcc_spec\cv-valid-dev_sample-002113.png,..\dataset\mel_num\cv-valid-dev_sample-002113.npy,..\dataset\mel_spec\cv-valid-dev_sample-002113.png,..\dataset\mfcc_num_eq\cv-valid-dev_sample-002113_eq.npy,..\dataset\mel_num_eq\cv-valid-dev_sample-002113_eq.npy
cv-valid-dev/sample-002120.mp3,5,1,6,..\dataset\mfcc_num\cv-valid-dev_sample-002120.npy,..\dataset\mfcc_spec\cv-valid-dev_sample-002120.png,..\dataset\mel_num\cv-valid-dev_sample-002120.npy,..\dataset\mel_spec\cv-valid-dev_sample-002120.png,..\dataset\mfcc_num_eq\cv-valid-dev_sample-002120_eq.npy,..\dataset\mel_num_eq\cv-valid-dev_sample-002120_eq.npy
cv-valid-dev/sample-002122.mp3,6,1,4,..\dataset\mfcc_num\cv-valid-dev_sample-002122.npy,..\dataset\mfcc_spec\cv-valid-dev_sample-002122.png,..\dataset\mel_num\cv-valid-dev_sample-002122.npy,..\dataset\mel_spec\cv-valid-dev_sample-002122.png,..\dataset\mfcc_num_eq\cv-valid-dev_sample-002122_eq.npy,..\dataset\mel_num_eq\cv-valid-dev_sample-002122_eq.npy
cv-valid-dev/sample-002124.mp3,7,1,14,..\dataset\mfcc_num\cv-valid-dev_sample-002124.npy,..\dataset\mfcc_spec\cv-valid-dev_sample-002124.png,..\dataset\mel_num\cv-valid-dev_sample-002124.npy,..\dataset\mel_spec\cv-valid-dev_sample-002124.png,..\dataset\mfcc_num_eq\cv-valid-dev_sample-002124_eq.npy,..\dataset\mel_num_eq\cv-valid-dev_sample-002124_eq.npy
cv-valid-dev/sample-002125.mp3,6,1,14,..\dataset\mfcc_num\cv-valid-dev_sample-002125.npy,..\dataset\mfcc_spec\cv-valid-dev_sample-002125.png,..\dataset\mel_num\cv-valid-dev_sample-002125.npy,..\dataset\mel_spec\cv-valid-dev_sample-002125.png,..\dataset\mfcc_num_eq\cv-valid-dev_sample-002125_eq.npy,..\dataset\mel_num_eq\cv-valid-dev_sample-002125_eq.npy
cv-valid-dev/sample-002128.mp3,4,1,4,..\dataset\mfcc_num\cv-valid-dev_sample-002128.npy,..\dataset\mfcc_spec\cv-valid-dev_sample-002128.png,..\dataset\mel_num\cv-valid-dev_sample-002128.npy,..\dataset\mel_spec\cv-valid-dev_sample-002128.png,..\dataset\mfcc_num_eq\cv-valid-dev_sample-002128_eq.npy,..\dataset\mel_num_eq\cv-valid-dev_sample-002128_eq.npy
cv-valid-dev/sample-002132.mp3,1,0,6,..\dataset\mfcc_num\cv-valid-dev_sample-002132.npy,..\dataset\mfcc_spec\cv-valid-dev_sample-002132.png,..\dataset\mel_num\cv-valid-dev_sample-002132.npy,..\dataset\mel_spec\cv-valid-dev_sample-002132.png,..\dataset\mfcc_num_eq\cv-valid-dev_sample-002132_eq.npy,..\dataset\mel_num_eq\cv-valid-dev_sample-002132_eq.npy
cv-valid-dev/sample-002136.mp3,2,1,4,..\dataset\mfcc_num\cv-valid-dev_sample-002136.npy,..\dataset\mfcc_spec\cv-valid-dev_sample-002136.png,..\dataset\mel_num\cv-valid-dev_sample-002136.npy,..\dataset\mel_spec\cv-valid-dev_sample-002136.png,..\dataset\mfcc_num_eq\cv-valid-dev_sample-002136_eq.npy,..\dataset\mel_num_eq\cv-valid-dev_sample-002136_eq.npy
cv-valid-dev/sample-002138.mp3,6,1,3,..\dataset\mfcc_num\cv-valid-dev_sample-002138.npy,..\dataset\mfcc_spec\cv-valid-dev_sample-002138.png,..\dataset\mel_num\cv-valid-dev_sample-002138.npy,..\dataset\mel_spec\cv-valid-dev_sample-002138.png,..\dataset\mfcc_num_eq\cv-valid-dev_sample-002138_eq.npy,..\dataset\mel_num_eq\cv-valid-dev_sample-002138_eq.npy
cv-valid-dev/sample-002151.mp3,6,0,4,..\dataset\mfcc_num\cv-valid-dev_sample-002151.npy,..\dataset\mfcc_spec\cv-valid-dev_sample-002151.png,..\dataset\mel_num\cv-valid-dev_sample-002151.npy,..\dataset\mel_spec\cv-valid-dev_sample-002151.png,..\dataset\mfcc_num_eq\cv-valid-dev_sample-002151_eq.npy,..\dataset\mel_num_eq\cv-valid-dev_sample-002151_eq.npy
cv-valid-dev/sample-002152.mp3,6,0,4,..\dataset\mfcc_num\cv-valid-dev_sample-002152.npy,..\dataset\mfcc_spec\cv-valid-dev_sample-002152.png,..\dataset\mel_num\cv-valid-dev_sample-002152.npy,..\dataset\mel_spec\cv-valid-dev_sample-002152.png,..\dataset\mfcc_num_eq\cv-valid-dev_sample-002152_eq.npy,..\dataset\mel_num_eq\cv-valid-dev_sample-002152_eq.npy
cv-valid-dev/sample-002156.mp3,2,1,14,..\dataset\mfcc_num\cv-valid-dev_sample-002156.npy,..\dataset\mfcc_spec\cv-valid-dev_sample-002156.png,..\dataset\mel_num\cv-valid-dev_sample-002156.npy,..\dataset\mel_spec\cv-valid-dev_sample-002156.png,..\dataset\mfcc_num_eq\cv-valid-dev_sample-002156_eq.npy,..\dataset\mel_num_eq\cv-valid-dev_sample-002156_eq.npy
cv-valid-dev/sample-002158.mp3,6,1,14,..\dataset\mfcc_num\cv-valid-dev_sample-002158.npy,..\dataset\mfcc_spec\cv-valid-dev_sample-002158.png,..\dataset\mel_num\cv-valid-dev_sample-002158.npy,..\dataset\mel_spec\cv-valid-dev_sample-002158.png,..\dataset\mfcc_num_eq\cv-valid-dev_sample-002158_eq.npy,..\dataset\mel_num_eq\cv-valid-dev_sample-002158_eq.npy
cv-valid-dev/sample-002165.mp3,7,0,14,..\dataset\mfcc_num\cv-valid-dev_sample-002165.npy,..\dataset\mfcc_spec\cv-valid-dev_sample-002165.png,..\dataset\mel_num\cv-valid-dev_sample-002165.npy,..\dataset\mel_spec\cv-valid-dev_sample-002165.png,..\dataset\mfcc_num_eq\cv-valid-dev_sample-002165_eq.npy,..\dataset\mel_num_eq\cv-valid-dev_sample-002165_eq.npy
cv-valid-dev/sample-002166.mp3,6,1,14,..\dataset\mfcc_num\cv-valid-dev_sample-002166.npy,..\dataset\mfcc_spec\cv-valid-dev_sample-002166.png,..\dataset\mel_num\cv-valid-dev_sample-002166.npy,..\dataset\mel_spec\cv-valid-dev_sample-002166.png,..\dataset\mfcc_num_eq\cv-valid-dev_sample-002166_eq.npy,..\dataset\mel_num_eq\cv-valid-dev_sample-002166_eq.npy
cv-valid-dev/sample-002168.mp3,6,1,14,..\dataset\mfcc_num\cv-valid-dev_sample-002168.npy,..\dataset\mfcc_spec\cv-valid-dev_sample-002168.png,..\dataset\mel_num\cv-valid-dev_sample-002168.npy,..\dataset\mel_spec\cv-valid-dev_sample-002168.png,..\dataset\mfcc_num_eq\cv-valid-dev_sample-002168_eq.npy,..\dataset\mel_num_eq\cv-valid-dev_sample-002168_eq.npy
cv-valid-dev/sample-002170.mp3,6,0,4,..\dataset\mfcc_num\cv-valid-dev_sample-002170.npy,..\dataset\mfcc_spec\cv-valid-dev_sample-002170.png,..\dataset\mel_num\cv-valid-dev_sample-002170.npy,..\dataset\mel_spec\cv-valid-dev_sample-002170.png,..\dataset\mfcc_num_eq\cv-valid-dev_sample-002170_eq.npy,..\dataset\mel_num_eq\cv-valid-dev_sample-002170_eq.npy
cv-valid-dev/sample-002173.mp3,6,0,3,..\dataset\mfcc_num\cv-valid-dev_sample-002173.npy,..\dataset\mfcc_spec\cv-valid-dev_sample-002173.png,..\dataset\mel_num\cv-valid-dev_sample-002173.npy,..\dataset\mel_spec\cv-valid-dev_sample-002173.png,..\dataset\mfcc_num_eq\cv-valid-dev_sample-002173_eq.npy,..\dataset\mel_num_eq\cv-valid-dev_sample-002173_eq.npy
cv-valid-dev/sample-002177.mp3,7,1,14,..\dataset\mfcc_num\cv-valid-dev_sample-002177.npy,..\dataset\mfcc_spec\cv-valid-dev_sample-002177.png,..\dataset\mel_num\cv-valid-dev_sample-002177.npy,..\dataset\mel_spec\cv-valid-dev_sample-002177.png,..\dataset\mfcc_num_eq\cv-valid-dev_sample-002177_eq.npy,..\dataset\mel_num_eq\cv-valid-dev_sample-002177_eq.npy
cv-valid-dev/sample-002181.mp3,5,1,14,..\dataset\mfcc_num\cv-valid-dev_sample-002181.npy,..\dataset\mfcc_spec\cv-valid-dev_sample-002181.png,..\dataset\mel_num\cv-valid-dev_sample-002181.npy,..\dataset\mel_spec\cv-valid-dev_sample-002181.png,..\dataset\mfcc_num_eq\cv-valid-dev_sample-002181_eq.npy,..\dataset\mel_num_eq\cv-valid-dev_sample-002181_eq.npy
cv-valid-dev/sample-002184.mp3,2,1,4,..\dataset\mfcc_num\cv-valid-dev_sample-002184.npy,..\dataset\mfcc_spec\cv-valid-dev_sample-002184.png,..\dataset\mel_num\cv-valid-dev_sample-002184.npy,..\dataset\mel_spec\cv-valid-dev_sample-002184.png,..\dataset\mfcc_num_eq\cv-valid-dev_sample-002184_eq.npy,..\dataset\mel_num_eq\cv-valid-dev_sample-002184_eq.npy
cv-valid-dev/sample-002185.mp3,7,1,4,..\dataset\mfcc_num\cv-valid-dev_sample-002185.npy,..\dataset\mfcc_spec\cv-valid-dev_sample-002185.png,..\dataset\mel_num\cv-valid-dev_sample-002185.npy,..\dataset\mel_spec\cv-valid-dev_sample-002185.png,..\dataset\mfcc_num_eq\cv-valid-dev_sample-002185_eq.npy,..\dataset\mel_num_eq\cv-valid-dev_sample-002185_eq.npy
cv-valid-dev/sample-002190.mp3,2,1,4,..\dataset\mfcc_num\cv-valid-dev_sample-002190.npy,..\dataset\mfcc_spec\cv-valid-dev_sample-002190.png,..\dataset\mel_num\cv-valid-dev_sample-002190.npy,..\dataset\mel_spec\cv-valid-dev_sample-002190.png,..\dataset\mfcc_num_eq\cv-valid-dev_sample-002190_eq.npy,..\dataset\mel_num_eq\cv-valid-dev_sample-002190_eq.npy
cv-valid-dev/sample-002192.mp3,5,1,4,..\dataset\mfcc_num\cv-valid-dev_sample-002192.npy,..\dataset\mfcc_spec\cv-valid-dev_sample-002192.png,..\dataset\mel_num\cv-valid-dev_sample-002192.npy,..\dataset\mel_spec\cv-valid-dev_sample-002192.png,..\dataset\mfcc_num_eq\cv-valid-dev_sample-002192_eq.npy,..\dataset\mel_num_eq\cv-valid-dev_sample-002192_eq.npy
cv-valid-dev/sample-002195.mp3,7,1,6,..\dataset\mfcc_num\cv-valid-dev_sample-002195.npy,..\dataset\mfcc_spec\cv-valid-dev_sample-002195.png,..\dataset\mel_num\cv-valid-dev_sample-002195.npy,..\dataset\mel_spec\cv-valid-dev_sample-002195.png,..\dataset\mfcc_num_eq\cv-valid-dev_sample-002195_eq.npy,..\dataset\mel_num_eq\cv-valid-dev_sample-002195_eq.npy
cv-valid-dev/sample-002196.mp3,2,1,14,..\dataset\mfcc_num\cv-valid-dev_sample-002196.npy,..\dataset\mfcc_spec\cv-valid-dev_sample-002196.png,..\dataset\mel_num\cv-valid-dev_sample-002196.npy,..\dataset\mel_spec\cv-valid-dev_sample-002196.png,..\dataset\mfcc_num_eq\cv-valid-dev_sample-002196_eq.npy,..\dataset\mel_num_eq\cv-valid-dev_sample-002196_eq.npy
cv-valid-dev/sample-002200.mp3,2,1,4,..\dataset\mfcc_num\cv-valid-dev_sample-002200.npy,..\dataset\mfcc_spec\cv-valid-dev_sample-002200.png,..\dataset\mel_num\cv-valid-dev_sample-002200.npy,..\dataset\mel_spec\cv-valid-dev_sample-002200.png,..\dataset\mfcc_num_eq\cv-valid-dev_sample-002200_eq.npy,..\dataset\mel_num_eq\cv-valid-dev_sample-002200_eq.npy
cv-valid-dev/sample-002201.mp3,7,1,6,..\dataset\mfcc_num\cv-valid-dev_sample-002201.npy,..\dataset\mfcc_spec\cv-valid-dev_sample-002201.png,..\dataset\mel_num\cv-valid-dev_sample-002201.npy,..\dataset\mel_spec\cv-valid-dev_sample-002201.png,..\dataset\mfcc_num_eq\cv-valid-dev_sample-002201_eq.npy,..\dataset\mel_num_eq\cv-valid-dev_sample-002201_eq.npy
cv-valid-dev/sample-002202.mp3,1,0,6,..\dataset\mfcc_num\cv-valid-dev_sample-002202.npy,..\dataset\mfcc_spec\cv-valid-dev_sample-002202.png,..\dataset\mel_num\cv-valid-dev_sample-002202.npy,..\dataset\mel_spec\cv-valid-dev_sample-002202.png,..\dataset\mfcc_num_eq\cv-valid-dev_sample-002202_eq.npy,..\dataset\mel_num_eq\cv-valid-dev_sample-002202_eq.npy
cv-valid-dev/sample-002204.mp3,7,1,14,..\dataset\mfcc_num\cv-valid-dev_sample-002204.npy,..\dataset\mfcc_spec\cv-valid-dev_sample-002204.png,..\dataset\mel_num\cv-valid-dev_sample-002204.npy,..\dataset\mel_spec\cv-valid-dev_sample-002204.png,..\dataset\mfcc_num_eq\cv-valid-dev_sample-002204_eq.npy,..\dataset\mel_num_eq\cv-valid-dev_sample-002204_eq.npy
cv-valid-dev/sample-002206.mp3,2,1,4,..\dataset\mfcc_num\cv-valid-dev_sample-002206.npy,..\dataset\mfcc_spec\cv-valid-dev_sample-002206.png,..\dataset\mel_num\cv-valid-dev_sample-002206.npy,..\dataset\mel_spec\cv-valid-dev_sample-002206.png,..\dataset\mfcc_num_eq\cv-valid-dev_sample-002206_eq.npy,..\dataset\mel_num_eq\cv-valid-dev_sample-002206_eq.npy
cv-valid-dev/sample-002216.mp3,1,1,4,..\dataset\mfcc_num\cv-valid-dev_sample-002216.npy,..\dataset\mfcc_spec\cv-valid-dev_sample-002216.png,..\dataset\mel_num\cv-valid-dev_sample-002216.npy,..\dataset\mel_spec\cv-valid-dev_sample-002216.png,..\dataset\mfcc_num_eq\cv-valid-dev_sample-002216_eq.npy,..\dataset\mel_num_eq\cv-valid-dev_sample-002216_eq.npy
cv-valid-dev/sample-002219.mp3,2,1,14,..\dataset\mfcc_num\cv-valid-dev_sample-002219.npy,..\dataset\mfcc_spec\cv-valid-dev_sample-002219.png,..\dataset\mel_num\cv-valid-dev_sample-002219.npy,..\dataset\mel_spec\cv-valid-dev_sample-002219.png,..\dataset\mfcc_num_eq\cv-valid-dev_sample-002219_eq.npy,..\dataset\mel_num_eq\cv-valid-dev_sample-002219_eq.npy
cv-valid-dev/sample-002220.mp3,5,0,14,..\dataset\mfcc_num\cv-valid-dev_sample-002220.npy,..\dataset\mfcc_spec\cv-valid-dev_sample-002220.png,..\dataset\mel_num\cv-valid-dev_sample-002220.npy,..\dataset\mel_spec\cv-valid-dev_sample-002220.png,..\dataset\mfcc_num_eq\cv-valid-dev_sample-002220_eq.npy,..\dataset\mel_num_eq\cv-valid-dev_sample-002220_eq.npy
cv-valid-dev/sample-002221.mp3,1,0,14,..\dataset\mfcc_num\cv-valid-dev_sample-002221.npy,..\dataset\mfcc_spec\cv-valid-dev_sample-002221.png,..\dataset\mel_num\cv-valid-dev_sample-002221.npy,..\dataset\mel_spec\cv-valid-dev_sample-002221.png,..\dataset\mfcc_num_eq\cv-valid-dev_sample-002221_eq.npy,..\dataset\mel_num_eq\cv-valid-dev_sample-002221_eq.npy
cv-valid-dev/sample-002222.mp3,7,0,14,..\dataset\mfcc_num\cv-valid-dev_sample-002222.npy,..\dataset\mfcc_spec\cv-valid-dev_sample-002222.png,..\dataset\mel_num\cv-valid-dev_sample-002222.npy,..\dataset\mel_spec\cv-valid-dev_sample-002222.png,..\dataset\mfcc_num_eq\cv-valid-dev_sample-002222_eq.npy,..\dataset\mel_num_eq\cv-valid-dev_sample-002222_eq.npy
cv-valid-dev/sample-002224.mp3,7,1,7,..\dataset\mfcc_num\cv-valid-dev_sample-002224.npy,..\dataset\mfcc_spec\cv-valid-dev_sample-002224.png,..\dataset\mel_num\cv-valid-dev_sample-002224.npy,..\dataset\mel_spec\cv-valid-dev_sample-002224.png,..\dataset\mfcc_num_eq\cv-valid-dev_sample-002224_eq.npy,..\dataset\mel_num_eq\cv-valid-dev_sample-002224_eq.npy
cv-valid-dev/sample-002226.mp3,6,1,14,..\dataset\mfcc_num\cv-valid-dev_sample-002226.npy,..\dataset\mfcc_spec\cv-valid-dev_sample-002226.png,..\dataset\mel_num\cv-valid-dev_sample-002226.npy,..\dataset\mel_spec\cv-valid-dev_sample-002226.png,..\dataset\mfcc_num_eq\cv-valid-dev_sample-002226_eq.npy,..\dataset\mel_num_eq\cv-valid-dev_sample-002226_eq.npy
cv-valid-dev/sample-002228.mp3,7,1,14,..\dataset\mfcc_num\cv-valid-dev_sample-002228.npy,..\dataset\mfcc_spec\cv-valid-dev_sample-002228.png,..\dataset\mel_num\cv-valid-dev_sample-002228.npy,..\dataset\mel_spec\cv-valid-dev_sample-002228.png,..\dataset\mfcc_num_eq\cv-valid-dev_sample-002228_eq.npy,..\dataset\mel_num_eq\cv-valid-dev_sample-002228_eq.npy
cv-valid-dev/sample-002232.mp3,2,0,14,..\dataset\mfcc_num\cv-valid-dev_sample-002232.npy,..\dataset\mfcc_spec\cv-valid-dev_sample-002232.png,..\dataset\mel_num\cv-valid-dev_sample-002232.npy,..\dataset\mel_spec\cv-valid-dev_sample-002232.png,..\dataset\mfcc_num_eq\cv-valid-dev_sample-002232_eq.npy,..\dataset\mel_num_eq\cv-valid-dev_sample-002232_eq.npy
cv-valid-dev/sample-002237.mp3,1,1,14,..\dataset\mfcc_num\cv-valid-dev_sample-002237.npy,..\dataset\mfcc_spec\cv-valid-dev_sample-002237.png,..\dataset\mel_num\cv-valid-dev_sample-002237.npy,..\dataset\mel_spec\cv-valid-dev_sample-002237.png,..\dataset\mfcc_num_eq\cv-valid-dev_sample-002237_eq.npy,..\dataset\mel_num_eq\cv-valid-dev_sample-002237_eq.npy
cv-valid-dev/sample-002241.mp3,1,1,14,..\dataset\mfcc_num\cv-valid-dev_sample-002241.npy,..\dataset\mfcc_spec\cv-valid-dev_sample-002241.png,..\dataset\mel_num\cv-valid-dev_sample-002241.npy,..\dataset\mel_spec\cv-valid-dev_sample-002241.png,..\dataset\mfcc_num_eq\cv-valid-dev_sample-002241_eq.npy,..\dataset\mel_num_eq\cv-valid-dev_sample-002241_eq.npy
cv-valid-dev/sample-002242.mp3,7,1,4,..\dataset\mfcc_num\cv-valid-dev_sample-002242.npy,..\dataset\mfcc_spec\cv-valid-dev_sample-002242.png,..\dataset\mel_num\cv-valid-dev_sample-002242.npy,..\dataset\mel_spec\cv-valid-dev_sample-002242.png,..\dataset\mfcc_num_eq\cv-valid-dev_sample-002242_eq.npy,..\dataset\mel_num_eq\cv-valid-dev_sample-002242_eq.npy
cv-valid-dev/sample-002245.mp3,7,1,14,..\dataset\mfcc_num\cv-valid-dev_sample-002245.npy,..\dataset\mfcc_spec\cv-valid-dev_sample-002245.png,..\dataset\mel_num\cv-valid-dev_sample-002245.npy,..\dataset\mel_spec\cv-valid-dev_sample-002245.png,..\dataset\mfcc_num_eq\cv-valid-dev_sample-002245_eq.npy,..\dataset\mel_num_eq\cv-valid-dev_sample-002245_eq.npy
cv-valid-dev/sample-002246.mp3,7,1,14,..\dataset\mfcc_num\cv-valid-dev_sample-002246.npy,..\dataset\mfcc_spec\cv-valid-dev_sample-002246.png,..\dataset\mel_num\cv-valid-dev_sample-002246.npy,..\dataset\mel_spec\cv-valid-dev_sample-002246.png,..\dataset\mfcc_num_eq\cv-valid-dev_sample-002246_eq.npy,..\dataset\mel_num_eq\cv-valid-dev_sample-002246_eq.npy
cv-valid-dev/sample-002248.mp3,4,1,14,..\dataset\mfcc_num\cv-valid-dev_sample-002248.npy,..\dataset\mfcc_spec\cv-valid-dev_sample-002248.png,..\dataset\mel_num\cv-valid-dev_sample-002248.npy,..\dataset\mel_spec\cv-valid-dev_sample-002248.png,..\dataset\mfcc_num_eq\cv-valid-dev_sample-002248_eq.npy,..\dataset\mel_num_eq\cv-valid-dev_sample-002248_eq.npy
cv-valid-dev/sample-002250.mp3,6,1,4,..\dataset\mfcc_num\cv-valid-dev_sample-002250.npy,..\dataset\mfcc_spec\cv-valid-dev_sample-002250.png,..\dataset\mel_num\cv-valid-dev_sample-002250.npy,..\dataset\mel_spec\cv-valid-dev_sample-002250.png,..\dataset\mfcc_num_eq\cv-valid-dev_sample-002250_eq.npy,..\dataset\mel_num_eq\cv-valid-dev_sample-002250_eq.npy
cv-valid-dev/sample-002252.mp3,6,1,4,..\dataset\mfcc_num\cv-valid-dev_sample-002252.npy,..\dataset\mfcc_spec\cv-valid-dev_sample-002252.png,..\dataset\mel_num\cv-valid-dev_sample-002252.npy,..\dataset\mel_spec\cv-valid-dev_sample-002252.png,..\dataset\mfcc_num_eq\cv-valid-dev_sample-002252_eq.npy,..\dataset\mel_num_eq\cv-valid-dev_sample-002252_eq.npy
cv-valid-dev/sample-002255.mp3,6,1,14,..\dataset\mfcc_num\cv-valid-dev_sample-002255.npy,..\dataset\mfcc_spec\cv-valid-dev_sample-002255.png,..\dataset\mel_num\cv-valid-dev_sample-002255.npy,..\dataset\mel_spec\cv-valid-dev_sample-002255.png,..\dataset\mfcc_num_eq\cv-valid-dev_sample-002255_eq.npy,..\dataset\mel_num_eq\cv-valid-dev_sample-002255_eq.npy
cv-valid-dev/sample-002263.mp3,2,1,14,..\dataset\mfcc_num\cv-valid-dev_sample-002263.npy,..\dataset\mfcc_spec\cv-valid-dev_sample-002263.png,..\dataset\mel_num\cv-valid-dev_sample-002263.npy,..\dataset\mel_spec\cv-valid-dev_sample-002263.png,..\dataset\mfcc_num_eq\cv-valid-dev_sample-002263_eq.npy,..\dataset\mel_num_eq\cv-valid-dev_sample-002263_eq.npy
cv-valid-dev/sample-002264.mp3,7,0,14,..\dataset\mfcc_num\cv-valid-dev_sample-002264.npy,..\dataset\mfcc_spec\cv-valid-dev_sample-002264.png,..\dataset\mel_num\cv-valid-dev_sample-002264.npy,..\dataset\mel_spec\cv-valid-dev_sample-002264.png,..\dataset\mfcc_num_eq\cv-valid-dev_sample-002264_eq.npy,..\dataset\mel_num_eq\cv-valid-dev_sample-002264_eq.npy
cv-valid-dev/sample-002267.mp3,6,1,1,..\dataset\mfcc_num\cv-valid-dev_sample-002267.npy,..\dataset\mfcc_spec\cv-valid-dev_sample-002267.png,..\dataset\mel_num\cv-valid-dev_sample-002267.npy,..\dataset\mel_spec\cv-valid-dev_sample-002267.png,..\dataset\mfcc_num_eq\cv-valid-dev_sample-002267_eq.npy,..\dataset\mel_num_eq\cv-valid-dev_sample-002267_eq.npy
cv-valid-dev/sample-002269.mp3,4,0,0,..\dataset\mfcc_num\cv-valid-dev_sample-002269.npy,..\dataset\mfcc_spec\cv-valid-dev_sample-002269.png,..\dataset\mel_num\cv-valid-dev_sample-002269.npy,..\dataset\mel_spec\cv-valid-dev_sample-002269.png,..\dataset\mfcc_num_eq\cv-valid-dev_sample-002269_eq.npy,..\dataset\mel_num_eq\cv-valid-dev_sample-002269_eq.npy
cv-valid-dev/sample-002271.mp3,6,1,4,..\dataset\mfcc_num\cv-valid-dev_sample-002271.npy,..\dataset\mfcc_spec\cv-valid-dev_sample-002271.png,..\dataset\mel_num\cv-valid-dev_sample-002271.npy,..\dataset\mel_spec\cv-valid-dev_sample-002271.png,..\dataset\mfcc_num_eq\cv-valid-dev_sample-002271_eq.npy,..\dataset\mel_num_eq\cv-valid-dev_sample-002271_eq.npy
cv-valid-dev/sample-002272.mp3,2,1,4,..\dataset\mfcc_num\cv-valid-dev_sample-002272.npy,..\dataset\mfcc_spec\cv-valid-dev_sample-002272.png,..\dataset\mel_num\cv-valid-dev_sample-002272.npy,..\dataset\mel_spec\cv-valid-dev_sample-002272.png,..\dataset\mfcc_num_eq\cv-valid-dev_sample-002272_eq.npy,..\dataset\mel_num_eq\cv-valid-dev_sample-002272_eq.npy
cv-valid-dev/sample-002275.mp3,1,1,14,..\dataset\mfcc_num\cv-valid-dev_sample-002275.npy,..\dataset\mfcc_spec\cv-valid-dev_sample-002275.png,..\dataset\mel_num\cv-valid-dev_sample-002275.npy,..\dataset\mel_spec\cv-valid-dev_sample-002275.png,..\dataset\mfcc_num_eq\cv-valid-dev_sample-002275_eq.npy,..\dataset\mel_num_eq\cv-valid-dev_sample-002275_eq.npy
cv-valid-dev/sample-002276.mp3,7,1,10,..\dataset\mfcc_num\cv-valid-dev_sample-002276.npy,..\dataset\mfcc_spec\cv-valid-dev_sample-002276.png,..\dataset\mel_num\cv-valid-dev_sample-002276.npy,..\dataset\mel_spec\cv-valid-dev_sample-002276.png,..\dataset\mfcc_num_eq\cv-valid-dev_sample-002276_eq.npy,..\dataset\mel_num_eq\cv-valid-dev_sample-002276_eq.npy
cv-valid-dev/sample-002277.mp3,1,1,14,..\dataset\mfcc_num\cv-valid-dev_sample-002277.npy,..\dataset\mfcc_spec\cv-valid-dev_sample-002277.png,..\dataset\mel_num\cv-valid-dev_sample-002277.npy,..\dataset\mel_spec\cv-valid-dev_sample-002277.png,..\dataset\mfcc_num_eq\cv-valid-dev_sample-002277_eq.npy,..\dataset\mel_num_eq\cv-valid-dev_sample-002277_eq.npy
cv-valid-dev/sample-002283.mp3,6,0,14,..\dataset\mfcc_num\cv-valid-dev_sample-002283.npy,..\dataset\mfcc_spec\cv-valid-dev_sample-002283.png,..\dataset\mel_num\cv-valid-dev_sample-002283.npy,..\dataset\mel_spec\cv-valid-dev_sample-002283.png,..\dataset\mfcc_num_eq\cv-valid-dev_sample-002283_eq.npy,..\dataset\mel_num_eq\cv-valid-dev_sample-002283_eq.npy
cv-valid-dev/sample-002290.mp3,7,1,14,..\dataset\mfcc_num\cv-valid-dev_sample-002290.npy,..\dataset\mfcc_spec\cv-valid-dev_sample-002290.png,..\dataset\mel_num\cv-valid-dev_sample-002290.npy,..\dataset\mel_spec\cv-valid-dev_sample-002290.png,..\dataset\mfcc_num_eq\cv-valid-dev_sample-002290_eq.npy,..\dataset\mel_num_eq\cv-valid-dev_sample-002290_eq.npy
cv-valid-dev/sample-002292.mp3,5,0,14,..\dataset\mfcc_num\cv-valid-dev_sample-002292.npy,..\dataset\mfcc_spec\cv-valid-dev_sample-002292.png,..\dataset\mel_num\cv-valid-dev_sample-002292.npy,..\dataset\mel_spec\cv-valid-dev_sample-002292.png,..\dataset\mfcc_num_eq\cv-valid-dev_sample-002292_eq.npy,..\dataset\mel_num_eq\cv-valid-dev_sample-002292_eq.npy
cv-valid-dev/sample-002299.mp3,4,1,3,..\dataset\mfcc_num\cv-valid-dev_sample-002299.npy,..\dataset\mfcc_spec\cv-valid-dev_sample-002299.png,..\dataset\mel_num\cv-valid-dev_sample-002299.npy,..\dataset\mel_spec\cv-valid-dev_sample-002299.png,..\dataset\mfcc_num_eq\cv-valid-dev_sample-002299_eq.npy,..\dataset\mel_num_eq\cv-valid-dev_sample-002299_eq.npy
cv-valid-dev/sample-002301.mp3,7,1,14,..\dataset\mfcc_num\cv-valid-dev_sample-002301.npy,..\dataset\mfcc_spec\cv-valid-dev_sample-002301.png,..\dataset\mel_num\cv-valid-dev_sample-002301.npy,..\dataset\mel_spec\cv-valid-dev_sample-002301.png,..\dataset\mfcc_num_eq\cv-valid-dev_sample-002301_eq.npy,..\dataset\mel_num_eq\cv-valid-dev_sample-002301_eq.npy
cv-valid-dev/sample-002304.mp3,4,0,14,..\dataset\mfcc_num\cv-valid-dev_sample-002304.npy,..\dataset\mfcc_spec\cv-valid-dev_sample-002304.png,..\dataset\mel_num\cv-valid-dev_sample-002304.npy,..\dataset\mel_spec\cv-valid-dev_sample-002304.png,..\dataset\mfcc_num_eq\cv-valid-dev_sample-002304_eq.npy,..\dataset\mel_num_eq\cv-valid-dev_sample-002304_eq.npy
cv-valid-dev/sample-002307.mp3,7,1,3,..\dataset\mfcc_num\cv-valid-dev_sample-002307.npy,..\dataset\mfcc_spec\cv-valid-dev_sample-002307.png,..\dataset\mel_num\cv-valid-dev_sample-002307.npy,..\dataset\mel_spec\cv-valid-dev_sample-002307.png,..\dataset\mfcc_num_eq\cv-valid-dev_sample-002307_eq.npy,..\dataset\mel_num_eq\cv-valid-dev_sample-002307_eq.npy
cv-valid-dev/sample-002309.mp3,5,1,14,..\dataset\mfcc_num\cv-valid-dev_sample-002309.npy,..\dataset\mfcc_spec\cv-valid-dev_sample-002309.png,..\dataset\mel_num\cv-valid-dev_sample-002309.npy,..\dataset\mel_spec\cv-valid-dev_sample-002309.png,..\dataset\mfcc_num_eq\cv-valid-dev_sample-002309_eq.npy,..\dataset\mel_num_eq\cv-valid-dev_sample-002309_eq.npy
cv-valid-dev/sample-002313.mp3,7,1,14,..\dataset\mfcc_num\cv-valid-dev_sample-002313.npy,..\dataset\mfcc_spec\cv-valid-dev_sample-002313.png,..\dataset\mel_num\cv-valid-dev_sample-002313.npy,..\dataset\mel_spec\cv-valid-dev_sample-002313.png,..\dataset\mfcc_num_eq\cv-valid-dev_sample-002313_eq.npy,..\dataset\mel_num_eq\cv-valid-dev_sample-002313_eq.npy
cv-valid-dev/sample-002316.mp3,6,0,4,..\dataset\mfcc_num\cv-valid-dev_sample-002316.npy,..\dataset\mfcc_spec\cv-valid-dev_sample-002316.png,..\dataset\mel_num\cv-valid-dev_sample-002316.npy,..\dataset\mel_spec\cv-valid-dev_sample-002316.png,..\dataset\mfcc_num_eq\cv-valid-dev_sample-002316_eq.npy,..\dataset\mel_num_eq\cv-valid-dev_sample-002316_eq.npy
cv-valid-dev/sample-002322.mp3,1,0,6,..\dataset\mfcc_num\cv-valid-dev_sample-002322.npy,..\dataset\mfcc_spec\cv-valid-dev_sample-002322.png,..\dataset\mel_num\cv-valid-dev_sample-002322.npy,..\dataset\mel_spec\cv-valid-dev_sample-002322.png,..\dataset\mfcc_num_eq\cv-valid-dev_sample-002322_eq.npy,..\dataset\mel_num_eq\cv-valid-dev_sample-002322_eq.npy
cv-valid-dev/sample-002327.mp3,6,0,14,..\dataset\mfcc_num\cv-valid-dev_sample-002327.npy,..\dataset\mfcc_spec\cv-valid-dev_sample-002327.png,..\dataset\mel_num\cv-valid-dev_sample-002327.npy,..\dataset\mel_spec\cv-valid-dev_sample-002327.png,..\dataset\mfcc_num_eq\cv-valid-dev_sample-002327_eq.npy,..\dataset\mel_num_eq\cv-valid-dev_sample-002327_eq.npy
cv-valid-dev/sample-002331.mp3,6,1,4,..\dataset\mfcc_num\cv-valid-dev_sample-002331.npy,..\dataset\mfcc_spec\cv-valid-dev_sample-002331.png,..\dataset\mel_num\cv-valid-dev_sample-002331.npy,..\dataset\mel_spec\cv-valid-dev_sample-002331.png,..\dataset\mfcc_num_eq\cv-valid-dev_sample-002331_eq.npy,..\dataset\mel_num_eq\cv-valid-dev_sample-002331_eq.npy
cv-valid-dev/sample-002337.mp3,2,1,4,..\dataset\mfcc_num\cv-valid-dev_sample-002337.npy,..\dataset\mfcc_spec\cv-valid-dev_sample-002337.png,..\dataset\mel_num\cv-valid-dev_sample-002337.npy,..\dataset\mel_spec\cv-valid-dev_sample-002337.png,..\dataset\mfcc_num_eq\cv-valid-dev_sample-002337_eq.npy,..\dataset\mel_num_eq\cv-valid-dev_sample-002337_eq.npy
cv-valid-dev/sample-002338.mp3,2,1,14,..\dataset\mfcc_num\cv-valid-dev_sample-002338.npy,..\dataset\mfcc_spec\cv-valid-dev_sample-002338.png,..\dataset\mel_num\cv-valid-dev_sample-002338.npy,..\dataset\mel_spec\cv-valid-dev_sample-002338.png,..\dataset\mfcc_num_eq\cv-valid-dev_sample-002338_eq.npy,..\dataset\mel_num_eq\cv-valid-dev_sample-002338_eq.npy
cv-valid-dev/sample-002339.mp3,7,1,14,..\dataset\mfcc_num\cv-valid-dev_sample-002339.npy,..\dataset\mfcc_spec\cv-valid-dev_sample-002339.png,..\dataset\mel_num\cv-valid-dev_sample-002339.npy,..\dataset\mel_spec\cv-valid-dev_sample-002339.png,..\dataset\mfcc_num_eq\cv-valid-dev_sample-002339_eq.npy,..\dataset\mel_num_eq\cv-valid-dev_sample-002339_eq.npy
cv-valid-dev/sample-002341.mp3,7,1,14,..\dataset\mfcc_num\cv-valid-dev_sample-002341.npy,..\dataset\mfcc_spec\cv-valid-dev_sample-002341.png,..\dataset\mel_num\cv-valid-dev_sample-002341.npy,..\dataset\mel_spec\cv-valid-dev_sample-002341.png,..\dataset\mfcc_num_eq\cv-valid-dev_sample-002341_eq.npy,..\dataset\mel_num_eq\cv-valid-dev_sample-002341_eq.npy
cv-valid-dev/sample-002353.mp3,7,1,6,..\dataset\mfcc_num\cv-valid-dev_sample-002353.npy,..\dataset\mfcc_spec\cv-valid-dev_sample-002353.png,..\dataset\mel_num\cv-valid-dev_sample-002353.npy,..\dataset\mel_spec\cv-valid-dev_sample-002353.png,..\dataset\mfcc_num_eq\cv-valid-dev_sample-002353_eq.npy,..\dataset\mel_num_eq\cv-valid-dev_sample-002353_eq.npy
cv-valid-dev/sample-002361.mp3,2,1,4,..\dataset\mfcc_num\cv-valid-dev_sample-002361.npy,..\dataset\mfcc_spec\cv-valid-dev_sample-002361.png,..\dataset\mel_num\cv-valid-dev_sample-002361.npy,..\dataset\mel_spec\cv-valid-dev_sample-002361.png,..\dataset\mfcc_num_eq\cv-valid-dev_sample-002361_eq.npy,..\dataset\mel_num_eq\cv-valid-dev_sample-002361_eq.npy
cv-valid-dev/sample-002371.mp3,6,0,3,..\dataset\mfcc_num\cv-valid-dev_sample-002371.npy,..\dataset\mfcc_spec\cv-valid-dev_sample-002371.png,..\dataset\mel_num\cv-valid-dev_sample-002371.npy,..\dataset\mel_spec\cv-valid-dev_sample-002371.png,..\dataset\mfcc_num_eq\cv-valid-dev_sample-002371_eq.npy,..\dataset\mel_num_eq\cv-valid-dev_sample-002371_eq.npy
cv-valid-dev/sample-002372.mp3,5,1,4,..\dataset\mfcc_num\cv-valid-dev_sample-002372.npy,..\dataset\mfcc_spec\cv-valid-dev_sample-002372.png,..\dataset\mel_num\cv-valid-dev_sample-002372.npy,..\dataset\mel_spec\cv-valid-dev_sample-002372.png,..\dataset\mfcc_num_eq\cv-valid-dev_sample-002372_eq.npy,..\dataset\mel_num_eq\cv-valid-dev_sample-002372_eq.npy
cv-valid-dev/sample-002377.mp3,2,1,14,..\dataset\mfcc_num\cv-valid-dev_sample-002377.npy,..\dataset\mfcc_spec\cv-valid-dev_sample-002377.png,..\dataset\mel_num\cv-valid-dev_sample-002377.npy,..\dataset\mel_spec\cv-valid-dev_sample-002377.png,..\dataset\mfcc_num_eq\cv-valid-dev_sample-002377_eq.npy,..\dataset\mel_num_eq\cv-valid-dev_sample-002377_eq.npy
cv-valid-dev/sample-002380.mp3,6,0,4,..\dataset\mfcc_num\cv-valid-dev_sample-002380.npy,..\dataset\mfcc_spec\cv-valid-dev_sample-002380.png,..\dataset\mel_num\cv-valid-dev_sample-002380.npy,..\dataset\mel_spec\cv-valid-dev_sample-002380.png,..\dataset\mfcc_num_eq\cv-valid-dev_sample-002380_eq.npy,..\dataset\mel_num_eq\cv-valid-dev_sample-002380_eq.npy
cv-valid-dev/sample-002381.mp3,2,1,14,..\dataset\mfcc_num\cv-valid-dev_sample-002381.npy,..\dataset\mfcc_spec\cv-valid-dev_sample-002381.png,..\dataset\mel_num\cv-valid-dev_sample-002381.npy,..\dataset\mel_spec\cv-valid-dev_sample-002381.png,..\dataset\mfcc_num_eq\cv-valid-dev_sample-002381_eq.npy,..\dataset\mel_num_eq\cv-valid-dev_sample-002381_eq.npy
cv-valid-dev/sample-002383.mp3,6,1,0,..\dataset\mfcc_num\cv-valid-dev_sample-002383.npy,..\dataset\mfcc_spec\cv-valid-dev_sample-002383.png,..\dataset\mel_num\cv-valid-dev_sample-002383.npy,..\dataset\mel_spec\cv-valid-dev_sample-002383.png,..\dataset\mfcc_num_eq\cv-valid-dev_sample-002383_eq.npy,..\dataset\mel_num_eq\cv-valid-dev_sample-002383_eq.npy
cv-valid-dev/sample-002385.mp3,1,1,14,..\dataset\mfcc_num\cv-valid-dev_sample-002385.npy,..\dataset\mfcc_spec\cv-valid-dev_sample-002385.png,..\dataset\mel_num\cv-valid-dev_sample-002385.npy,..\dataset\mel_spec\cv-valid-dev_sample-002385.png,..\dataset\mfcc_num_eq\cv-valid-dev_sample-002385_eq.npy,..\dataset\mel_num_eq\cv-valid-dev_sample-002385_eq.npy
cv-valid-dev/sample-002398.mp3,7,1,11,..\dataset\mfcc_num\cv-valid-dev_sample-002398.npy,..\dataset\mfcc_spec\cv-valid-dev_sample-002398.png,..\dataset\mel_num\cv-valid-dev_sample-002398.npy,..\dataset\mel_spec\cv-valid-dev_sample-002398.png,..\dataset\mfcc_num_eq\cv-valid-dev_sample-002398_eq.npy,..\dataset\mel_num_eq\cv-valid-dev_sample-002398_eq.npy
cv-valid-dev/sample-002408.mp3,2,1,4,..\dataset\mfcc_num\cv-valid-dev_sample-002408.npy,..\dataset\mfcc_spec\cv-valid-dev_sample-002408.png,..\dataset\mel_num\cv-valid-dev_sample-002408.npy,..\dataset\mel_spec\cv-valid-dev_sample-002408.png,..\dataset\mfcc_num_eq\cv-valid-dev_sample-002408_eq.npy,..\dataset\mel_num_eq\cv-valid-dev_sample-002408_eq.npy
cv-valid-dev/sample-002422.mp3,1,1,9,..\dataset\mfcc_num\cv-valid-dev_sample-002422.npy,..\dataset\mfcc_spec\cv-valid-dev_sample-002422.png,..\dataset\mel_num\cv-valid-dev_sample-002422.npy,..\dataset\mel_spec\cv-valid-dev_sample-002422.png,..\dataset\mfcc_num_eq\cv-valid-dev_sample-002422_eq.npy,..\dataset\mel_num_eq\cv-valid-dev_sample-002422_eq.npy
cv-valid-dev/sample-002425.mp3,2,0,14,..\dataset\mfcc_num\cv-valid-dev_sample-002425.npy,..\dataset\mfcc_spec\cv-valid-dev_sample-002425.png,..\dataset\mel_num\cv-valid-dev_sample-002425.npy,..\dataset\mel_spec\cv-valid-dev_sample-002425.png,..\dataset\mfcc_num_eq\cv-valid-dev_sample-002425_eq.npy,..\dataset\mel_num_eq\cv-valid-dev_sample-002425_eq.npy
cv-valid-dev/sample-002427.mp3,4,1,14,..\dataset\mfcc_num\cv-valid-dev_sample-002427.npy,..\dataset\mfcc_spec\cv-valid-dev_sample-002427.png,..\dataset\mel_num\cv-valid-dev_sample-002427.npy,..\dataset\mel_spec\cv-valid-dev_sample-002427.png,..\dataset\mfcc_num_eq\cv-valid-dev_sample-002427_eq.npy,..\dataset\mel_num_eq\cv-valid-dev_sample-002427_eq.npy
cv-valid-dev/sample-002429.mp3,7,1,6,..\dataset\mfcc_num\cv-valid-dev_sample-002429.npy,..\dataset\mfcc_spec\cv-valid-dev_sample-002429.png,..\dataset\mel_num\cv-valid-dev_sample-002429.npy,..\dataset\mel_spec\cv-valid-dev_sample-002429.png,..\dataset\mfcc_num_eq\cv-valid-dev_sample-002429_eq.npy,..\dataset\mel_num_eq\cv-valid-dev_sample-002429_eq.npy
cv-valid-dev/sample-002433.mp3,7,1,14,..\dataset\mfcc_num\cv-valid-dev_sample-002433.npy,..\dataset\mfcc_spec\cv-valid-dev_sample-002433.png,..\dataset\mel_num\cv-valid-dev_sample-002433.npy,..\dataset\mel_spec\cv-valid-dev_sample-002433.png,..\dataset\mfcc_num_eq\cv-valid-dev_sample-002433_eq.npy,..\dataset\mel_num_eq\cv-valid-dev_sample-002433_eq.npy
cv-valid-dev/sample-002434.mp3,5,1,9,..\dataset\mfcc_num\cv-valid-dev_sample-002434.npy,..\dataset\mfcc_spec\cv-valid-dev_sample-002434.png,..\dataset\mel_num\cv-valid-dev_sample-002434.npy,..\dataset\mel_spec\cv-valid-dev_sample-002434.png,..\dataset\mfcc_num_eq\cv-valid-dev_sample-002434_eq.npy,..\dataset\mel_num_eq\cv-valid-dev_sample-002434_eq.npy
cv-valid-dev/sample-002436.mp3,6,1,14,..\dataset\mfcc_num\cv-valid-dev_sample-002436.npy,..\dataset\mfcc_spec\cv-valid-dev_sample-002436.png,..\dataset\mel_num\cv-valid-dev_sample-002436.npy,..\dataset\mel_spec\cv-valid-dev_sample-002436.png,..\dataset\mfcc_num_eq\cv-valid-dev_sample-002436_eq.npy,..\dataset\mel_num_eq\cv-valid-dev_sample-002436_eq.npy
cv-valid-dev/sample-002440.mp3,7,1,14,..\dataset\mfcc_num\cv-valid-dev_sample-002440.npy,..\dataset\mfcc_spec\cv-valid-dev_sample-002440.png,..\dataset\mel_num\cv-valid-dev_sample-002440.npy,..\dataset\mel_spec\cv-valid-dev_sample-002440.png,..\dataset\mfcc_num_eq\cv-valid-dev_sample-002440_eq.npy,..\dataset\mel_num_eq\cv-valid-dev_sample-002440_eq.npy
cv-valid-dev/sample-002441.mp3,2,1,14,..\dataset\mfcc_num\cv-valid-dev_sample-002441.npy,..\dataset\mfcc_spec\cv-valid-dev_sample-002441.png,..\dataset\mel_num\cv-valid-dev_sample-002441.npy,..\dataset\mel_spec\cv-valid-dev_sample-002441.png,..\dataset\mfcc_num_eq\cv-valid-dev_sample-002441_eq.npy,..\dataset\mel_num_eq\cv-valid-dev_sample-002441_eq.npy
cv-valid-dev/sample-002444.mp3,7,1,4,..\dataset\mfcc_num\cv-valid-dev_sample-002444.npy,..\dataset\mfcc_spec\cv-valid-dev_sample-002444.png,..\dataset\mel_num\cv-valid-dev_sample-002444.npy,..\dataset\mel_spec\cv-valid-dev_sample-002444.png,..\dataset\mfcc_num_eq\cv-valid-dev_sample-002444_eq.npy,..\dataset\mel_num_eq\cv-valid-dev_sample-002444_eq.npy
cv-valid-dev/sample-002445.mp3,5,1,14,..\dataset\mfcc_num\cv-valid-dev_sample-002445.npy,..\dataset\mfcc_spec\cv-valid-dev_sample-002445.png,..\dataset\mel_num\cv-valid-dev_sample-002445.npy,..\dataset\mel_spec\cv-valid-dev_sample-002445.png,..\dataset\mfcc_num_eq\cv-valid-dev_sample-002445_eq.npy,..\dataset\mel_num_eq\cv-valid-dev_sample-002445_eq.npy
cv-valid-dev/sample-002452.mp3,1,1,4,..\dataset\mfcc_num\cv-valid-dev_sample-002452.npy,..\dataset\mfcc_spec\cv-valid-dev_sample-002452.png,..\dataset\mel_num\cv-valid-dev_sample-002452.npy,..\dataset\mel_spec\cv-valid-dev_sample-002452.png,..\dataset\mfcc_num_eq\cv-valid-dev_sample-002452_eq.npy,..\dataset\mel_num_eq\cv-valid-dev_sample-002452_eq.npy
cv-valid-dev/sample-002460.mp3,2,1,14,..\dataset\mfcc_num\cv-valid-dev_sample-002460.npy,..\dataset\mfcc_spec\cv-valid-dev_sample-002460.png,..\dataset\mel_num\cv-valid-dev_sample-002460.npy,..\dataset\mel_spec\cv-valid-dev_sample-002460.png,..\dataset\mfcc_num_eq\cv-valid-dev_sample-002460_eq.npy,..\dataset\mel_num_eq\cv-valid-dev_sample-002460_eq.npy
cv-valid-dev/sample-002461.mp3,4,0,14,..\dataset\mfcc_num\cv-valid-dev_sample-002461.npy,..\dataset\mfcc_spec\cv-valid-dev_sample-002461.png,..\dataset\mel_num\cv-valid-dev_sample-002461.npy,..\dataset\mel_spec\cv-valid-dev_sample-002461.png,..\dataset\mfcc_num_eq\cv-valid-dev_sample-002461_eq.npy,..\dataset\mel_num_eq\cv-valid-dev_sample-002461_eq.npy
cv-valid-dev/sample-002465.mp3,6,1,14,..\dataset\mfcc_num\cv-valid-dev_sample-002465.npy,..\dataset\mfcc_spec\cv-valid-dev_sample-002465.png,..\dataset\mel_num\cv-valid-dev_sample-002465.npy,..\dataset\mel_spec\cv-valid-dev_sample-002465.png,..\dataset\mfcc_num_eq\cv-valid-dev_sample-002465_eq.npy,..\dataset\mel_num_eq\cv-valid-dev_sample-002465_eq.npy
cv-valid-dev/sample-002469.mp3,2,1,14,..\dataset\mfcc_num\cv-valid-dev_sample-002469.npy,..\dataset\mfcc_spec\cv-valid-dev_sample-002469.png,..\dataset\mel_num\cv-valid-dev_sample-002469.npy,..\dataset\mel_spec\cv-valid-dev_sample-002469.png,..\dataset\mfcc_num_eq\cv-valid-dev_sample-002469_eq.npy,..\dataset\mel_num_eq\cv-valid-dev_sample-002469_eq.npy
cv-valid-dev/sample-002470.mp3,7,1,14,..\dataset\mfcc_num\cv-valid-dev_sample-002470.npy,..\dataset\mfcc_spec\cv-valid-dev_sample-002470.png,..\dataset\mel_num\cv-valid-dev_sample-002470.npy,..\dataset\mel_spec\cv-valid-dev_sample-002470.png,..\dataset\mfcc_num_eq\cv-valid-dev_sample-002470_eq.npy,..\dataset\mel_num_eq\cv-valid-dev_sample-002470_eq.npy
cv-valid-dev/sample-002471.mp3,6,1,14,..\dataset\mfcc_num\cv-valid-dev_sample-002471.npy,..\dataset\mfcc_spec\cv-valid-dev_sample-002471.png,..\dataset\mel_num\cv-valid-dev_sample-002471.npy,..\dataset\mel_spec\cv-valid-dev_sample-002471.png,..\dataset\mfcc_num_eq\cv-valid-dev_sample-002471_eq.npy,..\dataset\mel_num_eq\cv-valid-dev_sample-002471_eq.npy
cv-valid-dev/sample-002473.mp3,5,1,14,..\dataset\mfcc_num\cv-valid-dev_sample-002473.npy,..\dataset\mfcc_spec\cv-valid-dev_sample-002473.png,..\dataset\mel_num\cv-valid-dev_sample-002473.npy,..\dataset\mel_spec\cv-valid-dev_sample-002473.png,..\dataset\mfcc_num_eq\cv-valid-dev_sample-002473_eq.npy,..\dataset\mel_num_eq\cv-valid-dev_sample-002473_eq.npy
cv-valid-dev/sample-002475.mp3,2,1,14,..\dataset\mfcc_num\cv-valid-dev_sample-002475.npy,..\dataset\mfcc_spec\cv-valid-dev_sample-002475.png,..\dataset\mel_num\cv-valid-dev_sample-002475.npy,..\dataset\mel_spec\cv-valid-dev_sample-002475.png,..\dataset\mfcc_num_eq\cv-valid-dev_sample-002475_eq.npy,..\dataset\mel_num_eq\cv-valid-dev_sample-002475_eq.npy
cv-valid-dev/sample-002479.mp3,6,1,4,..\dataset\mfcc_num\cv-valid-dev_sample-002479.npy,..\dataset\mfcc_spec\cv-valid-dev_sample-002479.png,..\dataset\mel_num\cv-valid-dev_sample-002479.npy,..\dataset\mel_spec\cv-valid-dev_sample-002479.png,..\dataset\mfcc_num_eq\cv-valid-dev_sample-002479_eq.npy,..\dataset\mel_num_eq\cv-valid-dev_sample-002479_eq.npy
cv-valid-dev/sample-002480.mp3,2,1,1,..\dataset\mfcc_num\cv-valid-dev_sample-002480.npy,..\dataset\mfcc_spec\cv-valid-dev_sample-002480.png,..\dataset\mel_num\cv-valid-dev_sample-002480.npy,..\dataset\mel_spec\cv-valid-dev_sample-002480.png,..\dataset\mfcc_num_eq\cv-valid-dev_sample-002480_eq.npy,..\dataset\mel_num_eq\cv-valid-dev_sample-002480_eq.npy
cv-valid-dev/sample-002487.mp3,4,1,4,..\dataset\mfcc_num\cv-valid-dev_sample-002487.npy,..\dataset\mfcc_spec\cv-valid-dev_sample-002487.png,..\dataset\mel_num\cv-valid-dev_sample-002487.npy,..\dataset\mel_spec\cv-valid-dev_sample-002487.png,..\dataset\mfcc_num_eq\cv-valid-dev_sample-002487_eq.npy,..\dataset\mel_num_eq\cv-valid-dev_sample-002487_eq.npy
cv-valid-dev/sample-002489.mp3,2,1,14,..\dataset\mfcc_num\cv-valid-dev_sample-002489.npy,..\dataset\mfcc_spec\cv-valid-dev_sample-002489.png,..\dataset\mel_num\cv-valid-dev_sample-002489.npy,..\dataset\mel_spec\cv-valid-dev_sample-002489.png,..\dataset\mfcc_num_eq\cv-valid-dev_sample-002489_eq.npy,..\dataset\mel_num_eq\cv-valid-dev_sample-002489_eq.npy
cv-valid-dev/sample-002495.mp3,7,0,1,..\dataset\mfcc_num\cv-valid-dev_sample-002495.npy,..\dataset\mfcc_spec\cv-valid-dev_sample-002495.png,..\dataset\mel_num\cv-valid-dev_sample-002495.npy,..\dataset\mel_spec\cv-valid-dev_sample-002495.png,..\dataset\mfcc_num_eq\cv-valid-dev_sample-002495_eq.npy,..\dataset\mel_num_eq\cv-valid-dev_sample-002495_eq.npy
cv-valid-dev/sample-002496.mp3,7,0,14,..\dataset\mfcc_num\cv-valid-dev_sample-002496.npy,..\dataset\mfcc_spec\cv-valid-dev_sample-002496.png,..\dataset\mel_num\cv-valid-dev_sample-002496.npy,..\dataset\mel_spec\cv-valid-dev_sample-002496.png,..\dataset\mfcc_num_eq\cv-valid-dev_sample-002496_eq.npy,..\dataset\mel_num_eq\cv-valid-dev_sample-002496_eq.npy
cv-valid-dev/sample-002504.mp3,5,1,4,..\dataset\mfcc_num\cv-valid-dev_sample-002504.npy,..\dataset\mfcc_spec\cv-valid-dev_sample-002504.png,..\dataset\mel_num\cv-valid-dev_sample-002504.npy,..\dataset\mel_spec\cv-valid-dev_sample-002504.png,..\dataset\mfcc_num_eq\cv-valid-dev_sample-002504_eq.npy,..\dataset\mel_num_eq\cv-valid-dev_sample-002504_eq.npy
cv-valid-dev/sample-002510.mp3,6,1,4,..\dataset\mfcc_num\cv-valid-dev_sample-002510.npy,..\dataset\mfcc_spec\cv-valid-dev_sample-002510.png,..\dataset\mel_num\cv-valid-dev_sample-002510.npy,..\dataset\mel_spec\cv-valid-dev_sample-002510.png,..\dataset\mfcc_num_eq\cv-valid-dev_sample-002510_eq.npy,..\dataset\mel_num_eq\cv-valid-dev_sample-002510_eq.npy
cv-valid-dev/sample-002511.mp3,6,0,4,..\dataset\mfcc_num\cv-valid-dev_sample-002511.npy,..\dataset\mfcc_spec\cv-valid-dev_sample-002511.png,..\dataset\mel_num\cv-valid-dev_sample-002511.npy,..\dataset\mel_spec\cv-valid-dev_sample-002511.png,..\dataset\mfcc_num_eq\cv-valid-dev_sample-002511_eq.npy,..\dataset\mel_num_eq\cv-valid-dev_sample-002511_eq.npy
cv-valid-dev/sample-002513.mp3,4,1,14,..\dataset\mfcc_num\cv-valid-dev_sample-002513.npy,..\dataset\mfcc_spec\cv-valid-dev_sample-002513.png,..\dataset\mel_num\cv-valid-dev_sample-002513.npy,..\dataset\mel_spec\cv-valid-dev_sample-002513.png,..\dataset\mfcc_num_eq\cv-valid-dev_sample-002513_eq.npy,..\dataset\mel_num_eq\cv-valid-dev_sample-002513_eq.npy
cv-valid-dev/sample-002514.mp3,7,1,14,..\dataset\mfcc_num\cv-valid-dev_sample-002514.npy,..\dataset\mfcc_spec\cv-valid-dev_sample-002514.png,..\dataset\mel_num\cv-valid-dev_sample-002514.npy,..\dataset\mel_spec\cv-valid-dev_sample-002514.png,..\dataset\mfcc_num_eq\cv-valid-dev_sample-002514_eq.npy,..\dataset\mel_num_eq\cv-valid-dev_sample-002514_eq.npy
cv-valid-dev/sample-002515.mp3,2,1,14,..\dataset\mfcc_num\cv-valid-dev_sample-002515.npy,..\dataset\mfcc_spec\cv-valid-dev_sample-002515.png,..\dataset\mel_num\cv-valid-dev_sample-002515.npy,..\dataset\mel_spec\cv-valid-dev_sample-002515.png,..\dataset\mfcc_num_eq\cv-valid-dev_sample-002515_eq.npy,..\dataset\mel_num_eq\cv-valid-dev_sample-002515_eq.npy
cv-valid-dev/sample-002518.mp3,7,1,6,..\dataset\mfcc_num\cv-valid-dev_sample-002518.npy,..\dataset\mfcc_spec\cv-valid-dev_sample-002518.png,..\dataset\mel_num\cv-valid-dev_sample-002518.npy,..\dataset\mel_spec\cv-valid-dev_sample-002518.png,..\dataset\mfcc_num_eq\cv-valid-dev_sample-002518_eq.npy,..\dataset\mel_num_eq\cv-valid-dev_sample-002518_eq.npy
cv-valid-dev/sample-002521.mp3,6,1,14,..\dataset\mfcc_num\cv-valid-dev_sample-002521.npy,..\dataset\mfcc_spec\cv-valid-dev_sample-002521.png,..\dataset\mel_num\cv-valid-dev_sample-002521.npy,..\dataset\mel_spec\cv-valid-dev_sample-002521.png,..\dataset\mfcc_num_eq\cv-valid-dev_sample-002521_eq.npy,..\dataset\mel_num_eq\cv-valid-dev_sample-002521_eq.npy
cv-valid-dev/sample-002529.mp3,5,1,14,..\dataset\mfcc_num\cv-valid-dev_sample-002529.npy,..\dataset\mfcc_spec\cv-valid-dev_sample-002529.png,..\dataset\mel_num\cv-valid-dev_sample-002529.npy,..\dataset\mel_spec\cv-valid-dev_sample-002529.png,..\dataset\mfcc_num_eq\cv-valid-dev_sample-002529_eq.npy,..\dataset\mel_num_eq\cv-valid-dev_sample-002529_eq.npy
cv-valid-dev/sample-002530.mp3,1,1,11,..\dataset\mfcc_num\cv-valid-dev_sample-002530.npy,..\dataset\mfcc_spec\cv-valid-dev_sample-002530.png,..\dataset\mel_num\cv-valid-dev_sample-002530.npy,..\dataset\mel_spec\cv-valid-dev_sample-002530.png,..\dataset\mfcc_num_eq\cv-valid-dev_sample-002530_eq.npy,..\dataset\mel_num_eq\cv-valid-dev_sample-002530_eq.npy
cv-valid-dev/sample-002533.mp3,7,0,14,..\dataset\mfcc_num\cv-valid-dev_sample-002533.npy,..\dataset\mfcc_spec\cv-valid-dev_sample-002533.png,..\dataset\mel_num\cv-valid-dev_sample-002533.npy,..\dataset\mel_spec\cv-valid-dev_sample-002533.png,..\dataset\mfcc_num_eq\cv-valid-dev_sample-002533_eq.npy,..\dataset\mel_num_eq\cv-valid-dev_sample-002533_eq.npy
cv-valid-dev/sample-002534.mp3,7,1,4,..\dataset\mfcc_num\cv-valid-dev_sample-002534.npy,..\dataset\mfcc_spec\cv-valid-dev_sample-002534.png,..\dataset\mel_num\cv-valid-dev_sample-002534.npy,..\dataset\mel_spec\cv-valid-dev_sample-002534.png,..\dataset\mfcc_num_eq\cv-valid-dev_sample-002534_eq.npy,..\dataset\mel_num_eq\cv-valid-dev_sample-002534_eq.npy
cv-valid-dev/sample-002535.mp3,6,0,10,..\dataset\mfcc_num\cv-valid-dev_sample-002535.npy,..\dataset\mfcc_spec\cv-valid-dev_sample-002535.png,..\dataset\mel_num\cv-valid-dev_sample-002535.npy,..\dataset\mel_spec\cv-valid-dev_sample-002535.png,..\dataset\mfcc_num_eq\cv-valid-dev_sample-002535_eq.npy,..\dataset\mel_num_eq\cv-valid-dev_sample-002535_eq.npy
cv-valid-dev/sample-002537.mp3,2,1,14,..\dataset\mfcc_num\cv-valid-dev_sample-002537.npy,..\dataset\mfcc_spec\cv-valid-dev_sample-002537.png,..\dataset\mel_num\cv-valid-dev_sample-002537.npy,..\dataset\mel_spec\cv-valid-dev_sample-002537.png,..\dataset\mfcc_num_eq\cv-valid-dev_sample-002537_eq.npy,..\dataset\mel_num_eq\cv-valid-dev_sample-002537_eq.npy
cv-valid-dev/sample-002539.mp3,2,1,14,..\dataset\mfcc_num\cv-valid-dev_sample-002539.npy,..\dataset\mfcc_spec\cv-valid-dev_sample-002539.png,..\dataset\mel_num\cv-valid-dev_sample-002539.npy,..\dataset\mel_spec\cv-valid-dev_sample-002539.png,..\dataset\mfcc_num_eq\cv-valid-dev_sample-002539_eq.npy,..\dataset\mel_num_eq\cv-valid-dev_sample-002539_eq.npy
cv-valid-dev/sample-002544.mp3,2,1,14,..\dataset\mfcc_num\cv-valid-dev_sample-002544.npy,..\dataset\mfcc_spec\cv-valid-dev_sample-002544.png,..\dataset\mel_num\cv-valid-dev_sample-002544.npy,..\dataset\mel_spec\cv-valid-dev_sample-002544.png,..\dataset\mfcc_num_eq\cv-valid-dev_sample-002544_eq.npy,..\dataset\mel_num_eq\cv-valid-dev_sample-002544_eq.npy
cv-valid-dev/sample-002546.mp3,6,0,14,..\dataset\mfcc_num\cv-valid-dev_sample-002546.npy,..\dataset\mfcc_spec\cv-valid-dev_sample-002546.png,..\dataset\mel_num\cv-valid-dev_sample-002546.npy,..\dataset\mel_spec\cv-valid-dev_sample-002546.png,..\dataset\mfcc_num_eq\cv-valid-dev_sample-002546_eq.npy,..\dataset\mel_num_eq\cv-valid-dev_sample-002546_eq.npy
cv-valid-dev/sample-002549.mp3,6,0,1,..\dataset\mfcc_num\cv-valid-dev_sample-002549.npy,..\dataset\mfcc_spec\cv-valid-dev_sample-002549.png,..\dataset\mel_num\cv-valid-dev_sample-002549.npy,..\dataset\mel_spec\cv-valid-dev_sample-002549.png,..\dataset\mfcc_num_eq\cv-valid-dev_sample-002549_eq.npy,..\dataset\mel_num_eq\cv-valid-dev_sample-002549_eq.npy
cv-valid-dev/sample-002551.mp3,1,1,11,..\dataset\mfcc_num\cv-valid-dev_sample-002551.npy,..\dataset\mfcc_spec\cv-valid-dev_sample-002551.png,..\dataset\mel_num\cv-valid-dev_sample-002551.npy,..\dataset\mel_spec\cv-valid-dev_sample-002551.png,..\dataset\mfcc_num_eq\cv-valid-dev_sample-002551_eq.npy,..\dataset\mel_num_eq\cv-valid-dev_sample-002551_eq.npy
cv-valid-dev/sample-002554.mp3,6,0,14,..\dataset\mfcc_num\cv-valid-dev_sample-002554.npy,..\dataset\mfcc_spec\cv-valid-dev_sample-002554.png,..\dataset\mel_num\cv-valid-dev_sample-002554.npy,..\dataset\mel_spec\cv-valid-dev_sample-002554.png,..\dataset\mfcc_num_eq\cv-valid-dev_sample-002554_eq.npy,..\dataset\mel_num_eq\cv-valid-dev_sample-002554_eq.npy
cv-valid-dev/sample-002558.mp3,1,1,1,..\dataset\mfcc_num\cv-valid-dev_sample-002558.npy,..\dataset\mfcc_spec\cv-valid-dev_sample-002558.png,..\dataset\mel_num\cv-valid-dev_sample-002558.npy,..\dataset\mel_spec\cv-valid-dev_sample-002558.png,..\dataset\mfcc_num_eq\cv-valid-dev_sample-002558_eq.npy,..\dataset\mel_num_eq\cv-valid-dev_sample-002558_eq.npy
cv-valid-dev/sample-002562.mp3,2,1,14,..\dataset\mfcc_num\cv-valid-dev_sample-002562.npy,..\dataset\mfcc_spec\cv-valid-dev_sample-002562.png,..\dataset\mel_num\cv-valid-dev_sample-002562.npy,..\dataset\mel_spec\cv-valid-dev_sample-002562.png,..\dataset\mfcc_num_eq\cv-valid-dev_sample-002562_eq.npy,..\dataset\mel_num_eq\cv-valid-dev_sample-002562_eq.npy
cv-valid-dev/sample-002566.mp3,6,0,9,..\dataset\mfcc_num\cv-valid-dev_sample-002566.npy,..\dataset\mfcc_spec\cv-valid-dev_sample-002566.png,..\dataset\mel_num\cv-valid-dev_sample-002566.npy,..\dataset\mel_spec\cv-valid-dev_sample-002566.png,..\dataset\mfcc_num_eq\cv-valid-dev_sample-002566_eq.npy,..\dataset\mel_num_eq\cv-valid-dev_sample-002566_eq.npy
cv-valid-dev/sample-002569.mp3,2,1,14,..\dataset\mfcc_num\cv-valid-dev_sample-002569.npy,..\dataset\mfcc_spec\cv-valid-dev_sample-002569.png,..\dataset\mel_num\cv-valid-dev_sample-002569.npy,..\dataset\mel_spec\cv-valid-dev_sample-002569.png,..\dataset\mfcc_num_eq\cv-valid-dev_sample-002569_eq.npy,..\dataset\mel_num_eq\cv-valid-dev_sample-002569_eq.npy
cv-valid-dev/sample-002571.mp3,7,1,2,..\dataset\mfcc_num\cv-valid-dev_sample-002571.npy,..\dataset\mfcc_spec\cv-valid-dev_sample-002571.png,..\dataset\mel_num\cv-valid-dev_sample-002571.npy,..\dataset\mel_spec\cv-valid-dev_sample-002571.png,..\dataset\mfcc_num_eq\cv-valid-dev_sample-002571_eq.npy,..\dataset\mel_num_eq\cv-valid-dev_sample-002571_eq.npy
cv-valid-dev/sample-002578.mp3,7,1,14,..\dataset\mfcc_num\cv-valid-dev_sample-002578.npy,..\dataset\mfcc_spec\cv-valid-dev_sample-002578.png,..\dataset\mel_num\cv-valid-dev_sample-002578.npy,..\dataset\mel_spec\cv-valid-dev_sample-002578.png,..\dataset\mfcc_num_eq\cv-valid-dev_sample-002578_eq.npy,..\dataset\mel_num_eq\cv-valid-dev_sample-002578_eq.npy
cv-valid-dev/sample-002580.mp3,6,1,1,..\dataset\mfcc_num\cv-valid-dev_sample-002580.npy,..\dataset\mfcc_spec\cv-valid-dev_sample-002580.png,..\dataset\mel_num\cv-valid-dev_sample-002580.npy,..\dataset\mel_spec\cv-valid-dev_sample-002580.png,..\dataset\mfcc_num_eq\cv-valid-dev_sample-002580_eq.npy,..\dataset\mel_num_eq\cv-valid-dev_sample-002580_eq.npy
cv-valid-dev/sample-002584.mp3,1,1,11,..\dataset\mfcc_num\cv-valid-dev_sample-002584.npy,..\dataset\mfcc_spec\cv-valid-dev_sample-002584.png,..\dataset\mel_num\cv-valid-dev_sample-002584.npy,..\dataset\mel_spec\cv-valid-dev_sample-002584.png,..\dataset\mfcc_num_eq\cv-valid-dev_sample-002584_eq.npy,..\dataset\mel_num_eq\cv-valid-dev_sample-002584_eq.npy
cv-valid-dev/sample-002590.mp3,4,1,3,..\dataset\mfcc_num\cv-valid-dev_sample-002590.npy,..\dataset\mfcc_spec\cv-valid-dev_sample-002590.png,..\dataset\mel_num\cv-valid-dev_sample-002590.npy,..\dataset\mel_spec\cv-valid-dev_sample-002590.png,..\dataset\mfcc_num_eq\cv-valid-dev_sample-002590_eq.npy,..\dataset\mel_num_eq\cv-valid-dev_sample-002590_eq.npy
cv-valid-dev/sample-002592.mp3,7,1,14,..\dataset\mfcc_num\cv-valid-dev_sample-002592.npy,..\dataset\mfcc_spec\cv-valid-dev_sample-002592.png,..\dataset\mel_num\cv-valid-dev_sample-002592.npy,..\dataset\mel_spec\cv-valid-dev_sample-002592.png,..\dataset\mfcc_num_eq\cv-valid-dev_sample-002592_eq.npy,..\dataset\mel_num_eq\cv-valid-dev_sample-002592_eq.npy
cv-valid-dev/sample-002595.mp3,6,0,2,..\dataset\mfcc_num\cv-valid-dev_sample-002595.npy,..\dataset\mfcc_spec\cv-valid-dev_sample-002595.png,..\dataset\mel_num\cv-valid-dev_sample-002595.npy,..\dataset\mel_spec\cv-valid-dev_sample-002595.png,..\dataset\mfcc_num_eq\cv-valid-dev_sample-002595_eq.npy,..\dataset\mel_num_eq\cv-valid-dev_sample-002595_eq.npy
cv-valid-dev/sample-002597.mp3,7,1,4,..\dataset\mfcc_num\cv-valid-dev_sample-002597.npy,..\dataset\mfcc_spec\cv-valid-dev_sample-002597.png,..\dataset\mel_num\cv-valid-dev_sample-002597.npy,..\dataset\mel_spec\cv-valid-dev_sample-002597.png,..\dataset\mfcc_num_eq\cv-valid-dev_sample-002597_eq.npy,..\dataset\mel_num_eq\cv-valid-dev_sample-002597_eq.npy
cv-valid-dev/sample-002603.mp3,4,1,14,..\dataset\mfcc_num\cv-valid-dev_sample-002603.npy,..\dataset\mfcc_spec\cv-valid-dev_sample-002603.png,..\dataset\mel_num\cv-valid-dev_sample-002603.npy,..\dataset\mel_spec\cv-valid-dev_sample-002603.png,..\dataset\mfcc_num_eq\cv-valid-dev_sample-002603_eq.npy,..\dataset\mel_num_eq\cv-valid-dev_sample-002603_eq.npy
cv-valid-dev/sample-002606.mp3,6,1,14,..\dataset\mfcc_num\cv-valid-dev_sample-002606.npy,..\dataset\mfcc_spec\cv-valid-dev_sample-002606.png,..\dataset\mel_num\cv-valid-dev_sample-002606.npy,..\dataset\mel_spec\cv-valid-dev_sample-002606.png,..\dataset\mfcc_num_eq\cv-valid-dev_sample-002606_eq.npy,..\dataset\mel_num_eq\cv-valid-dev_sample-002606_eq.npy
cv-valid-dev/sample-002611.mp3,7,1,14,..\dataset\mfcc_num\cv-valid-dev_sample-002611.npy,..\dataset\mfcc_spec\cv-valid-dev_sample-002611.png,..\dataset\mel_num\cv-valid-dev_sample-002611.npy,..\dataset\mel_spec\cv-valid-dev_sample-002611.png,..\dataset\mfcc_num_eq\cv-valid-dev_sample-002611_eq.npy,..\dataset\mel_num_eq\cv-valid-dev_sample-002611_eq.npy
cv-valid-dev/sample-002612.mp3,2,1,14,..\dataset\mfcc_num\cv-valid-dev_sample-002612.npy,..\dataset\mfcc_spec\cv-valid-dev_sample-002612.png,..\dataset\mel_num\cv-valid-dev_sample-002612.npy,..\dataset\mel_spec\cv-valid-dev_sample-002612.png,..\dataset\mfcc_num_eq\cv-valid-dev_sample-002612_eq.npy,..\dataset\mel_num_eq\cv-valid-dev_sample-002612_eq.npy
cv-valid-dev/sample-002613.mp3,6,1,14,..\dataset\mfcc_num\cv-valid-dev_sample-002613.npy,..\dataset\mfcc_spec\cv-valid-dev_sample-002613.png,..\dataset\mel_num\cv-valid-dev_sample-002613.npy,..\dataset\mel_spec\cv-valid-dev_sample-002613.png,..\dataset\mfcc_num_eq\cv-valid-dev_sample-002613_eq.npy,..\dataset\mel_num_eq\cv-valid-dev_sample-002613_eq.npy
cv-valid-dev/sample-002614.mp3,7,0,14,..\dataset\mfcc_num\cv-valid-dev_sample-002614.npy,..\dataset\mfcc_spec\cv-valid-dev_sample-002614.png,..\dataset\mel_num\cv-valid-dev_sample-002614.npy,..\dataset\mel_spec\cv-valid-dev_sample-002614.png,..\dataset\mfcc_num_eq\cv-valid-dev_sample-002614_eq.npy,..\dataset\mel_num_eq\cv-valid-dev_sample-002614_eq.npy
cv-valid-dev/sample-002627.mp3,4,1,4,..\dataset\mfcc_num\cv-valid-dev_sample-002627.npy,..\dataset\mfcc_spec\cv-valid-dev_sample-002627.png,..\dataset\mel_num\cv-valid-dev_sample-002627.npy,..\dataset\mel_spec\cv-valid-dev_sample-002627.png,..\dataset\mfcc_num_eq\cv-valid-dev_sample-002627_eq.npy,..\dataset\mel_num_eq\cv-valid-dev_sample-002627_eq.npy
cv-valid-dev/sample-002629.mp3,7,1,14,..\dataset\mfcc_num\cv-valid-dev_sample-002629.npy,..\dataset\mfcc_spec\cv-valid-dev_sample-002629.png,..\dataset\mel_num\cv-valid-dev_sample-002629.npy,..\dataset\mel_spec\cv-valid-dev_sample-002629.png,..\dataset\mfcc_num_eq\cv-valid-dev_sample-002629_eq.npy,..\dataset\mel_num_eq\cv-valid-dev_sample-002629_eq.npy
cv-valid-dev/sample-002634.mp3,7,1,15,..\dataset\mfcc_num\cv-valid-dev_sample-002634.npy,..\dataset\mfcc_spec\cv-valid-dev_sample-002634.png,..\dataset\mel_num\cv-valid-dev_sample-002634.npy,..\dataset\mel_spec\cv-valid-dev_sample-002634.png,..\dataset\mfcc_num_eq\cv-valid-dev_sample-002634_eq.npy,..\dataset\mel_num_eq\cv-valid-dev_sample-002634_eq.npy
cv-valid-dev/sample-002653.mp3,6,0,14,..\dataset\mfcc_num\cv-valid-dev_sample-002653.npy,..\dataset\mfcc_spec\cv-valid-dev_sample-002653.png,..\dataset\mel_num\cv-valid-dev_sample-002653.npy,..\dataset\mel_spec\cv-valid-dev_sample-002653.png,..\dataset\mfcc_num_eq\cv-valid-dev_sample-002653_eq.npy,..\dataset\mel_num_eq\cv-valid-dev_sample-002653_eq.npy
cv-valid-dev/sample-002656.mp3,6,0,7,..\dataset\mfcc_num\cv-valid-dev_sample-002656.npy,..\dataset\mfcc_spec\cv-valid-dev_sample-002656.png,..\dataset\mel_num\cv-valid-dev_sample-002656.npy,..\dataset\mel_spec\cv-valid-dev_sample-002656.png,..\dataset\mfcc_num_eq\cv-valid-dev_sample-002656_eq.npy,..\dataset\mel_num_eq\cv-valid-dev_sample-002656_eq.npy
cv-valid-dev/sample-002658.mp3,6,0,14,..\dataset\mfcc_num\cv-valid-dev_sample-002658.npy,..\dataset\mfcc_spec\cv-valid-dev_sample-002658.png,..\dataset\mel_num\cv-valid-dev_sample-002658.npy,..\dataset\mel_spec\cv-valid-dev_sample-002658.png,..\dataset\mfcc_num_eq\cv-valid-dev_sample-002658_eq.npy,..\dataset\mel_num_eq\cv-valid-dev_sample-002658_eq.npy
cv-valid-dev/sample-002662.mp3,1,1,14,..\dataset\mfcc_num\cv-valid-dev_sample-002662.npy,..\dataset\mfcc_spec\cv-valid-dev_sample-002662.png,..\dataset\mel_num\cv-valid-dev_sample-002662.npy,..\dataset\mel_spec\cv-valid-dev_sample-002662.png,..\dataset\mfcc_num_eq\cv-valid-dev_sample-002662_eq.npy,..\dataset\mel_num_eq\cv-valid-dev_sample-002662_eq.npy
cv-valid-dev/sample-002669.mp3,7,1,14,..\dataset\mfcc_num\cv-valid-dev_sample-002669.npy,..\dataset\mfcc_spec\cv-valid-dev_sample-002669.png,..\dataset\mel_num\cv-valid-dev_sample-002669.npy,..\dataset\mel_spec\cv-valid-dev_sample-002669.png,..\dataset\mfcc_num_eq\cv-valid-dev_sample-002669_eq.npy,..\dataset\mel_num_eq\cv-valid-dev_sample-002669_eq.npy
cv-valid-dev/sample-002670.mp3,6,1,13,..\dataset\mfcc_num\cv-valid-dev_sample-002670.npy,..\dataset\mfcc_spec\cv-valid-dev_sample-002670.png,..\dataset\mel_num\cv-valid-dev_sample-002670.npy,..\dataset\mel_spec\cv-valid-dev_sample-002670.png,..\dataset\mfcc_num_eq\cv-valid-dev_sample-002670_eq.npy,..\dataset\mel_num_eq\cv-valid-dev_sample-002670_eq.npy
cv-valid-dev/sample-002671.mp3,5,0,14,..\dataset\mfcc_num\cv-valid-dev_sample-002671.npy,..\dataset\mfcc_spec\cv-valid-dev_sample-002671.png,..\dataset\mel_num\cv-valid-dev_sample-002671.npy,..\dataset\mel_spec\cv-valid-dev_sample-002671.png,..\dataset\mfcc_num_eq\cv-valid-dev_sample-002671_eq.npy,..\dataset\mel_num_eq\cv-valid-dev_sample-002671_eq.npy
cv-valid-dev/sample-002672.mp3,4,1,4,..\dataset\mfcc_num\cv-valid-dev_sample-002672.npy,..\dataset\mfcc_spec\cv-valid-dev_sample-002672.png,..\dataset\mel_num\cv-valid-dev_sample-002672.npy,..\dataset\mel_spec\cv-valid-dev_sample-002672.png,..\dataset\mfcc_num_eq\cv-valid-dev_sample-002672_eq.npy,..\dataset\mel_num_eq\cv-valid-dev_sample-002672_eq.npy
cv-valid-dev/sample-002673.mp3,6,0,3,..\dataset\mfcc_num\cv-valid-dev_sample-002673.npy,..\dataset\mfcc_spec\cv-valid-dev_sample-002673.png,..\dataset\mel_num\cv-valid-dev_sample-002673.npy,..\dataset\mel_spec\cv-valid-dev_sample-002673.png,..\dataset\mfcc_num_eq\cv-valid-dev_sample-002673_eq.npy,..\dataset\mel_num_eq\cv-valid-dev_sample-002673_eq.npy
cv-valid-dev/sample-002676.mp3,3,1,1,..\dataset\mfcc_num\cv-valid-dev_sample-002676.npy,..\dataset\mfcc_spec\cv-valid-dev_sample-002676.png,..\dataset\mel_num\cv-valid-dev_sample-002676.npy,..\dataset\mel_spec\cv-valid-dev_sample-002676.png,..\dataset\mfcc_num_eq\cv-valid-dev_sample-002676_eq.npy,..\dataset\mel_num_eq\cv-valid-dev_sample-002676_eq.npy
cv-valid-dev/sample-002677.mp3,1,0,4,..\dataset\mfcc_num\cv-valid-dev_sample-002677.npy,..\dataset\mfcc_spec\cv-valid-dev_sample-002677.png,..\dataset\mel_num\cv-valid-dev_sample-002677.npy,..\dataset\mel_spec\cv-valid-dev_sample-002677.png,..\dataset\mfcc_num_eq\cv-valid-dev_sample-002677_eq.npy,..\dataset\mel_num_eq\cv-valid-dev_sample-002677_eq.npy
cv-valid-dev/sample-002678.mp3,1,0,14,..\dataset\mfcc_num\cv-valid-dev_sample-002678.npy,..\dataset\mfcc_spec\cv-valid-dev_sample-002678.png,..\dataset\mel_num\cv-valid-dev_sample-002678.npy,..\dataset\mel_spec\cv-valid-dev_sample-002678.png,..\dataset\mfcc_num_eq\cv-valid-dev_sample-002678_eq.npy,..\dataset\mel_num_eq\cv-valid-dev_sample-002678_eq.npy
cv-valid-dev/sample-002680.mp3,6,1,14,..\dataset\mfcc_num\cv-valid-dev_sample-002680.npy,..\dataset\mfcc_spec\cv-valid-dev_sample-002680.png,..\dataset\mel_num\cv-valid-dev_sample-002680.npy,..\dataset\mel_spec\cv-valid-dev_sample-002680.png,..\dataset\mfcc_num_eq\cv-valid-dev_sample-002680_eq.npy,..\dataset\mel_num_eq\cv-valid-dev_sample-002680_eq.npy
cv-valid-dev/sample-002683.mp3,5,0,1,..\dataset\mfcc_num\cv-valid-dev_sample-002683.npy,..\dataset\mfcc_spec\cv-valid-dev_sample-002683.png,..\dataset\mel_num\cv-valid-dev_sample-002683.npy,..\dataset\mel_spec\cv-valid-dev_sample-002683.png,..\dataset\mfcc_num_eq\cv-valid-dev_sample-002683_eq.npy,..\dataset\mel_num_eq\cv-valid-dev_sample-002683_eq.npy
cv-valid-dev/sample-002686.mp3,4,0,4,..\dataset\mfcc_num\cv-valid-dev_sample-002686.npy,..\dataset\mfcc_spec\cv-valid-dev_sample-002686.png,..\dataset\mel_num\cv-valid-dev_sample-002686.npy,..\dataset\mel_spec\cv-valid-dev_sample-002686.png,..\dataset\mfcc_num_eq\cv-valid-dev_sample-002686_eq.npy,..\dataset\mel_num_eq\cv-valid-dev_sample-002686_eq.npy
cv-valid-dev/sample-002688.mp3,1,0,14,..\dataset\mfcc_num\cv-valid-dev_sample-002688.npy,..\dataset\mfcc_spec\cv-valid-dev_sample-002688.png,..\dataset\mel_num\cv-valid-dev_sample-002688.npy,..\dataset\mel_spec\cv-valid-dev_sample-002688.png,..\dataset\mfcc_num_eq\cv-valid-dev_sample-002688_eq.npy,..\dataset\mel_num_eq\cv-valid-dev_sample-002688_eq.npy
cv-valid-dev/sample-002689.mp3,3,1,4,..\dataset\mfcc_num\cv-valid-dev_sample-002689.npy,..\dataset\mfcc_spec\cv-valid-dev_sample-002689.png,..\dataset\mel_num\cv-valid-dev_sample-002689.npy,..\dataset\mel_spec\cv-valid-dev_sample-002689.png,..\dataset\mfcc_num_eq\cv-valid-dev_sample-002689_eq.npy,..\dataset\mel_num_eq\cv-valid-dev_sample-002689_eq.npy
cv-valid-dev/sample-002690.mp3,1,0,0,..\dataset\mfcc_num\cv-valid-dev_sample-002690.npy,..\dataset\mfcc_spec\cv-valid-dev_sample-002690.png,..\dataset\mel_num\cv-valid-dev_sample-002690.npy,..\dataset\mel_spec\cv-valid-dev_sample-002690.png,..\dataset\mfcc_num_eq\cv-valid-dev_sample-002690_eq.npy,..\dataset\mel_num_eq\cv-valid-dev_sample-002690_eq.npy
cv-valid-dev/sample-002691.mp3,2,1,14,..\dataset\mfcc_num\cv-valid-dev_sample-002691.npy,..\dataset\mfcc_spec\cv-valid-dev_sample-002691.png,..\dataset\mel_num\cv-valid-dev_sample-002691.npy,..\dataset\mel_spec\cv-valid-dev_sample-002691.png,..\dataset\mfcc_num_eq\cv-valid-dev_sample-002691_eq.npy,..\dataset\mel_num_eq\cv-valid-dev_sample-002691_eq.npy
cv-valid-dev/sample-002693.mp3,4,0,14,..\dataset\mfcc_num\cv-valid-dev_sample-002693.npy,..\dataset\mfcc_spec\cv-valid-dev_sample-002693.png,..\dataset\mel_num\cv-valid-dev_sample-002693.npy,..\dataset\mel_spec\cv-valid-dev_sample-002693.png,..\dataset\mfcc_num_eq\cv-valid-dev_sample-002693_eq.npy,..\dataset\mel_num_eq\cv-valid-dev_sample-002693_eq.npy
cv-valid-dev/sample-002694.mp3,6,1,14,..\dataset\mfcc_num\cv-valid-dev_sample-002694.npy,..\dataset\mfcc_spec\cv-valid-dev_sample-002694.png,..\dataset\mel_num\cv-valid-dev_sample-002694.npy,..\dataset\mel_spec\cv-valid-dev_sample-002694.png,..\dataset\mfcc_num_eq\cv-valid-dev_sample-002694_eq.npy,..\dataset\mel_num_eq\cv-valid-dev_sample-002694_eq.npy
cv-valid-dev/sample-002696.mp3,2,0,14,..\dataset\mfcc_num\cv-valid-dev_sample-002696.npy,..\dataset\mfcc_spec\cv-valid-dev_sample-002696.png,..\dataset\mel_num\cv-valid-dev_sample-002696.npy,..\dataset\mel_spec\cv-valid-dev_sample-002696.png,..\dataset\mfcc_num_eq\cv-valid-dev_sample-002696_eq.npy,..\dataset\mel_num_eq\cv-valid-dev_sample-002696_eq.npy
cv-valid-dev/sample-002705.mp3,2,1,4,..\dataset\mfcc_num\cv-valid-dev_sample-002705.npy,..\dataset\mfcc_spec\cv-valid-dev_sample-002705.png,..\dataset\mel_num\cv-valid-dev_sample-002705.npy,..\dataset\mel_spec\cv-valid-dev_sample-002705.png,..\dataset\mfcc_num_eq\cv-valid-dev_sample-002705_eq.npy,..\dataset\mel_num_eq\cv-valid-dev_sample-002705_eq.npy
cv-valid-dev/sample-002715.mp3,6,0,14,..\dataset\mfcc_num\cv-valid-dev_sample-002715.npy,..\dataset\mfcc_spec\cv-valid-dev_sample-002715.png,..\dataset\mel_num\cv-valid-dev_sample-002715.npy,..\dataset\mel_spec\cv-valid-dev_sample-002715.png,..\dataset\mfcc_num_eq\cv-valid-dev_sample-002715_eq.npy,..\dataset\mel_num_eq\cv-valid-dev_sample-002715_eq.npy
cv-valid-dev/sample-002725.mp3,7,1,14,..\dataset\mfcc_num\cv-valid-dev_sample-002725.npy,..\dataset\mfcc_spec\cv-valid-dev_sample-002725.png,..\dataset\mel_num\cv-valid-dev_sample-002725.npy,..\dataset\mel_spec\cv-valid-dev_sample-002725.png,..\dataset\mfcc_num_eq\cv-valid-dev_sample-002725_eq.npy,..\dataset\mel_num_eq\cv-valid-dev_sample-002725_eq.npy
cv-valid-dev/sample-002737.mp3,7,1,14,..\dataset\mfcc_num\cv-valid-dev_sample-002737.npy,..\dataset\mfcc_spec\cv-valid-dev_sample-002737.png,..\dataset\mel_num\cv-valid-dev_sample-002737.npy,..\dataset\mel_spec\cv-valid-dev_sample-002737.png,..\dataset\mfcc_num_eq\cv-valid-dev_sample-002737_eq.npy,..\dataset\mel_num_eq\cv-valid-dev_sample-002737_eq.npy
cv-valid-dev/sample-002745.mp3,1,1,4,..\dataset\mfcc_num\cv-valid-dev_sample-002745.npy,..\dataset\mfcc_spec\cv-valid-dev_sample-002745.png,..\dataset\mel_num\cv-valid-dev_sample-002745.npy,..\dataset\mel_spec\cv-valid-dev_sample-002745.png,..\dataset\mfcc_num_eq\cv-valid-dev_sample-002745_eq.npy,..\dataset\mel_num_eq\cv-valid-dev_sample-002745_eq.npy
cv-valid-dev/sample-002749.mp3,1,1,4,..\dataset\mfcc_num\cv-valid-dev_sample-002749.npy,..\dataset\mfcc_spec\cv-valid-dev_sample-002749.png,..\dataset\mel_num\cv-valid-dev_sample-002749.npy,..\dataset\mel_spec\cv-valid-dev_sample-002749.png,..\dataset\mfcc_num_eq\cv-valid-dev_sample-002749_eq.npy,..\dataset\mel_num_eq\cv-valid-dev_sample-002749_eq.npy
cv-valid-dev/sample-002750.mp3,7,1,14,..\dataset\mfcc_num\cv-valid-dev_sample-002750.npy,..\dataset\mfcc_spec\cv-valid-dev_sample-002750.png,..\dataset\mel_num\cv-valid-dev_sample-002750.npy,..\dataset\mel_spec\cv-valid-dev_sample-002750.png,..\dataset\mfcc_num_eq\cv-valid-dev_sample-002750_eq.npy,..\dataset\mel_num_eq\cv-valid-dev_sample-002750_eq.npy
cv-valid-dev/sample-002758.mp3,6,1,4,..\dataset\mfcc_num\cv-valid-dev_sample-002758.npy,..\dataset\mfcc_spec\cv-valid-dev_sample-002758.png,..\dataset\mel_num\cv-valid-dev_sample-002758.npy,..\dataset\mel_spec\cv-valid-dev_sample-002758.png,..\dataset\mfcc_num_eq\cv-valid-dev_sample-002758_eq.npy,..\dataset\mel_num_eq\cv-valid-dev_sample-002758_eq.npy
cv-valid-dev/sample-002760.mp3,7,1,14,..\dataset\mfcc_num\cv-valid-dev_sample-002760.npy,..\dataset\mfcc_spec\cv-valid-dev_sample-002760.png,..\dataset\mel_num\cv-valid-dev_sample-002760.npy,..\dataset\mel_spec\cv-valid-dev_sample-002760.png,..\dataset\mfcc_num_eq\cv-valid-dev_sample-002760_eq.npy,..\dataset\mel_num_eq\cv-valid-dev_sample-002760_eq.npy
cv-valid-dev/sample-002763.mp3,6,0,14,..\dataset\mfcc_num\cv-valid-dev_sample-002763.npy,..\dataset\mfcc_spec\cv-valid-dev_sample-002763.png,..\dataset\mel_num\cv-valid-dev_sample-002763.npy,..\dataset\mel_spec\cv-valid-dev_sample-002763.png,..\dataset\mfcc_num_eq\cv-valid-dev_sample-002763_eq.npy,..\dataset\mel_num_eq\cv-valid-dev_sample-002763_eq.npy
cv-valid-dev/sample-002765.mp3,6,1,4,..\dataset\mfcc_num\cv-valid-dev_sample-002765.npy,..\dataset\mfcc_spec\cv-valid-dev_sample-002765.png,..\dataset\mel_num\cv-valid-dev_sample-002765.npy,..\dataset\mel_spec\cv-valid-dev_sample-002765.png,..\dataset\mfcc_num_eq\cv-valid-dev_sample-002765_eq.npy,..\dataset\mel_num_eq\cv-valid-dev_sample-002765_eq.npy
cv-valid-dev/sample-002767.mp3,7,1,14,..\dataset\mfcc_num\cv-valid-dev_sample-002767.npy,..\dataset\mfcc_spec\cv-valid-dev_sample-002767.png,..\dataset\mel_num\cv-valid-dev_sample-002767.npy,..\dataset\mel_spec\cv-valid-dev_sample-002767.png,..\dataset\mfcc_num_eq\cv-valid-dev_sample-002767_eq.npy,..\dataset\mel_num_eq\cv-valid-dev_sample-002767_eq.npy
cv-valid-dev/sample-002769.mp3,6,1,14,..\dataset\mfcc_num\cv-valid-dev_sample-002769.npy,..\dataset\mfcc_spec\cv-valid-dev_sample-002769.png,..\dataset\mel_num\cv-valid-dev_sample-002769.npy,..\dataset\mel_spec\cv-valid-dev_sample-002769.png,..\dataset\mfcc_num_eq\cv-valid-dev_sample-002769_eq.npy,..\dataset\mel_num_eq\cv-valid-dev_sample-002769_eq.npy
cv-valid-dev/sample-002770.mp3,4,1,3,..\dataset\mfcc_num\cv-valid-dev_sample-002770.npy,..\dataset\mfcc_spec\cv-valid-dev_sample-002770.png,..\dataset\mel_num\cv-valid-dev_sample-002770.npy,..\dataset\mel_spec\cv-valid-dev_sample-002770.png,..\dataset\mfcc_num_eq\cv-valid-dev_sample-002770_eq.npy,..\dataset\mel_num_eq\cv-valid-dev_sample-002770_eq.npy
cv-valid-dev/sample-002771.mp3,7,1,10,..\dataset\mfcc_num\cv-valid-dev_sample-002771.npy,..\dataset\mfcc_spec\cv-valid-dev_sample-002771.png,..\dataset\mel_num\cv-valid-dev_sample-002771.npy,..\dataset\mel_spec\cv-valid-dev_sample-002771.png,..\dataset\mfcc_num_eq\cv-valid-dev_sample-002771_eq.npy,..\dataset\mel_num_eq\cv-valid-dev_sample-002771_eq.npy
cv-valid-dev/sample-002778.mp3,6,0,7,..\dataset\mfcc_num\cv-valid-dev_sample-002778.npy,..\dataset\mfcc_spec\cv-valid-dev_sample-002778.png,..\dataset\mel_num\cv-valid-dev_sample-002778.npy,..\dataset\mel_spec\cv-valid-dev_sample-002778.png,..\dataset\mfcc_num_eq\cv-valid-dev_sample-002778_eq.npy,..\dataset\mel_num_eq\cv-valid-dev_sample-002778_eq.npy
cv-valid-dev/sample-002779.mp3,7,1,4,..\dataset\mfcc_num\cv-valid-dev_sample-002779.npy,..\dataset\mfcc_spec\cv-valid-dev_sample-002779.png,..\dataset\mel_num\cv-valid-dev_sample-002779.npy,..\dataset\mel_spec\cv-valid-dev_sample-002779.png,..\dataset\mfcc_num_eq\cv-valid-dev_sample-002779_eq.npy,..\dataset\mel_num_eq\cv-valid-dev_sample-002779_eq.npy
cv-valid-dev/sample-002780.mp3,7,1,14,..\dataset\mfcc_num\cv-valid-dev_sample-002780.npy,..\dataset\mfcc_spec\cv-valid-dev_sample-002780.png,..\dataset\mel_num\cv-valid-dev_sample-002780.npy,..\dataset\mel_spec\cv-valid-dev_sample-002780.png,..\dataset\mfcc_num_eq\cv-valid-dev_sample-002780_eq.npy,..\dataset\mel_num_eq\cv-valid-dev_sample-002780_eq.npy
cv-valid-dev/sample-002788.mp3,7,1,14,..\dataset\mfcc_num\cv-valid-dev_sample-002788.npy,..\dataset\mfcc_spec\cv-valid-dev_sample-002788.png,..\dataset\mel_num\cv-valid-dev_sample-002788.npy,..\dataset\mel_spec\cv-valid-dev_sample-002788.png,..\dataset\mfcc_num_eq\cv-valid-dev_sample-002788_eq.npy,..\dataset\mel_num_eq\cv-valid-dev_sample-002788_eq.npy
cv-valid-dev/sample-002789.mp3,6,1,9,..\dataset\mfcc_num\cv-valid-dev_sample-002789.npy,..\dataset\mfcc_spec\cv-valid-dev_sample-002789.png,..\dataset\mel_num\cv-valid-dev_sample-002789.npy,..\dataset\mel_spec\cv-valid-dev_sample-002789.png,..\dataset\mfcc_num_eq\cv-valid-dev_sample-002789_eq.npy,..\dataset\mel_num_eq\cv-valid-dev_sample-002789_eq.npy
cv-valid-dev/sample-002796.mp3,7,1,14,..\dataset\mfcc_num\cv-valid-dev_sample-002796.npy,..\dataset\mfcc_spec\cv-valid-dev_sample-002796.png,..\dataset\mel_num\cv-valid-dev_sample-002796.npy,..\dataset\mel_spec\cv-valid-dev_sample-002796.png,..\dataset\mfcc_num_eq\cv-valid-dev_sample-002796_eq.npy,..\dataset\mel_num_eq\cv-valid-dev_sample-002796_eq.npy
cv-valid-dev/sample-002798.mp3,6,1,14,..\dataset\mfcc_num\cv-valid-dev_sample-002798.npy,..\dataset\mfcc_spec\cv-valid-dev_sample-002798.png,..\dataset\mel_num\cv-valid-dev_sample-002798.npy,..\dataset\mel_spec\cv-valid-dev_sample-002798.png,..\dataset\mfcc_num_eq\cv-valid-dev_sample-002798_eq.npy,..\dataset\mel_num_eq\cv-valid-dev_sample-002798_eq.npy
cv-valid-dev/sample-002799.mp3,3,1,4,..\dataset\mfcc_num\cv-valid-dev_sample-002799.npy,..\dataset\mfcc_spec\cv-valid-dev_sample-002799.png,..\dataset\mel_num\cv-valid-dev_sample-002799.npy,..\dataset\mel_spec\cv-valid-dev_sample-002799.png,..\dataset\mfcc_num_eq\cv-valid-dev_sample-002799_eq.npy,..\dataset\mel_num_eq\cv-valid-dev_sample-002799_eq.npy
cv-valid-dev/sample-002804.mp3,7,1,6,..\dataset\mfcc_num\cv-valid-dev_sample-002804.npy,..\dataset\mfcc_spec\cv-valid-dev_sample-002804.png,..\dataset\mel_num\cv-valid-dev_sample-002804.npy,..\dataset\mel_spec\cv-valid-dev_sample-002804.png,..\dataset\mfcc_num_eq\cv-valid-dev_sample-002804_eq.npy,..\dataset\mel_num_eq\cv-valid-dev_sample-002804_eq.npy
cv-valid-dev/sample-002806.mp3,7,0,14,..\dataset\mfcc_num\cv-valid-dev_sample-002806.npy,..\dataset\mfcc_spec\cv-valid-dev_sample-002806.png,..\dataset\mel_num\cv-valid-dev_sample-002806.npy,..\dataset\mel_spec\cv-valid-dev_sample-002806.png,..\dataset\mfcc_num_eq\cv-valid-dev_sample-002806_eq.npy,..\dataset\mel_num_eq\cv-valid-dev_sample-002806_eq.npy
cv-valid-dev/sample-002807.mp3,6,1,4,..\dataset\mfcc_num\cv-valid-dev_sample-002807.npy,..\dataset\mfcc_spec\cv-valid-dev_sample-002807.png,..\dataset\mel_num\cv-valid-dev_sample-002807.npy,..\dataset\mel_spec\cv-valid-dev_sample-002807.png,..\dataset\mfcc_num_eq\cv-valid-dev_sample-002807_eq.npy,..\dataset\mel_num_eq\cv-valid-dev_sample-002807_eq.npy
cv-valid-dev/sample-002810.mp3,4,0,14,..\dataset\mfcc_num\cv-valid-dev_sample-002810.npy,..\dataset\mfcc_spec\cv-valid-dev_sample-002810.png,..\dataset\mel_num\cv-valid-dev_sample-002810.npy,..\dataset\mel_spec\cv-valid-dev_sample-002810.png,..\dataset\mfcc_num_eq\cv-valid-dev_sample-002810_eq.npy,..\dataset\mel_num_eq\cv-valid-dev_sample-002810_eq.npy
cv-valid-dev/sample-002811.mp3,6,1,14,..\dataset\mfcc_num\cv-valid-dev_sample-002811.npy,..\dataset\mfcc_spec\cv-valid-dev_sample-002811.png,..\dataset\mel_num\cv-valid-dev_sample-002811.npy,..\dataset\mel_spec\cv-valid-dev_sample-002811.png,..\dataset\mfcc_num_eq\cv-valid-dev_sample-002811_eq.npy,..\dataset\mel_num_eq\cv-valid-dev_sample-002811_eq.npy
cv-valid-dev/sample-002812.mp3,4,0,0,..\dataset\mfcc_num\cv-valid-dev_sample-002812.npy,..\dataset\mfcc_spec\cv-valid-dev_sample-002812.png,..\dataset\mel_num\cv-valid-dev_sample-002812.npy,..\dataset\mel_spec\cv-valid-dev_sample-002812.png,..\dataset\mfcc_num_eq\cv-valid-dev_sample-002812_eq.npy,..\dataset\mel_num_eq\cv-valid-dev_sample-002812_eq.npy
cv-valid-dev/sample-002813.mp3,6,1,4,..\dataset\mfcc_num\cv-valid-dev_sample-002813.npy,..\dataset\mfcc_spec\cv-valid-dev_sample-002813.png,..\dataset\mel_num\cv-valid-dev_sample-002813.npy,..\dataset\mel_spec\cv-valid-dev_sample-002813.png,..\dataset\mfcc_num_eq\cv-valid-dev_sample-002813_eq.npy,..\dataset\mel_num_eq\cv-valid-dev_sample-002813_eq.npy
cv-valid-dev/sample-002814.mp3,6,0,14,..\dataset\mfcc_num\cv-valid-dev_sample-002814.npy,..\dataset\mfcc_spec\cv-valid-dev_sample-002814.png,..\dataset\mel_num\cv-valid-dev_sample-002814.npy,..\dataset\mel_spec\cv-valid-dev_sample-002814.png,..\dataset\mfcc_num_eq\cv-valid-dev_sample-002814_eq.npy,..\dataset\mel_num_eq\cv-valid-dev_sample-002814_eq.npy
cv-valid-dev/sample-002817.mp3,5,0,14,..\dataset\mfcc_num\cv-valid-dev_sample-002817.npy,..\dataset\mfcc_spec\cv-valid-dev_sample-002817.png,..\dataset\mel_num\cv-valid-dev_sample-002817.npy,..\dataset\mel_spec\cv-valid-dev_sample-002817.png,..\dataset\mfcc_num_eq\cv-valid-dev_sample-002817_eq.npy,..\dataset\mel_num_eq\cv-valid-dev_sample-002817_eq.npy
cv-valid-dev/sample-002819.mp3,7,1,14,..\dataset\mfcc_num\cv-valid-dev_sample-002819.npy,..\dataset\mfcc_spec\cv-valid-dev_sample-002819.png,..\dataset\mel_num\cv-valid-dev_sample-002819.npy,..\dataset\mel_spec\cv-valid-dev_sample-002819.png,..\dataset\mfcc_num_eq\cv-valid-dev_sample-002819_eq.npy,..\dataset\mel_num_eq\cv-valid-dev_sample-002819_eq.npy
cv-valid-dev/sample-002820.mp3,7,0,1,..\dataset\mfcc_num\cv-valid-dev_sample-002820.npy,..\dataset\mfcc_spec\cv-valid-dev_sample-002820.png,..\dataset\mel_num\cv-valid-dev_sample-002820.npy,..\dataset\mel_spec\cv-valid-dev_sample-002820.png,..\dataset\mfcc_num_eq\cv-valid-dev_sample-002820_eq.npy,..\dataset\mel_num_eq\cv-valid-dev_sample-002820_eq.npy
cv-valid-dev/sample-002823.mp3,7,1,6,..\dataset\mfcc_num\cv-valid-dev_sample-002823.npy,..\dataset\mfcc_spec\cv-valid-dev_sample-002823.png,..\dataset\mel_num\cv-valid-dev_sample-002823.npy,..\dataset\mel_spec\cv-valid-dev_sample-002823.png,..\dataset\mfcc_num_eq\cv-valid-dev_sample-002823_eq.npy,..\dataset\mel_num_eq\cv-valid-dev_sample-002823_eq.npy
cv-valid-dev/sample-002830.mp3,7,1,14,..\dataset\mfcc_num\cv-valid-dev_sample-002830.npy,..\dataset\mfcc_spec\cv-valid-dev_sample-002830.png,..\dataset\mel_num\cv-valid-dev_sample-002830.npy,..\dataset\mel_spec\cv-valid-dev_sample-002830.png,..\dataset\mfcc_num_eq\cv-valid-dev_sample-002830_eq.npy,..\dataset\mel_num_eq\cv-valid-dev_sample-002830_eq.npy
cv-valid-dev/sample-002832.mp3,6,0,3,..\dataset\mfcc_num\cv-valid-dev_sample-002832.npy,..\dataset\mfcc_spec\cv-valid-dev_sample-002832.png,..\dataset\mel_num\cv-valid-dev_sample-002832.npy,..\dataset\mel_spec\cv-valid-dev_sample-002832.png,..\dataset\mfcc_num_eq\cv-valid-dev_sample-002832_eq.npy,..\dataset\mel_num_eq\cv-valid-dev_sample-002832_eq.npy
cv-valid-dev/sample-002836.mp3,7,1,6,..\dataset\mfcc_num\cv-valid-dev_sample-002836.npy,..\dataset\mfcc_spec\cv-valid-dev_sample-002836.png,..\dataset\mel_num\cv-valid-dev_sample-002836.npy,..\dataset\mel_spec\cv-valid-dev_sample-002836.png,..\dataset\mfcc_num_eq\cv-valid-dev_sample-002836_eq.npy,..\dataset\mel_num_eq\cv-valid-dev_sample-002836_eq.npy
cv-valid-dev/sample-002838.mp3,2,1,14,..\dataset\mfcc_num\cv-valid-dev_sample-002838.npy,..\dataset\mfcc_spec\cv-valid-dev_sample-002838.png,..\dataset\mel_num\cv-valid-dev_sample-002838.npy,..\dataset\mel_spec\cv-valid-dev_sample-002838.png,..\dataset\mfcc_num_eq\cv-valid-dev_sample-002838_eq.npy,..\dataset\mel_num_eq\cv-valid-dev_sample-002838_eq.npy
cv-valid-dev/sample-002841.mp3,7,0,14,..\dataset\mfcc_num\cv-valid-dev_sample-002841.npy,..\dataset\mfcc_spec\cv-valid-dev_sample-002841.png,..\dataset\mel_num\cv-valid-dev_sample-002841.npy,..\dataset\mel_spec\cv-valid-dev_sample-002841.png,..\dataset\mfcc_num_eq\cv-valid-dev_sample-002841_eq.npy,..\dataset\mel_num_eq\cv-valid-dev_sample-002841_eq.npy
cv-valid-dev/sample-002842.mp3,7,1,6,..\dataset\mfcc_num\cv-valid-dev_sample-002842.npy,..\dataset\mfcc_spec\cv-valid-dev_sample-002842.png,..\dataset\mel_num\cv-valid-dev_sample-002842.npy,..\dataset\mel_spec\cv-valid-dev_sample-002842.png,..\dataset\mfcc_num_eq\cv-valid-dev_sample-002842_eq.npy,..\dataset\mel_num_eq\cv-valid-dev_sample-002842_eq.npy
cv-valid-dev/sample-002843.mp3,7,1,14,..\dataset\mfcc_num\cv-valid-dev_sample-002843.npy,..\dataset\mfcc_spec\cv-valid-dev_sample-002843.png,..\dataset\mel_num\cv-valid-dev_sample-002843.npy,..\dataset\mel_spec\cv-valid-dev_sample-002843.png,..\dataset\mfcc_num_eq\cv-valid-dev_sample-002843_eq.npy,..\dataset\mel_num_eq\cv-valid-dev_sample-002843_eq.npy
cv-valid-dev/sample-002845.mp3,5,1,14,..\dataset\mfcc_num\cv-valid-dev_sample-002845.npy,..\dataset\mfcc_spec\cv-valid-dev_sample-002845.png,..\dataset\mel_num\cv-valid-dev_sample-002845.npy,..\dataset\mel_spec\cv-valid-dev_sample-002845.png,..\dataset\mfcc_num_eq\cv-valid-dev_sample-002845_eq.npy,..\dataset\mel_num_eq\cv-valid-dev_sample-002845_eq.npy
cv-valid-dev/sample-002846.mp3,6,1,9,..\dataset\mfcc_num\cv-valid-dev_sample-002846.npy,..\dataset\mfcc_spec\cv-valid-dev_sample-002846.png,..\dataset\mel_num\cv-valid-dev_sample-002846.npy,..\dataset\mel_spec\cv-valid-dev_sample-002846.png,..\dataset\mfcc_num_eq\cv-valid-dev_sample-002846_eq.npy,..\dataset\mel_num_eq\cv-valid-dev_sample-002846_eq.npy
cv-valid-dev/sample-002854.mp3,3,1,1,..\dataset\mfcc_num\cv-valid-dev_sample-002854.npy,..\dataset\mfcc_spec\cv-valid-dev_sample-002854.png,..\dataset\mel_num\cv-valid-dev_sample-002854.npy,..\dataset\mel_spec\cv-valid-dev_sample-002854.png,..\dataset\mfcc_num_eq\cv-valid-dev_sample-002854_eq.npy,..\dataset\mel_num_eq\cv-valid-dev_sample-002854_eq.npy
cv-valid-dev/sample-002858.mp3,6,1,4,..\dataset\mfcc_num\cv-valid-dev_sample-002858.npy,..\dataset\mfcc_spec\cv-valid-dev_sample-002858.png,..\dataset\mel_num\cv-valid-dev_sample-002858.npy,..\dataset\mel_spec\cv-valid-dev_sample-002858.png,..\dataset\mfcc_num_eq\cv-valid-dev_sample-002858_eq.npy,..\dataset\mel_num_eq\cv-valid-dev_sample-002858_eq.npy
cv-valid-dev/sample-002865.mp3,7,1,14,..\dataset\mfcc_num\cv-valid-dev_sample-002865.npy,..\dataset\mfcc_spec\cv-valid-dev_sample-002865.png,..\dataset\mel_num\cv-valid-dev_sample-002865.npy,..\dataset\mel_spec\cv-valid-dev_sample-002865.png,..\dataset\mfcc_num_eq\cv-valid-dev_sample-002865_eq.npy,..\dataset\mel_num_eq\cv-valid-dev_sample-002865_eq.npy
cv-valid-dev/sample-002869.mp3,7,1,14,..\dataset\mfcc_num\cv-valid-dev_sample-002869.npy,..\dataset\mfcc_spec\cv-valid-dev_sample-002869.png,..\dataset\mel_num\cv-valid-dev_sample-002869.npy,..\dataset\mel_spec\cv-valid-dev_sample-002869.png,..\dataset\mfcc_num_eq\cv-valid-dev_sample-002869_eq.npy,..\dataset\mel_num_eq\cv-valid-dev_sample-002869_eq.npy
cv-valid-dev/sample-002872.mp3,2,0,1,..\dataset\mfcc_num\cv-valid-dev_sample-002872.npy,..\dataset\mfcc_spec\cv-valid-dev_sample-002872.png,..\dataset\mel_num\cv-valid-dev_sample-002872.npy,..\dataset\mel_spec\cv-valid-dev_sample-002872.png,..\dataset\mfcc_num_eq\cv-valid-dev_sample-002872_eq.npy,..\dataset\mel_num_eq\cv-valid-dev_sample-002872_eq.npy
cv-valid-dev/sample-002876.mp3,2,0,4,..\dataset\mfcc_num\cv-valid-dev_sample-002876.npy,..\dataset\mfcc_spec\cv-valid-dev_sample-002876.png,..\dataset\mel_num\cv-valid-dev_sample-002876.npy,..\dataset\mel_spec\cv-valid-dev_sample-002876.png,..\dataset\mfcc_num_eq\cv-valid-dev_sample-002876_eq.npy,..\dataset\mel_num_eq\cv-valid-dev_sample-002876_eq.npy
cv-valid-dev/sample-002886.mp3,7,0,14,..\dataset\mfcc_num\cv-valid-dev_sample-002886.npy,..\dataset\mfcc_spec\cv-valid-dev_sample-002886.png,..\dataset\mel_num\cv-valid-dev_sample-002886.npy,..\dataset\mel_spec\cv-valid-dev_sample-002886.png,..\dataset\mfcc_num_eq\cv-valid-dev_sample-002886_eq.npy,..\dataset\mel_num_eq\cv-valid-dev_sample-002886_eq.npy
cv-valid-dev/sample-002889.mp3,6,1,14,..\dataset\mfcc_num\cv-valid-dev_sample-002889.npy,..\dataset\mfcc_spec\cv-valid-dev_sample-002889.png,..\dataset\mel_num\cv-valid-dev_sample-002889.npy,..\dataset\mel_spec\cv-valid-dev_sample-002889.png,..\dataset\mfcc_num_eq\cv-valid-dev_sample-002889_eq.npy,..\dataset\mel_num_eq\cv-valid-dev_sample-002889_eq.npy
cv-valid-dev/sample-002894.mp3,2,1,14,..\dataset\mfcc_num\cv-valid-dev_sample-002894.npy,..\dataset\mfcc_spec\cv-valid-dev_sample-002894.png,..\dataset\mel_num\cv-valid-dev_sample-002894.npy,..\dataset\mel_spec\cv-valid-dev_sample-002894.png,..\dataset\mfcc_num_eq\cv-valid-dev_sample-002894_eq.npy,..\dataset\mel_num_eq\cv-valid-dev_sample-002894_eq.npy
cv-valid-dev/sample-002897.mp3,6,1,4,..\dataset\mfcc_num\cv-valid-dev_sample-002897.npy,..\dataset\mfcc_spec\cv-valid-dev_sample-002897.png,..\dataset\mel_num\cv-valid-dev_sample-002897.npy,..\dataset\mel_spec\cv-valid-dev_sample-002897.png,..\dataset\mfcc_num_eq\cv-valid-dev_sample-002897_eq.npy,..\dataset\mel_num_eq\cv-valid-dev_sample-002897_eq.npy
cv-valid-dev/sample-002899.mp3,7,1,14,..\dataset\mfcc_num\cv-valid-dev_sample-002899.npy,..\dataset\mfcc_spec\cv-valid-dev_sample-002899.png,..\dataset\mel_num\cv-valid-dev_sample-002899.npy,..\dataset\mel_spec\cv-valid-dev_sample-002899.png,..\dataset\mfcc_num_eq\cv-valid-dev_sample-002899_eq.npy,..\dataset\mel_num_eq\cv-valid-dev_sample-002899_eq.npy
cv-valid-dev/sample-002900.mp3,7,1,14,..\dataset\mfcc_num\cv-valid-dev_sample-002900.npy,..\dataset\mfcc_spec\cv-valid-dev_sample-002900.png,..\dataset\mel_num\cv-valid-dev_sample-002900.npy,..\dataset\mel_spec\cv-valid-dev_sample-002900.png,..\dataset\mfcc_num_eq\cv-valid-dev_sample-002900_eq.npy,..\dataset\mel_num_eq\cv-valid-dev_sample-002900_eq.npy
cv-valid-dev/sample-002901.mp3,7,1,6,..\dataset\mfcc_num\cv-valid-dev_sample-002901.npy,..\dataset\mfcc_spec\cv-valid-dev_sample-002901.png,..\dataset\mel_num\cv-valid-dev_sample-002901.npy,..\dataset\mel_spec\cv-valid-dev_sample-002901.png,..\dataset\mfcc_num_eq\cv-valid-dev_sample-002901_eq.npy,..\dataset\mel_num_eq\cv-valid-dev_sample-002901_eq.npy
cv-valid-dev/sample-002906.mp3,2,1,14,..\dataset\mfcc_num\cv-valid-dev_sample-002906.npy,..\dataset\mfcc_spec\cv-valid-dev_sample-002906.png,..\dataset\mel_num\cv-valid-dev_sample-002906.npy,..\dataset\mel_spec\cv-valid-dev_sample-002906.png,..\dataset\mfcc_num_eq\cv-valid-dev_sample-002906_eq.npy,..\dataset\mel_num_eq\cv-valid-dev_sample-002906_eq.npy
cv-valid-dev/sample-002909.mp3,6,1,14,..\dataset\mfcc_num\cv-valid-dev_sample-002909.npy,..\dataset\mfcc_spec\cv-valid-dev_sample-002909.png,..\dataset\mel_num\cv-valid-dev_sample-002909.npy,..\dataset\mel_spec\cv-valid-dev_sample-002909.png,..\dataset\mfcc_num_eq\cv-valid-dev_sample-002909_eq.npy,..\dataset\mel_num_eq\cv-valid-dev_sample-002909_eq.npy
cv-valid-dev/sample-002910.mp3,2,1,14,..\dataset\mfcc_num\cv-valid-dev_sample-002910.npy,..\dataset\mfcc_spec\cv-valid-dev_sample-002910.png,..\dataset\mel_num\cv-valid-dev_sample-002910.npy,..\dataset\mel_spec\cv-valid-dev_sample-002910.png,..\dataset\mfcc_num_eq\cv-valid-dev_sample-002910_eq.npy,..\dataset\mel_num_eq\cv-valid-dev_sample-002910_eq.npy
cv-valid-dev/sample-002911.mp3,7,0,14,..\dataset\mfcc_num\cv-valid-dev_sample-002911.npy,..\dataset\mfcc_spec\cv-valid-dev_sample-002911.png,..\dataset\mel_num\cv-valid-dev_sample-002911.npy,..\dataset\mel_spec\cv-valid-dev_sample-002911.png,..\dataset\mfcc_num_eq\cv-valid-dev_sample-002911_eq.npy,..\dataset\mel_num_eq\cv-valid-dev_sample-002911_eq.npy
cv-valid-dev/sample-002913.mp3,0,1,1,..\dataset\mfcc_num\cv-valid-dev_sample-002913.npy,..\dataset\mfcc_spec\cv-valid-dev_sample-002913.png,..\dataset\mel_num\cv-valid-dev_sample-002913.npy,..\dataset\mel_spec\cv-valid-dev_sample-002913.png,..\dataset\mfcc_num_eq\cv-valid-dev_sample-002913_eq.npy,..\dataset\mel_num_eq\cv-valid-dev_sample-002913_eq.npy
cv-valid-dev/sample-002917.mp3,7,1,4,..\dataset\mfcc_num\cv-valid-dev_sample-002917.npy,..\dataset\mfcc_spec\cv-valid-dev_sample-002917.png,..\dataset\mel_num\cv-valid-dev_sample-002917.npy,..\dataset\mel_spec\cv-valid-dev_sample-002917.png,..\dataset\mfcc_num_eq\cv-valid-dev_sample-002917_eq.npy,..\dataset\mel_num_eq\cv-valid-dev_sample-002917_eq.npy
cv-valid-dev/sample-002918.mp3,4,1,11,..\dataset\mfcc_num\cv-valid-dev_sample-002918.npy,..\dataset\mfcc_spec\cv-valid-dev_sample-002918.png,..\dataset\mel_num\cv-valid-dev_sample-002918.npy,..\dataset\mel_spec\cv-valid-dev_sample-002918.png,..\dataset\mfcc_num_eq\cv-valid-dev_sample-002918_eq.npy,..\dataset\mel_num_eq\cv-valid-dev_sample-002918_eq.npy
cv-valid-dev/sample-002922.mp3,7,1,14,..\dataset\mfcc_num\cv-valid-dev_sample-002922.npy,..\dataset\mfcc_spec\cv-valid-dev_sample-002922.png,..\dataset\mel_num\cv-valid-dev_sample-002922.npy,..\dataset\mel_spec\cv-valid-dev_sample-002922.png,..\dataset\mfcc_num_eq\cv-valid-dev_sample-002922_eq.npy,..\dataset\mel_num_eq\cv-valid-dev_sample-002922_eq.npy
cv-valid-dev/sample-002924.mp3,7,1,14,..\dataset\mfcc_num\cv-valid-dev_sample-002924.npy,..\dataset\mfcc_spec\cv-valid-dev_sample-002924.png,..\dataset\mel_num\cv-valid-dev_sample-002924.npy,..\dataset\mel_spec\cv-valid-dev_sample-002924.png,..\dataset\mfcc_num_eq\cv-valid-dev_sample-002924_eq.npy,..\dataset\mel_num_eq\cv-valid-dev_sample-002924_eq.npy
cv-valid-dev/sample-002933.mp3,7,1,14,..\dataset\mfcc_num\cv-valid-dev_sample-002933.npy,..\dataset\mfcc_spec\cv-valid-dev_sample-002933.png,..\dataset\mel_num\cv-valid-dev_sample-002933.npy,..\dataset\mel_spec\cv-valid-dev_sample-002933.png,..\dataset\mfcc_num_eq\cv-valid-dev_sample-002933_eq.npy,..\dataset\mel_num_eq\cv-valid-dev_sample-002933_eq.npy
cv-valid-dev/sample-002934.mp3,1,0,14,..\dataset\mfcc_num\cv-valid-dev_sample-002934.npy,..\dataset\mfcc_spec\cv-valid-dev_sample-002934.png,..\dataset\mel_num\cv-valid-dev_sample-002934.npy,..\dataset\mel_spec\cv-valid-dev_sample-002934.png,..\dataset\mfcc_num_eq\cv-valid-dev_sample-002934_eq.npy,..\dataset\mel_num_eq\cv-valid-dev_sample-002934_eq.npy
cv-valid-dev/sample-002942.mp3,6,1,4,..\dataset\mfcc_num\cv-valid-dev_sample-002942.npy,..\dataset\mfcc_spec\cv-valid-dev_sample-002942.png,..\dataset\mel_num\cv-valid-dev_sample-002942.npy,..\dataset\mel_spec\cv-valid-dev_sample-002942.png,..\dataset\mfcc_num_eq\cv-valid-dev_sample-002942_eq.npy,..\dataset\mel_num_eq\cv-valid-dev_sample-002942_eq.npy
cv-valid-dev/sample-002945.mp3,7,0,6,..\dataset\mfcc_num\cv-valid-dev_sample-002945.npy,..\dataset\mfcc_spec\cv-valid-dev_sample-002945.png,..\dataset\mel_num\cv-valid-dev_sample-002945.npy,..\dataset\mel_spec\cv-valid-dev_sample-002945.png,..\dataset\mfcc_num_eq\cv-valid-dev_sample-002945_eq.npy,..\dataset\mel_num_eq\cv-valid-dev_sample-002945_eq.npy
cv-valid-dev/sample-002946.mp3,7,1,14,..\dataset\mfcc_num\cv-valid-dev_sample-002946.npy,..\dataset\mfcc_spec\cv-valid-dev_sample-002946.png,..\dataset\mel_num\cv-valid-dev_sample-002946.npy,..\dataset\mel_spec\cv-valid-dev_sample-002946.png,..\dataset\mfcc_num_eq\cv-valid-dev_sample-002946_eq.npy,..\dataset\mel_num_eq\cv-valid-dev_sample-002946_eq.npy
cv-valid-dev/sample-002947.mp3,7,1,14,..\dataset\mfcc_num\cv-valid-dev_sample-002947.npy,..\dataset\mfcc_spec\cv-valid-dev_sample-002947.png,..\dataset\mel_num\cv-valid-dev_sample-002947.npy,..\dataset\mel_spec\cv-valid-dev_sample-002947.png,..\dataset\mfcc_num_eq\cv-valid-dev_sample-002947_eq.npy,..\dataset\mel_num_eq\cv-valid-dev_sample-002947_eq.npy
cv-valid-dev/sample-002951.mp3,4,0,4,..\dataset\mfcc_num\cv-valid-dev_sample-002951.npy,..\dataset\mfcc_spec\cv-valid-dev_sample-002951.png,..\dataset\mel_num\cv-valid-dev_sample-002951.npy,..\dataset\mel_spec\cv-valid-dev_sample-002951.png,..\dataset\mfcc_num_eq\cv-valid-dev_sample-002951_eq.npy,..\dataset\mel_num_eq\cv-valid-dev_sample-002951_eq.npy
cv-valid-dev/sample-002955.mp3,6,1,14,..\dataset\mfcc_num\cv-valid-dev_sample-002955.npy,..\dataset\mfcc_spec\cv-valid-dev_sample-002955.png,..\dataset\mel_num\cv-valid-dev_sample-002955.npy,..\dataset\mel_spec\cv-valid-dev_sample-002955.png,..\dataset\mfcc_num_eq\cv-valid-dev_sample-002955_eq.npy,..\dataset\mel_num_eq\cv-valid-dev_sample-002955_eq.npy
cv-valid-dev/sample-002957.mp3,7,1,4,..\dataset\mfcc_num\cv-valid-dev_sample-002957.npy,..\dataset\mfcc_spec\cv-valid-dev_sample-002957.png,..\dataset\mel_num\cv-valid-dev_sample-002957.npy,..\dataset\mel_spec\cv-valid-dev_sample-002957.png,..\dataset\mfcc_num_eq\cv-valid-dev_sample-002957_eq.npy,..\dataset\mel_num_eq\cv-valid-dev_sample-002957_eq.npy
cv-valid-dev/sample-002958.mp3,4,1,14,..\dataset\mfcc_num\cv-valid-dev_sample-002958.npy,..\dataset\mfcc_spec\cv-valid-dev_sample-002958.png,..\dataset\mel_num\cv-valid-dev_sample-002958.npy,..\dataset\mel_spec\cv-valid-dev_sample-002958.png,..\dataset\mfcc_num_eq\cv-valid-dev_sample-002958_eq.npy,..\dataset\mel_num_eq\cv-valid-dev_sample-002958_eq.npy
cv-valid-dev/sample-002960.mp3,1,1,14,..\dataset\mfcc_num\cv-valid-dev_sample-002960.npy,..\dataset\mfcc_spec\cv-valid-dev_sample-002960.png,..\dataset\mel_num\cv-valid-dev_sample-002960.npy,..\dataset\mel_spec\cv-valid-dev_sample-002960.png,..\dataset\mfcc_num_eq\cv-valid-dev_sample-002960_eq.npy,..\dataset\mel_num_eq\cv-valid-dev_sample-002960_eq.npy
cv-valid-dev/sample-002961.mp3,7,1,14,..\dataset\mfcc_num\cv-valid-dev_sample-002961.npy,..\dataset\mfcc_spec\cv-valid-dev_sample-002961.png,..\dataset\mel_num\cv-valid-dev_sample-002961.npy,..\dataset\mel_spec\cv-valid-dev_sample-002961.png,..\dataset\mfcc_num_eq\cv-valid-dev_sample-002961_eq.npy,..\dataset\mel_num_eq\cv-valid-dev_sample-002961_eq.npy
cv-valid-dev/sample-002965.mp3,5,1,0,..\dataset\mfcc_num\cv-valid-dev_sample-002965.npy,..\dataset\mfcc_spec\cv-valid-dev_sample-002965.png,..\dataset\mel_num\cv-valid-dev_sample-002965.npy,..\dataset\mel_spec\cv-valid-dev_sample-002965.png,..\dataset\mfcc_num_eq\cv-valid-dev_sample-002965_eq.npy,..\dataset\mel_num_eq\cv-valid-dev_sample-002965_eq.npy
cv-valid-dev/sample-002971.mp3,2,1,4,..\dataset\mfcc_num\cv-valid-dev_sample-002971.npy,..\dataset\mfcc_spec\cv-valid-dev_sample-002971.png,..\dataset\mel_num\cv-valid-dev_sample-002971.npy,..\dataset\mel_spec\cv-valid-dev_sample-002971.png,..\dataset\mfcc_num_eq\cv-valid-dev_sample-002971_eq.npy,..\dataset\mel_num_eq\cv-valid-dev_sample-002971_eq.npy
cv-valid-dev/sample-002974.mp3,7,0,14,..\dataset\mfcc_num\cv-valid-dev_sample-002974.npy,..\dataset\mfcc_spec\cv-valid-dev_sample-002974.png,..\dataset\mel_num\cv-valid-dev_sample-002974.npy,..\dataset\mel_spec\cv-valid-dev_sample-002974.png,..\dataset\mfcc_num_eq\cv-valid-dev_sample-002974_eq.npy,..\dataset\mel_num_eq\cv-valid-dev_sample-002974_eq.npy
cv-valid-dev/sample-002979.mp3,2,0,3,..\dataset\mfcc_num\cv-valid-dev_sample-002979.npy,..\dataset\mfcc_spec\cv-valid-dev_sample-002979.png,..\dataset\mel_num\cv-valid-dev_sample-002979.npy,..\dataset\mel_spec\cv-valid-dev_sample-002979.png,..\dataset\mfcc_num_eq\cv-valid-dev_sample-002979_eq.npy,..\dataset\mel_num_eq\cv-valid-dev_sample-002979_eq.npy
cv-valid-dev/sample-002980.mp3,1,0,14,..\dataset\mfcc_num\cv-valid-dev_sample-002980.npy,..\dataset\mfcc_spec\cv-valid-dev_sample-002980.png,..\dataset\mel_num\cv-valid-dev_sample-002980.npy,..\dataset\mel_spec\cv-valid-dev_sample-002980.png,..\dataset\mfcc_num_eq\cv-valid-dev_sample-002980_eq.npy,..\dataset\mel_num_eq\cv-valid-dev_sample-002980_eq.npy
cv-valid-dev/sample-002988.mp3,7,0,14,..\dataset\mfcc_num\cv-valid-dev_sample-002988.npy,..\dataset\mfcc_spec\cv-valid-dev_sample-002988.png,..\dataset\mel_num\cv-valid-dev_sample-002988.npy,..\dataset\mel_spec\cv-valid-dev_sample-002988.png,..\dataset\mfcc_num_eq\cv-valid-dev_sample-002988_eq.npy,..\dataset\mel_num_eq\cv-valid-dev_sample-002988_eq.npy
cv-valid-dev/sample-002991.mp3,2,1,14,..\dataset\mfcc_num\cv-valid-dev_sample-002991.npy,..\dataset\mfcc_spec\cv-valid-dev_sample-002991.png,..\dataset\mel_num\cv-valid-dev_sample-002991.npy,..\dataset\mel_spec\cv-valid-dev_sample-002991.png,..\dataset\mfcc_num_eq\cv-valid-dev_sample-002991_eq.npy,..\dataset\mel_num_eq\cv-valid-dev_sample-002991_eq.npy
cv-valid-dev/sample-002992.mp3,1,0,1,..\dataset\mfcc_num\cv-valid-dev_sample-002992.npy,..\dataset\mfcc_spec\cv-valid-dev_sample-002992.png,..\dataset\mel_num\cv-valid-dev_sample-002992.npy,..\dataset\mel_spec\cv-valid-dev_sample-002992.png,..\dataset\mfcc_num_eq\cv-valid-dev_sample-002992_eq.npy,..\dataset\mel_num_eq\cv-valid-dev_sample-002992_eq.npy
cv-valid-dev/sample-002993.mp3,6,1,4,..\dataset\mfcc_num\cv-valid-dev_sample-002993.npy,..\dataset\mfcc_spec\cv-valid-dev_sample-002993.png,..\dataset\mel_num\cv-valid-dev_sample-002993.npy,..\dataset\mel_spec\cv-valid-dev_sample-002993.png,..\dataset\mfcc_num_eq\cv-valid-dev_sample-002993_eq.npy,..\dataset\mel_num_eq\cv-valid-dev_sample-002993_eq.npy
cv-valid-dev/sample-002994.mp3,2,1,14,..\dataset\mfcc_num\cv-valid-dev_sample-002994.npy,..\dataset\mfcc_spec\cv-valid-dev_sample-002994.png,..\dataset\mel_num\cv-valid-dev_sample-002994.npy,..\dataset\mel_spec\cv-valid-dev_sample-002994.png,..\dataset\mfcc_num_eq\cv-valid-dev_sample-002994_eq.npy,..\dataset\mel_num_eq\cv-valid-dev_sample-002994_eq.npy
cv-valid-dev/sample-002999.mp3,5,1,4,..\dataset\mfcc_num\cv-valid-dev_sample-002999.npy,..\dataset\mfcc_spec\cv-valid-dev_sample-002999.png,..\dataset\mel_num\cv-valid-dev_sample-002999.npy,..\dataset\mel_spec\cv-valid-dev_sample-002999.png,..\dataset\mfcc_num_eq\cv-valid-dev_sample-002999_eq.npy,..\dataset\mel_num_eq\cv-valid-dev_sample-002999_eq.npy
cv-valid-dev/sample-003000.mp3,1,0,4,..\dataset\mfcc_num\cv-valid-dev_sample-003000.npy,..\dataset\mfcc_spec\cv-valid-dev_sample-003000.png,..\dataset\mel_num\cv-valid-dev_sample-003000.npy,..\dataset\mel_spec\cv-valid-dev_sample-003000.png,..\dataset\mfcc_num_eq\cv-valid-dev_sample-003000_eq.npy,..\dataset\mel_num_eq\cv-valid-dev_sample-003000_eq.npy
cv-valid-dev/sample-003001.mp3,4,1,9,..\dataset\mfcc_num\cv-valid-dev_sample-003001.npy,..\dataset\mfcc_spec\cv-valid-dev_sample-003001.png,..\dataset\mel_num\cv-valid-dev_sample-003001.npy,..\dataset\mel_spec\cv-valid-dev_sample-003001.png,..\dataset\mfcc_num_eq\cv-valid-dev_sample-003001_eq.npy,..\dataset\mel_num_eq\cv-valid-dev_sample-003001_eq.npy
cv-valid-dev/sample-003002.mp3,5,1,14,..\dataset\mfcc_num\cv-valid-dev_sample-003002.npy,..\dataset\mfcc_spec\cv-valid-dev_sample-003002.png,..\dataset\mel_num\cv-valid-dev_sample-003002.npy,..\dataset\mel_spec\cv-valid-dev_sample-003002.png,..\dataset\mfcc_num_eq\cv-valid-dev_sample-003002_eq.npy,..\dataset\mel_num_eq\cv-valid-dev_sample-003002_eq.npy
cv-valid-dev/sample-003004.mp3,7,1,14,..\dataset\mfcc_num\cv-valid-dev_sample-003004.npy,..\dataset\mfcc_spec\cv-valid-dev_sample-003004.png,..\dataset\mel_num\cv-valid-dev_sample-003004.npy,..\dataset\mel_spec\cv-valid-dev_sample-003004.png,..\dataset\mfcc_num_eq\cv-valid-dev_sample-003004_eq.npy,..\dataset\mel_num_eq\cv-valid-dev_sample-003004_eq.npy
cv-valid-dev/sample-003005.mp3,4,1,4,..\dataset\mfcc_num\cv-valid-dev_sample-003005.npy,..\dataset\mfcc_spec\cv-valid-dev_sample-003005.png,..\dataset\mel_num\cv-valid-dev_sample-003005.npy,..\dataset\mel_spec\cv-valid-dev_sample-003005.png,..\dataset\mfcc_num_eq\cv-valid-dev_sample-003005_eq.npy,..\dataset\mel_num_eq\cv-valid-dev_sample-003005_eq.npy
cv-valid-dev/sample-003007.mp3,1,0,11,..\dataset\mfcc_num\cv-valid-dev_sample-003007.npy,..\dataset\mfcc_spec\cv-valid-dev_sample-003007.png,..\dataset\mel_num\cv-valid-dev_sample-003007.npy,..\dataset\mel_spec\cv-valid-dev_sample-003007.png,..\dataset\mfcc_num_eq\cv-valid-dev_sample-003007_eq.npy,..\dataset\mel_num_eq\cv-valid-dev_sample-003007_eq.npy
cv-valid-dev/sample-003008.mp3,1,1,14,..\dataset\mfcc_num\cv-valid-dev_sample-003008.npy,..\dataset\mfcc_spec\cv-valid-dev_sample-003008.png,..\dataset\mel_num\cv-valid-dev_sample-003008.npy,..\dataset\mel_spec\cv-valid-dev_sample-003008.png,..\dataset\mfcc_num_eq\cv-valid-dev_sample-003008_eq.npy,..\dataset\mel_num_eq\cv-valid-dev_sample-003008_eq.npy
cv-valid-dev/sample-003013.mp3,7,1,14,..\dataset\mfcc_num\cv-valid-dev_sample-003013.npy,..\dataset\mfcc_spec\cv-valid-dev_sample-003013.png,..\dataset\mel_num\cv-valid-dev_sample-003013.npy,..\dataset\mel_spec\cv-valid-dev_sample-003013.png,..\dataset\mfcc_num_eq\cv-valid-dev_sample-003013_eq.npy,..\dataset\mel_num_eq\cv-valid-dev_sample-003013_eq.npy
cv-valid-dev/sample-003019.mp3,7,1,14,..\dataset\mfcc_num\cv-valid-dev_sample-003019.npy,..\dataset\mfcc_spec\cv-valid-dev_sample-003019.png,..\dataset\mel_num\cv-valid-dev_sample-003019.npy,..\dataset\mel_spec\cv-valid-dev_sample-003019.png,..\dataset\mfcc_num_eq\cv-valid-dev_sample-003019_eq.npy,..\dataset\mel_num_eq\cv-valid-dev_sample-003019_eq.npy
cv-valid-dev/sample-003023.mp3,5,1,4,..\dataset\mfcc_num\cv-valid-dev_sample-003023.npy,..\dataset\mfcc_spec\cv-valid-dev_sample-003023.png,..\dataset\mel_num\cv-valid-dev_sample-003023.npy,..\dataset\mel_spec\cv-valid-dev_sample-003023.png,..\dataset\mfcc_num_eq\cv-valid-dev_sample-003023_eq.npy,..\dataset\mel_num_eq\cv-valid-dev_sample-003023_eq.npy
cv-valid-dev/sample-003026.mp3,6,1,1,..\dataset\mfcc_num\cv-valid-dev_sample-003026.npy,..\dataset\mfcc_spec\cv-valid-dev_sample-003026.png,..\dataset\mel_num\cv-valid-dev_sample-003026.npy,..\dataset\mel_spec\cv-valid-dev_sample-003026.png,..\dataset\mfcc_num_eq\cv-valid-dev_sample-003026_eq.npy,..\dataset\mel_num_eq\cv-valid-dev_sample-003026_eq.npy
cv-valid-dev/sample-003029.mp3,6,0,14,..\dataset\mfcc_num\cv-valid-dev_sample-003029.npy,..\dataset\mfcc_spec\cv-valid-dev_sample-003029.png,..\dataset\mel_num\cv-valid-dev_sample-003029.npy,..\dataset\mel_spec\cv-valid-dev_sample-003029.png,..\dataset\mfcc_num_eq\cv-valid-dev_sample-003029_eq.npy,..\dataset\mel_num_eq\cv-valid-dev_sample-003029_eq.npy
cv-valid-dev/sample-003030.mp3,4,1,4,..\dataset\mfcc_num\cv-valid-dev_sample-003030.npy,..\dataset\mfcc_spec\cv-valid-dev_sample-003030.png,..\dataset\mel_num\cv-valid-dev_sample-003030.npy,..\dataset\mel_spec\cv-valid-dev_sample-003030.png,..\dataset\mfcc_num_eq\cv-valid-dev_sample-003030_eq.npy,..\dataset\mel_num_eq\cv-valid-dev_sample-003030_eq.npy
cv-valid-dev/sample-003031.mp3,1,1,1,..\dataset\mfcc_num\cv-valid-dev_sample-003031.npy,..\dataset\mfcc_spec\cv-valid-dev_sample-003031.png,..\dataset\mel_num\cv-valid-dev_sample-003031.npy,..\dataset\mel_spec\cv-valid-dev_sample-003031.png,..\dataset\mfcc_num_eq\cv-valid-dev_sample-003031_eq.npy,..\dataset\mel_num_eq\cv-valid-dev_sample-003031_eq.npy
cv-valid-dev/sample-003033.mp3,4,0,14,..\dataset\mfcc_num\cv-valid-dev_sample-003033.npy,..\dataset\mfcc_spec\cv-valid-dev_sample-003033.png,..\dataset\mel_num\cv-valid-dev_sample-003033.npy,..\dataset\mel_spec\cv-valid-dev_sample-003033.png,..\dataset\mfcc_num_eq\cv-valid-dev_sample-003033_eq.npy,..\dataset\mel_num_eq\cv-valid-dev_sample-003033_eq.npy
cv-valid-dev/sample-003034.mp3,1,1,4,..\dataset\mfcc_num\cv-valid-dev_sample-003034.npy,..\dataset\mfcc_spec\cv-valid-dev_sample-003034.png,..\dataset\mel_num\cv-valid-dev_sample-003034.npy,..\dataset\mel_spec\cv-valid-dev_sample-003034.png,..\dataset\mfcc_num_eq\cv-valid-dev_sample-003034_eq.npy,..\dataset\mel_num_eq\cv-valid-dev_sample-003034_eq.npy
cv-valid-dev/sample-003036.mp3,0,1,1,..\dataset\mfcc_num\cv-valid-dev_sample-003036.npy,..\dataset\mfcc_spec\cv-valid-dev_sample-003036.png,..\dataset\mel_num\cv-valid-dev_sample-003036.npy,..\dataset\mel_spec\cv-valid-dev_sample-003036.png,..\dataset\mfcc_num_eq\cv-valid-dev_sample-003036_eq.npy,..\dataset\mel_num_eq\cv-valid-dev_sample-003036_eq.npy
cv-valid-dev/sample-003039.mp3,5,1,4,..\dataset\mfcc_num\cv-valid-dev_sample-003039.npy,..\dataset\mfcc_spec\cv-valid-dev_sample-003039.png,..\dataset\mel_num\cv-valid-dev_sample-003039.npy,..\dataset\mel_spec\cv-valid-dev_sample-003039.png,..\dataset\mfcc_num_eq\cv-valid-dev_sample-003039_eq.npy,..\dataset\mel_num_eq\cv-valid-dev_sample-003039_eq.npy
cv-valid-dev/sample-003042.mp3,7,1,14,..\dataset\mfcc_num\cv-valid-dev_sample-003042.npy,..\dataset\mfcc_spec\cv-valid-dev_sample-003042.png,..\dataset\mel_num\cv-valid-dev_sample-003042.npy,..\dataset\mel_spec\cv-valid-dev_sample-003042.png,..\dataset\mfcc_num_eq\cv-valid-dev_sample-003042_eq.npy,..\dataset\mel_num_eq\cv-valid-dev_sample-003042_eq.npy
cv-valid-dev/sample-003054.mp3,6,1,9,..\dataset\mfcc_num\cv-valid-dev_sample-003054.npy,..\dataset\mfcc_spec\cv-valid-dev_sample-003054.png,..\dataset\mel_num\cv-valid-dev_sample-003054.npy,..\dataset\mel_spec\cv-valid-dev_sample-003054.png,..\dataset\mfcc_num_eq\cv-valid-dev_sample-003054_eq.npy,..\dataset\mel_num_eq\cv-valid-dev_sample-003054_eq.npy
cv-valid-dev/sample-003055.mp3,6,1,14,..\dataset\mfcc_num\cv-valid-dev_sample-003055.npy,..\dataset\mfcc_spec\cv-valid-dev_sample-003055.png,..\dataset\mel_num\cv-valid-dev_sample-003055.npy,..\dataset\mel_spec\cv-valid-dev_sample-003055.png,..\dataset\mfcc_num_eq\cv-valid-dev_sample-003055_eq.npy,..\dataset\mel_num_eq\cv-valid-dev_sample-003055_eq.npy
cv-valid-dev/sample-003058.mp3,7,0,14,..\dataset\mfcc_num\cv-valid-dev_sample-003058.npy,..\dataset\mfcc_spec\cv-valid-dev_sample-003058.png,..\dataset\mel_num\cv-valid-dev_sample-003058.npy,..\dataset\mel_spec\cv-valid-dev_sample-003058.png,..\dataset\mfcc_num_eq\cv-valid-dev_sample-003058_eq.npy,..\dataset\mel_num_eq\cv-valid-dev_sample-003058_eq.npy
cv-valid-dev/sample-003060.mp3,6,1,4,..\dataset\mfcc_num\cv-valid-dev_sample-003060.npy,..\dataset\mfcc_spec\cv-valid-dev_sample-003060.png,..\dataset\mel_num\cv-valid-dev_sample-003060.npy,..\dataset\mel_spec\cv-valid-dev_sample-003060.png,..\dataset\mfcc_num_eq\cv-valid-dev_sample-003060_eq.npy,..\dataset\mel_num_eq\cv-valid-dev_sample-003060_eq.npy
cv-valid-dev/sample-003061.mp3,5,1,8,..\dataset\mfcc_num\cv-valid-dev_sample-003061.npy,..\dataset\mfcc_spec\cv-valid-dev_sample-003061.png,..\dataset\mel_num\cv-valid-dev_sample-003061.npy,..\dataset\mel_spec\cv-valid-dev_sample-003061.png,..\dataset\mfcc_num_eq\cv-valid-dev_sample-003061_eq.npy,..\dataset\mel_num_eq\cv-valid-dev_sample-003061_eq.npy
cv-valid-dev/sample-003062.mp3,2,1,14,..\dataset\mfcc_num\cv-valid-dev_sample-003062.npy,..\dataset\mfcc_spec\cv-valid-dev_sample-003062.png,..\dataset\mel_num\cv-valid-dev_sample-003062.npy,..\dataset\mel_spec\cv-valid-dev_sample-003062.png,..\dataset\mfcc_num_eq\cv-valid-dev_sample-003062_eq.npy,..\dataset\mel_num_eq\cv-valid-dev_sample-003062_eq.npy
cv-valid-dev/sample-003063.mp3,1,0,1,..\dataset\mfcc_num\cv-valid-dev_sample-003063.npy,..\dataset\mfcc_spec\cv-valid-dev_sample-003063.png,..\dataset\mel_num\cv-valid-dev_sample-003063.npy,..\dataset\mel_spec\cv-valid-dev_sample-003063.png,..\dataset\mfcc_num_eq\cv-valid-dev_sample-003063_eq.npy,..\dataset\mel_num_eq\cv-valid-dev_sample-003063_eq.npy
cv-valid-dev/sample-003064.mp3,7,1,6,..\dataset\mfcc_num\cv-valid-dev_sample-003064.npy,..\dataset\mfcc_spec\cv-valid-dev_sample-003064.png,..\dataset\mel_num\cv-valid-dev_sample-003064.npy,..\dataset\mel_spec\cv-valid-dev_sample-003064.png,..\dataset\mfcc_num_eq\cv-valid-dev_sample-003064_eq.npy,..\dataset\mel_num_eq\cv-valid-dev_sample-003064_eq.npy
cv-valid-dev/sample-003066.mp3,2,1,14,..\dataset\mfcc_num\cv-valid-dev_sample-003066.npy,..\dataset\mfcc_spec\cv-valid-dev_sample-003066.png,..\dataset\mel_num\cv-valid-dev_sample-003066.npy,..\dataset\mel_spec\cv-valid-dev_sample-003066.png,..\dataset\mfcc_num_eq\cv-valid-dev_sample-003066_eq.npy,..\dataset\mel_num_eq\cv-valid-dev_sample-003066_eq.npy
cv-valid-dev/sample-003068.mp3,5,0,4,..\dataset\mfcc_num\cv-valid-dev_sample-003068.npy,..\dataset\mfcc_spec\cv-valid-dev_sample-003068.png,..\dataset\mel_num\cv-valid-dev_sample-003068.npy,..\dataset\mel_spec\cv-valid-dev_sample-003068.png,..\dataset\mfcc_num_eq\cv-valid-dev_sample-003068_eq.npy,..\dataset\mel_num_eq\cv-valid-dev_sample-003068_eq.npy
cv-valid-dev/sample-003069.mp3,1,1,11,..\dataset\mfcc_num\cv-valid-dev_sample-003069.npy,..\dataset\mfcc_spec\cv-valid-dev_sample-003069.png,..\dataset\mel_num\cv-valid-dev_sample-003069.npy,..\dataset\mel_spec\cv-valid-dev_sample-003069.png,..\dataset\mfcc_num_eq\cv-valid-dev_sample-003069_eq.npy,..\dataset\mel_num_eq\cv-valid-dev_sample-003069_eq.npy
cv-valid-dev/sample-003073.mp3,2,1,14,..\dataset\mfcc_num\cv-valid-dev_sample-003073.npy,..\dataset\mfcc_spec\cv-valid-dev_sample-003073.png,..\dataset\mel_num\cv-valid-dev_sample-003073.npy,..\dataset\mel_spec\cv-valid-dev_sample-003073.png,..\dataset\mfcc_num_eq\cv-valid-dev_sample-003073_eq.npy,..\dataset\mel_num_eq\cv-valid-dev_sample-003073_eq.npy
cv-valid-dev/sample-003082.mp3,4,0,4,..\dataset\mfcc_num\cv-valid-dev_sample-003082.npy,..\dataset\mfcc_spec\cv-valid-dev_sample-003082.png,..\dataset\mel_num\cv-valid-dev_sample-003082.npy,..\dataset\mel_spec\cv-valid-dev_sample-003082.png,..\dataset\mfcc_num_eq\cv-valid-dev_sample-003082_eq.npy,..\dataset\mel_num_eq\cv-valid-dev_sample-003082_eq.npy
cv-valid-dev/sample-003086.mp3,2,0,4,..\dataset\mfcc_num\cv-valid-dev_sample-003086.npy,..\dataset\mfcc_spec\cv-valid-dev_sample-003086.png,..\dataset\mel_num\cv-valid-dev_sample-003086.npy,..\dataset\mel_spec\cv-valid-dev_sample-003086.png,..\dataset\mfcc_num_eq\cv-valid-dev_sample-003086_eq.npy,..\dataset\mel_num_eq\cv-valid-dev_sample-003086_eq.npy
cv-valid-dev/sample-003087.mp3,1,0,6,..\dataset\mfcc_num\cv-valid-dev_sample-003087.npy,..\dataset\mfcc_spec\cv-valid-dev_sample-003087.png,..\dataset\mel_num\cv-valid-dev_sample-003087.npy,..\dataset\mel_spec\cv-valid-dev_sample-003087.png,..\dataset\mfcc_num_eq\cv-valid-dev_sample-003087_eq.npy,..\dataset\mel_num_eq\cv-valid-dev_sample-003087_eq.npy
cv-valid-dev/sample-003097.mp3,2,1,4,..\dataset\mfcc_num\cv-valid-dev_sample-003097.npy,..\dataset\mfcc_spec\cv-valid-dev_sample-003097.png,..\dataset\mel_num\cv-valid-dev_sample-003097.npy,..\dataset\mel_spec\cv-valid-dev_sample-003097.png,..\dataset\mfcc_num_eq\cv-valid-dev_sample-003097_eq.npy,..\dataset\mel_num_eq\cv-valid-dev_sample-003097_eq.npy
cv-valid-dev/sample-003102.mp3,5,0,3,..\dataset\mfcc_num\cv-valid-dev_sample-003102.npy,..\dataset\mfcc_spec\cv-valid-dev_sample-003102.png,..\dataset\mel_num\cv-valid-dev_sample-003102.npy,..\dataset\mel_spec\cv-valid-dev_sample-003102.png,..\dataset\mfcc_num_eq\cv-valid-dev_sample-003102_eq.npy,..\dataset\mel_num_eq\cv-valid-dev_sample-003102_eq.npy
cv-valid-dev/sample-003103.mp3,2,0,14,..\dataset\mfcc_num\cv-valid-dev_sample-003103.npy,..\dataset\mfcc_spec\cv-valid-dev_sample-003103.png,..\dataset\mel_num\cv-valid-dev_sample-003103.npy,..\dataset\mel_spec\cv-valid-dev_sample-003103.png,..\dataset\mfcc_num_eq\cv-valid-dev_sample-003103_eq.npy,..\dataset\mel_num_eq\cv-valid-dev_sample-003103_eq.npy
cv-valid-dev/sample-003104.mp3,4,0,14,..\dataset\mfcc_num\cv-valid-dev_sample-003104.npy,..\dataset\mfcc_spec\cv-valid-dev_sample-003104.png,..\dataset\mel_num\cv-valid-dev_sample-003104.npy,..\dataset\mel_spec\cv-valid-dev_sample-003104.png,..\dataset\mfcc_num_eq\cv-valid-dev_sample-003104_eq.npy,..\dataset\mel_num_eq\cv-valid-dev_sample-003104_eq.npy
cv-valid-dev/sample-003106.mp3,7,1,4,..\dataset\mfcc_num\cv-valid-dev_sample-003106.npy,..\dataset\mfcc_spec\cv-valid-dev_sample-003106.png,..\dataset\mel_num\cv-valid-dev_sample-003106.npy,..\dataset\mel_spec\cv-valid-dev_sample-003106.png,..\dataset\mfcc_num_eq\cv-valid-dev_sample-003106_eq.npy,..\dataset\mel_num_eq\cv-valid-dev_sample-003106_eq.npy
cv-valid-dev/sample-003107.mp3,7,1,14,..\dataset\mfcc_num\cv-valid-dev_sample-003107.npy,..\dataset\mfcc_spec\cv-valid-dev_sample-003107.png,..\dataset\mel_num\cv-valid-dev_sample-003107.npy,..\dataset\mel_spec\cv-valid-dev_sample-003107.png,..\dataset\mfcc_num_eq\cv-valid-dev_sample-003107_eq.npy,..\dataset\mel_num_eq\cv-valid-dev_sample-003107_eq.npy
cv-valid-dev/sample-003108.mp3,7,1,4,..\dataset\mfcc_num\cv-valid-dev_sample-003108.npy,..\dataset\mfcc_spec\cv-valid-dev_sample-003108.png,..\dataset\mel_num\cv-valid-dev_sample-003108.npy,..\dataset\mel_spec\cv-valid-dev_sample-003108.png,..\dataset\mfcc_num_eq\cv-valid-dev_sample-003108_eq.npy,..\dataset\mel_num_eq\cv-valid-dev_sample-003108_eq.npy
cv-valid-dev/sample-003111.mp3,4,1,4,..\dataset\mfcc_num\cv-valid-dev_sample-003111.npy,..\dataset\mfcc_spec\cv-valid-dev_sample-003111.png,..\dataset\mel_num\cv-valid-dev_sample-003111.npy,..\dataset\mel_spec\cv-valid-dev_sample-003111.png,..\dataset\mfcc_num_eq\cv-valid-dev_sample-003111_eq.npy,..\dataset\mel_num_eq\cv-valid-dev_sample-003111_eq.npy
cv-valid-dev/sample-003112.mp3,7,1,4,..\dataset\mfcc_num\cv-valid-dev_sample-003112.npy,..\dataset\mfcc_spec\cv-valid-dev_sample-003112.png,..\dataset\mel_num\cv-valid-dev_sample-003112.npy,..\dataset\mel_spec\cv-valid-dev_sample-003112.png,..\dataset\mfcc_num_eq\cv-valid-dev_sample-003112_eq.npy,..\dataset\mel_num_eq\cv-valid-dev_sample-003112_eq.npy
cv-valid-dev/sample-003117.mp3,2,0,4,..\dataset\mfcc_num\cv-valid-dev_sample-003117.npy,..\dataset\mfcc_spec\cv-valid-dev_sample-003117.png,..\dataset\mel_num\cv-valid-dev_sample-003117.npy,..\dataset\mel_spec\cv-valid-dev_sample-003117.png,..\dataset\mfcc_num_eq\cv-valid-dev_sample-003117_eq.npy,..\dataset\mel_num_eq\cv-valid-dev_sample-003117_eq.npy
cv-valid-dev/sample-003119.mp3,1,1,14,..\dataset\mfcc_num\cv-valid-dev_sample-003119.npy,..\dataset\mfcc_spec\cv-valid-dev_sample-003119.png,..\dataset\mel_num\cv-valid-dev_sample-003119.npy,..\dataset\mel_spec\cv-valid-dev_sample-003119.png,..\dataset\mfcc_num_eq\cv-valid-dev_sample-003119_eq.npy,..\dataset\mel_num_eq\cv-valid-dev_sample-003119_eq.npy
cv-valid-dev/sample-003120.mp3,7,1,6,..\dataset\mfcc_num\cv-valid-dev_sample-003120.npy,..\dataset\mfcc_spec\cv-valid-dev_sample-003120.png,..\dataset\mel_num\cv-valid-dev_sample-003120.npy,..\dataset\mel_spec\cv-valid-dev_sample-003120.png,..\dataset\mfcc_num_eq\cv-valid-dev_sample-003120_eq.npy,..\dataset\mel_num_eq\cv-valid-dev_sample-003120_eq.npy
cv-valid-dev/sample-003121.mp3,7,1,14,..\dataset\mfcc_num\cv-valid-dev_sample-003121.npy,..\dataset\mfcc_spec\cv-valid-dev_sample-003121.png,..\dataset\mel_num\cv-valid-dev_sample-003121.npy,..\dataset\mel_spec\cv-valid-dev_sample-003121.png,..\dataset\mfcc_num_eq\cv-valid-dev_sample-003121_eq.npy,..\dataset\mel_num_eq\cv-valid-dev_sample-003121_eq.npy
cv-valid-dev/sample-003125.mp3,7,1,4,..\dataset\mfcc_num\cv-valid-dev_sample-003125.npy,..\dataset\mfcc_spec\cv-valid-dev_sample-003125.png,..\dataset\mel_num\cv-valid-dev_sample-003125.npy,..\dataset\mel_spec\cv-valid-dev_sample-003125.png,..\dataset\mfcc_num_eq\cv-valid-dev_sample-003125_eq.npy,..\dataset\mel_num_eq\cv-valid-dev_sample-003125_eq.npy
cv-valid-dev/sample-003127.mp3,6,1,4,..\dataset\mfcc_num\cv-valid-dev_sample-003127.npy,..\dataset\mfcc_spec\cv-valid-dev_sample-003127.png,..\dataset\mel_num\cv-valid-dev_sample-003127.npy,..\dataset\mel_spec\cv-valid-dev_sample-003127.png,..\dataset\mfcc_num_eq\cv-valid-dev_sample-003127_eq.npy,..\dataset\mel_num_eq\cv-valid-dev_sample-003127_eq.npy
cv-valid-dev/sample-003128.mp3,2,1,14,..\dataset\mfcc_num\cv-valid-dev_sample-003128.npy,..\dataset\mfcc_spec\cv-valid-dev_sample-003128.png,..\dataset\mel_num\cv-valid-dev_sample-003128.npy,..\dataset\mel_spec\cv-valid-dev_sample-003128.png,..\dataset\mfcc_num_eq\cv-valid-dev_sample-003128_eq.npy,..\dataset\mel_num_eq\cv-valid-dev_sample-003128_eq.npy
cv-valid-dev/sample-003131.mp3,2,1,0,..\dataset\mfcc_num\cv-valid-dev_sample-003131.npy,..\dataset\mfcc_spec\cv-valid-dev_sample-003131.png,..\dataset\mel_num\cv-valid-dev_sample-003131.npy,..\dataset\mel_spec\cv-valid-dev_sample-003131.png,..\dataset\mfcc_num_eq\cv-valid-dev_sample-003131_eq.npy,..\dataset\mel_num_eq\cv-valid-dev_sample-003131_eq.npy
cv-valid-dev/sample-003132.mp3,7,1,14,..\dataset\mfcc_num\cv-valid-dev_sample-003132.npy,..\dataset\mfcc_spec\cv-valid-dev_sample-003132.png,..\dataset\mel_num\cv-valid-dev_sample-003132.npy,..\dataset\mel_spec\cv-valid-dev_sample-003132.png,..\dataset\mfcc_num_eq\cv-valid-dev_sample-003132_eq.npy,..\dataset\mel_num_eq\cv-valid-dev_sample-003132_eq.npy
cv-valid-dev/sample-003134.mp3,3,1,1,..\dataset\mfcc_num\cv-valid-dev_sample-003134.npy,..\dataset\mfcc_spec\cv-valid-dev_sample-003134.png,..\dataset\mel_num\cv-valid-dev_sample-003134.npy,..\dataset\mel_spec\cv-valid-dev_sample-003134.png,..\dataset\mfcc_num_eq\cv-valid-dev_sample-003134_eq.npy,..\dataset\mel_num_eq\cv-valid-dev_sample-003134_eq.npy
cv-valid-dev/sample-003136.mp3,1,0,1,..\dataset\mfcc_num\cv-valid-dev_sample-003136.npy,..\dataset\mfcc_spec\cv-valid-dev_sample-003136.png,..\dataset\mel_num\cv-valid-dev_sample-003136.npy,..\dataset\mel_spec\cv-valid-dev_sample-003136.png,..\dataset\mfcc_num_eq\cv-valid-dev_sample-003136_eq.npy,..\dataset\mel_num_eq\cv-valid-dev_sample-003136_eq.npy
cv-valid-dev/sample-003139.mp3,5,0,4,..\dataset\mfcc_num\cv-valid-dev_sample-003139.npy,..\dataset\mfcc_spec\cv-valid-dev_sample-003139.png,..\dataset\mel_num\cv-valid-dev_sample-003139.npy,..\dataset\mel_spec\cv-valid-dev_sample-003139.png,..\dataset\mfcc_num_eq\cv-valid-dev_sample-003139_eq.npy,..\dataset\mel_num_eq\cv-valid-dev_sample-003139_eq.npy
cv-valid-dev/sample-003141.mp3,6,1,4,..\dataset\mfcc_num\cv-valid-dev_sample-003141.npy,..\dataset\mfcc_spec\cv-valid-dev_sample-003141.png,..\dataset\mel_num\cv-valid-dev_sample-003141.npy,..\dataset\mel_spec\cv-valid-dev_sample-003141.png,..\dataset\mfcc_num_eq\cv-valid-dev_sample-003141_eq.npy,..\dataset\mel_num_eq\cv-valid-dev_sample-003141_eq.npy
cv-valid-dev/sample-003143.mp3,6,1,14,..\dataset\mfcc_num\cv-valid-dev_sample-003143.npy,..\dataset\mfcc_spec\cv-valid-dev_sample-003143.png,..\dataset\mel_num\cv-valid-dev_sample-003143.npy,..\dataset\mel_spec\cv-valid-dev_sample-003143.png,..\dataset\mfcc_num_eq\cv-valid-dev_sample-003143_eq.npy,..\dataset\mel_num_eq\cv-valid-dev_sample-003143_eq.npy
cv-valid-dev/sample-003144.mp3,6,1,4,..\dataset\mfcc_num\cv-valid-dev_sample-003144.npy,..\dataset\mfcc_spec\cv-valid-dev_sample-003144.png,..\dataset\mel_num\cv-valid-dev_sample-003144.npy,..\dataset\mel_spec\cv-valid-dev_sample-003144.png,..\dataset\mfcc_num_eq\cv-valid-dev_sample-003144_eq.npy,..\dataset\mel_num_eq\cv-valid-dev_sample-003144_eq.npy
cv-valid-dev/sample-003146.mp3,1,0,14,..\dataset\mfcc_num\cv-valid-dev_sample-003146.npy,..\dataset\mfcc_spec\cv-valid-dev_sample-003146.png,..\dataset\mel_num\cv-valid-dev_sample-003146.npy,..\dataset\mel_spec\cv-valid-dev_sample-003146.png,..\dataset\mfcc_num_eq\cv-valid-dev_sample-003146_eq.npy,..\dataset\mel_num_eq\cv-valid-dev_sample-003146_eq.npy
cv-valid-dev/sample-003152.mp3,4,0,0,..\dataset\mfcc_num\cv-valid-dev_sample-003152.npy,..\dataset\mfcc_spec\cv-valid-dev_sample-003152.png,..\dataset\mel_num\cv-valid-dev_sample-003152.npy,..\dataset\mel_spec\cv-valid-dev_sample-003152.png,..\dataset\mfcc_num_eq\cv-valid-dev_sample-003152_eq.npy,..\dataset\mel_num_eq\cv-valid-dev_sample-003152_eq.npy
cv-valid-dev/sample-003153.mp3,7,1,6,..\dataset\mfcc_num\cv-valid-dev_sample-003153.npy,..\dataset\mfcc_spec\cv-valid-dev_sample-003153.png,..\dataset\mel_num\cv-valid-dev_sample-003153.npy,..\dataset\mel_spec\cv-valid-dev_sample-003153.png,..\dataset\mfcc_num_eq\cv-valid-dev_sample-003153_eq.npy,..\dataset\mel_num_eq\cv-valid-dev_sample-003153_eq.npy
cv-valid-dev/sample-003156.mp3,7,1,14,..\dataset\mfcc_num\cv-valid-dev_sample-003156.npy,..\dataset\mfcc_spec\cv-valid-dev_sample-003156.png,..\dataset\mel_num\cv-valid-dev_sample-003156.npy,..\dataset\mel_spec\cv-valid-dev_sample-003156.png,..\dataset\mfcc_num_eq\cv-valid-dev_sample-003156_eq.npy,..\dataset\mel_num_eq\cv-valid-dev_sample-003156_eq.npy
cv-valid-dev/sample-003159.mp3,2,0,14,..\dataset\mfcc_num\cv-valid-dev_sample-003159.npy,..\dataset\mfcc_spec\cv-valid-dev_sample-003159.png,..\dataset\mel_num\cv-valid-dev_sample-003159.npy,..\dataset\mel_spec\cv-valid-dev_sample-003159.png,..\dataset\mfcc_num_eq\cv-valid-dev_sample-003159_eq.npy,..\dataset\mel_num_eq\cv-valid-dev_sample-003159_eq.npy
cv-valid-dev/sample-003170.mp3,2,1,14,..\dataset\mfcc_num\cv-valid-dev_sample-003170.npy,..\dataset\mfcc_spec\cv-valid-dev_sample-003170.png,..\dataset\mel_num\cv-valid-dev_sample-003170.npy,..\dataset\mel_spec\cv-valid-dev_sample-003170.png,..\dataset\mfcc_num_eq\cv-valid-dev_sample-003170_eq.npy,..\dataset\mel_num_eq\cv-valid-dev_sample-003170_eq.npy
cv-valid-dev/sample-003173.mp3,2,0,14,..\dataset\mfcc_num\cv-valid-dev_sample-003173.npy,..\dataset\mfcc_spec\cv-valid-dev_sample-003173.png,..\dataset\mel_num\cv-valid-dev_sample-003173.npy,..\dataset\mel_spec\cv-valid-dev_sample-003173.png,..\dataset\mfcc_num_eq\cv-valid-dev_sample-003173_eq.npy,..\dataset\mel_num_eq\cv-valid-dev_sample-003173_eq.npy
cv-valid-dev/sample-003177.mp3,2,1,14,..\dataset\mfcc_num\cv-valid-dev_sample-003177.npy,..\dataset\mfcc_spec\cv-valid-dev_sample-003177.png,..\dataset\mel_num\cv-valid-dev_sample-003177.npy,..\dataset\mel_spec\cv-valid-dev_sample-003177.png,..\dataset\mfcc_num_eq\cv-valid-dev_sample-003177_eq.npy,..\dataset\mel_num_eq\cv-valid-dev_sample-003177_eq.npy
cv-valid-dev/sample-003180.mp3,7,1,14,..\dataset\mfcc_num\cv-valid-dev_sample-003180.npy,..\dataset\mfcc_spec\cv-valid-dev_sample-003180.png,..\dataset\mel_num\cv-valid-dev_sample-003180.npy,..\dataset\mel_spec\cv-valid-dev_sample-003180.png,..\dataset\mfcc_num_eq\cv-valid-dev_sample-003180_eq.npy,..\dataset\mel_num_eq\cv-valid-dev_sample-003180_eq.npy
cv-valid-dev/sample-003182.mp3,4,0,14,..\dataset\mfcc_num\cv-valid-dev_sample-003182.npy,..\dataset\mfcc_spec\cv-valid-dev_sample-003182.png,..\dataset\mel_num\cv-valid-dev_sample-003182.npy,..\dataset\mel_spec\cv-valid-dev_sample-003182.png,..\dataset\mfcc_num_eq\cv-valid-dev_sample-003182_eq.npy,..\dataset\mel_num_eq\cv-valid-dev_sample-003182_eq.npy
cv-valid-dev/sample-003185.mp3,7,1,6,..\dataset\mfcc_num\cv-valid-dev_sample-003185.npy,..\dataset\mfcc_spec\cv-valid-dev_sample-003185.png,..\dataset\mel_num\cv-valid-dev_sample-003185.npy,..\dataset\mel_spec\cv-valid-dev_sample-003185.png,..\dataset\mfcc_num_eq\cv-valid-dev_sample-003185_eq.npy,..\dataset\mel_num_eq\cv-valid-dev_sample-003185_eq.npy
cv-valid-dev/sample-003188.mp3,2,0,3,..\dataset\mfcc_num\cv-valid-dev_sample-003188.npy,..\dataset\mfcc_spec\cv-valid-dev_sample-003188.png,..\dataset\mel_num\cv-valid-dev_sample-003188.npy,..\dataset\mel_spec\cv-valid-dev_sample-003188.png,..\dataset\mfcc_num_eq\cv-valid-dev_sample-003188_eq.npy,..\dataset\mel_num_eq\cv-valid-dev_sample-003188_eq.npy
cv-valid-dev/sample-003190.mp3,2,1,14,..\dataset\mfcc_num\cv-valid-dev_sample-003190.npy,..\dataset\mfcc_spec\cv-valid-dev_sample-003190.png,..\dataset\mel_num\cv-valid-dev_sample-003190.npy,..\dataset\mel_spec\cv-valid-dev_sample-003190.png,..\dataset\mfcc_num_eq\cv-valid-dev_sample-003190_eq.npy,..\dataset\mel_num_eq\cv-valid-dev_sample-003190_eq.npy
cv-valid-dev/sample-003192.mp3,5,0,14,..\dataset\mfcc_num\cv-valid-dev_sample-003192.npy,..\dataset\mfcc_spec\cv-valid-dev_sample-003192.png,..\dataset\mel_num\cv-valid-dev_sample-003192.npy,..\dataset\mel_spec\cv-valid-dev_sample-003192.png,..\dataset\mfcc_num_eq\cv-valid-dev_sample-003192_eq.npy,..\dataset\mel_num_eq\cv-valid-dev_sample-003192_eq.npy
cv-valid-dev/sample-003193.mp3,2,1,4,..\dataset\mfcc_num\cv-valid-dev_sample-003193.npy,..\dataset\mfcc_spec\cv-valid-dev_sample-003193.png,..\dataset\mel_num\cv-valid-dev_sample-003193.npy,..\dataset\mel_spec\cv-valid-dev_sample-003193.png,..\dataset\mfcc_num_eq\cv-valid-dev_sample-003193_eq.npy,..\dataset\mel_num_eq\cv-valid-dev_sample-003193_eq.npy
cv-valid-dev/sample-003195.mp3,5,0,14,..\dataset\mfcc_num\cv-valid-dev_sample-003195.npy,..\dataset\mfcc_spec\cv-valid-dev_sample-003195.png,..\dataset\mel_num\cv-valid-dev_sample-003195.npy,..\dataset\mel_spec\cv-valid-dev_sample-003195.png,..\dataset\mfcc_num_eq\cv-valid-dev_sample-003195_eq.npy,..\dataset\mel_num_eq\cv-valid-dev_sample-003195_eq.npy
cv-valid-dev/sample-003199.mp3,1,1,14,..\dataset\mfcc_num\cv-valid-dev_sample-003199.npy,..\dataset\mfcc_spec\cv-valid-dev_sample-003199.png,..\dataset\mel_num\cv-valid-dev_sample-003199.npy,..\dataset\mel_spec\cv-valid-dev_sample-003199.png,..\dataset\mfcc_num_eq\cv-valid-dev_sample-003199_eq.npy,..\dataset\mel_num_eq\cv-valid-dev_sample-003199_eq.npy
cv-valid-dev/sample-003212.mp3,1,1,14,..\dataset\mfcc_num\cv-valid-dev_sample-003212.npy,..\dataset\mfcc_spec\cv-valid-dev_sample-003212.png,..\dataset\mel_num\cv-valid-dev_sample-003212.npy,..\dataset\mel_spec\cv-valid-dev_sample-003212.png,..\dataset\mfcc_num_eq\cv-valid-dev_sample-003212_eq.npy,..\dataset\mel_num_eq\cv-valid-dev_sample-003212_eq.npy
cv-valid-dev/sample-003218.mp3,6,1,14,..\dataset\mfcc_num\cv-valid-dev_sample-003218.npy,..\dataset\mfcc_spec\cv-valid-dev_sample-003218.png,..\dataset\mel_num\cv-valid-dev_sample-003218.npy,..\dataset\mel_spec\cv-valid-dev_sample-003218.png,..\dataset\mfcc_num_eq\cv-valid-dev_sample-003218_eq.npy,..\dataset\mel_num_eq\cv-valid-dev_sample-003218_eq.npy
cv-valid-dev/sample-003222.mp3,2,1,9,..\dataset\mfcc_num\cv-valid-dev_sample-003222.npy,..\dataset\mfcc_spec\cv-valid-dev_sample-003222.png,..\dataset\mel_num\cv-valid-dev_sample-003222.npy,..\dataset\mel_spec\cv-valid-dev_sample-003222.png,..\dataset\mfcc_num_eq\cv-valid-dev_sample-003222_eq.npy,..\dataset\mel_num_eq\cv-valid-dev_sample-003222_eq.npy
cv-valid-dev/sample-003225.mp3,6,0,14,..\dataset\mfcc_num\cv-valid-dev_sample-003225.npy,..\dataset\mfcc_spec\cv-valid-dev_sample-003225.png,..\dataset\mel_num\cv-valid-dev_sample-003225.npy,..\dataset\mel_spec\cv-valid-dev_sample-003225.png,..\dataset\mfcc_num_eq\cv-valid-dev_sample-003225_eq.npy,..\dataset\mel_num_eq\cv-valid-dev_sample-003225_eq.npy
cv-valid-dev/sample-003227.mp3,7,1,6,..\dataset\mfcc_num\cv-valid-dev_sample-003227.npy,..\dataset\mfcc_spec\cv-valid-dev_sample-003227.png,..\dataset\mel_num\cv-valid-dev_sample-003227.npy,..\dataset\mel_spec\cv-valid-dev_sample-003227.png,..\dataset\mfcc_num_eq\cv-valid-dev_sample-003227_eq.npy,..\dataset\mel_num_eq\cv-valid-dev_sample-003227_eq.npy
cv-valid-dev/sample-003232.mp3,6,0,14,..\dataset\mfcc_num\cv-valid-dev_sample-003232.npy,..\dataset\mfcc_spec\cv-valid-dev_sample-003232.png,..\dataset\mel_num\cv-valid-dev_sample-003232.npy,..\dataset\mel_spec\cv-valid-dev_sample-003232.png,..\dataset\mfcc_num_eq\cv-valid-dev_sample-003232_eq.npy,..\dataset\mel_num_eq\cv-valid-dev_sample-003232_eq.npy
cv-valid-dev/sample-003233.mp3,2,1,3,..\dataset\mfcc_num\cv-valid-dev_sample-003233.npy,..\dataset\mfcc_spec\cv-valid-dev_sample-003233.png,..\dataset\mel_num\cv-valid-dev_sample-003233.npy,..\dataset\mel_spec\cv-valid-dev_sample-003233.png,..\dataset\mfcc_num_eq\cv-valid-dev_sample-003233_eq.npy,..\dataset\mel_num_eq\cv-valid-dev_sample-003233_eq.npy
cv-valid-dev/sample-003234.mp3,6,0,4,..\dataset\mfcc_num\cv-valid-dev_sample-003234.npy,..\dataset\mfcc_spec\cv-valid-dev_sample-003234.png,..\dataset\mel_num\cv-valid-dev_sample-003234.npy,..\dataset\mel_spec\cv-valid-dev_sample-003234.png,..\dataset\mfcc_num_eq\cv-valid-dev_sample-003234_eq.npy,..\dataset\mel_num_eq\cv-valid-dev_sample-003234_eq.npy
cv-valid-dev/sample-003237.mp3,1,1,4,..\dataset\mfcc_num\cv-valid-dev_sample-003237.npy,..\dataset\mfcc_spec\cv-valid-dev_sample-003237.png,..\dataset\mel_num\cv-valid-dev_sample-003237.npy,..\dataset\mel_spec\cv-valid-dev_sample-003237.png,..\dataset\mfcc_num_eq\cv-valid-dev_sample-003237_eq.npy,..\dataset\mel_num_eq\cv-valid-dev_sample-003237_eq.npy
cv-valid-dev/sample-003241.mp3,2,1,3,..\dataset\mfcc_num\cv-valid-dev_sample-003241.npy,..\dataset\mfcc_spec\cv-valid-dev_sample-003241.png,..\dataset\mel_num\cv-valid-dev_sample-003241.npy,..\dataset\mel_spec\cv-valid-dev_sample-003241.png,..\dataset\mfcc_num_eq\cv-valid-dev_sample-003241_eq.npy,..\dataset\mel_num_eq\cv-valid-dev_sample-003241_eq.npy
cv-valid-dev/sample-003242.mp3,6,1,4,..\dataset\mfcc_num\cv-valid-dev_sample-003242.npy,..\dataset\mfcc_spec\cv-valid-dev_sample-003242.png,..\dataset\mel_num\cv-valid-dev_sample-003242.npy,..\dataset\mel_spec\cv-valid-dev_sample-003242.png,..\dataset\mfcc_num_eq\cv-valid-dev_sample-003242_eq.npy,..\dataset\mel_num_eq\cv-valid-dev_sample-003242_eq.npy
cv-valid-dev/sample-003246.mp3,5,1,14,..\dataset\mfcc_num\cv-valid-dev_sample-003246.npy,..\dataset\mfcc_spec\cv-valid-dev_sample-003246.png,..\dataset\mel_num\cv-valid-dev_sample-003246.npy,..\dataset\mel_spec\cv-valid-dev_sample-003246.png,..\dataset\mfcc_num_eq\cv-valid-dev_sample-003246_eq.npy,..\dataset\mel_num_eq\cv-valid-dev_sample-003246_eq.npy
cv-valid-dev/sample-003251.mp3,6,1,10,..\dataset\mfcc_num\cv-valid-dev_sample-003251.npy,..\dataset\mfcc_spec\cv-valid-dev_sample-003251.png,..\dataset\mel_num\cv-valid-dev_sample-003251.npy,..\dataset\mel_spec\cv-valid-dev_sample-003251.png,..\dataset\mfcc_num_eq\cv-valid-dev_sample-003251_eq.npy,..\dataset\mel_num_eq\cv-valid-dev_sample-003251_eq.npy
cv-valid-dev/sample-003254.mp3,2,1,4,..\dataset\mfcc_num\cv-valid-dev_sample-003254.npy,..\dataset\mfcc_spec\cv-valid-dev_sample-003254.png,..\dataset\mel_num\cv-valid-dev_sample-003254.npy,..\dataset\mel_spec\cv-valid-dev_sample-003254.png,..\dataset\mfcc_num_eq\cv-valid-dev_sample-003254_eq.npy,..\dataset\mel_num_eq\cv-valid-dev_sample-003254_eq.npy
cv-valid-dev/sample-003258.mp3,2,1,14,..\dataset\mfcc_num\cv-valid-dev_sample-003258.npy,..\dataset\mfcc_spec\cv-valid-dev_sample-003258.png,..\dataset\mel_num\cv-valid-dev_sample-003258.npy,..\dataset\mel_spec\cv-valid-dev_sample-003258.png,..\dataset\mfcc_num_eq\cv-valid-dev_sample-003258_eq.npy,..\dataset\mel_num_eq\cv-valid-dev_sample-003258_eq.npy
cv-valid-dev/sample-003259.mp3,2,1,4,..\dataset\mfcc_num\cv-valid-dev_sample-003259.npy,..\dataset\mfcc_spec\cv-valid-dev_sample-003259.png,..\dataset\mel_num\cv-valid-dev_sample-003259.npy,..\dataset\mel_spec\cv-valid-dev_sample-003259.png,..\dataset\mfcc_num_eq\cv-valid-dev_sample-003259_eq.npy,..\dataset\mel_num_eq\cv-valid-dev_sample-003259_eq.npy
cv-valid-dev/sample-003261.mp3,2,0,14,..\dataset\mfcc_num\cv-valid-dev_sample-003261.npy,..\dataset\mfcc_spec\cv-valid-dev_sample-003261.png,..\dataset\mel_num\cv-valid-dev_sample-003261.npy,..\dataset\mel_spec\cv-valid-dev_sample-003261.png,..\dataset\mfcc_num_eq\cv-valid-dev_sample-003261_eq.npy,..\dataset\mel_num_eq\cv-valid-dev_sample-003261_eq.npy
cv-valid-dev/sample-003262.mp3,4,1,11,..\dataset\mfcc_num\cv-valid-dev_sample-003262.npy,..\dataset\mfcc_spec\cv-valid-dev_sample-003262.png,..\dataset\mel_num\cv-valid-dev_sample-003262.npy,..\dataset\mel_spec\cv-valid-dev_sample-003262.png,..\dataset\mfcc_num_eq\cv-valid-dev_sample-003262_eq.npy,..\dataset\mel_num_eq\cv-valid-dev_sample-003262_eq.npy
cv-valid-dev/sample-003269.mp3,5,1,14,..\dataset\mfcc_num\cv-valid-dev_sample-003269.npy,..\dataset\mfcc_spec\cv-valid-dev_sample-003269.png,..\dataset\mel_num\cv-valid-dev_sample-003269.npy,..\dataset\mel_spec\cv-valid-dev_sample-003269.png,..\dataset\mfcc_num_eq\cv-valid-dev_sample-003269_eq.npy,..\dataset\mel_num_eq\cv-valid-dev_sample-003269_eq.npy
cv-valid-dev/sample-003274.mp3,1,1,1,..\dataset\mfcc_num\cv-valid-dev_sample-003274.npy,..\dataset\mfcc_spec\cv-valid-dev_sample-003274.png,..\dataset\mel_num\cv-valid-dev_sample-003274.npy,..\dataset\mel_spec\cv-valid-dev_sample-003274.png,..\dataset\mfcc_num_eq\cv-valid-dev_sample-003274_eq.npy,..\dataset\mel_num_eq\cv-valid-dev_sample-003274_eq.npy
cv-valid-dev/sample-003277.mp3,6,0,14,..\dataset\mfcc_num\cv-valid-dev_sample-003277.npy,..\dataset\mfcc_spec\cv-valid-dev_sample-003277.png,..\dataset\mel_num\cv-valid-dev_sample-003277.npy,..\dataset\mel_spec\cv-valid-dev_sample-003277.png,..\dataset\mfcc_num_eq\cv-valid-dev_sample-003277_eq.npy,..\dataset\mel_num_eq\cv-valid-dev_sample-003277_eq.npy
cv-valid-dev/sample-003278.mp3,2,1,14,..\dataset\mfcc_num\cv-valid-dev_sample-003278.npy,..\dataset\mfcc_spec\cv-valid-dev_sample-003278.png,..\dataset\mel_num\cv-valid-dev_sample-003278.npy,..\dataset\mel_spec\cv-valid-dev_sample-003278.png,..\dataset\mfcc_num_eq\cv-valid-dev_sample-003278_eq.npy,..\dataset\mel_num_eq\cv-valid-dev_sample-003278_eq.npy
cv-valid-dev/sample-003286.mp3,6,1,14,..\dataset\mfcc_num\cv-valid-dev_sample-003286.npy,..\dataset\mfcc_spec\cv-valid-dev_sample-003286.png,..\dataset\mel_num\cv-valid-dev_sample-003286.npy,..\dataset\mel_spec\cv-valid-dev_sample-003286.png,..\dataset\mfcc_num_eq\cv-valid-dev_sample-003286_eq.npy,..\dataset\mel_num_eq\cv-valid-dev_sample-003286_eq.npy
cv-valid-dev/sample-003290.mp3,6,1,14,..\dataset\mfcc_num\cv-valid-dev_sample-003290.npy,..\dataset\mfcc_spec\cv-valid-dev_sample-003290.png,..\dataset\mel_num\cv-valid-dev_sample-003290.npy,..\dataset\mel_spec\cv-valid-dev_sample-003290.png,..\dataset\mfcc_num_eq\cv-valid-dev_sample-003290_eq.npy,..\dataset\mel_num_eq\cv-valid-dev_sample-003290_eq.npy
cv-valid-dev/sample-003297.mp3,6,1,0,..\dataset\mfcc_num\cv-valid-dev_sample-003297.npy,..\dataset\mfcc_spec\cv-valid-dev_sample-003297.png,..\dataset\mel_num\cv-valid-dev_sample-003297.npy,..\dataset\mel_spec\cv-valid-dev_sample-003297.png,..\dataset\mfcc_num_eq\cv-valid-dev_sample-003297_eq.npy,..\dataset\mel_num_eq\cv-valid-dev_sample-003297_eq.npy
cv-valid-dev/sample-003299.mp3,4,0,14,..\dataset\mfcc_num\cv-valid-dev_sample-003299.npy,..\dataset\mfcc_spec\cv-valid-dev_sample-003299.png,..\dataset\mel_num\cv-valid-dev_sample-003299.npy,..\dataset\mel_spec\cv-valid-dev_sample-003299.png,..\dataset\mfcc_num_eq\cv-valid-dev_sample-003299_eq.npy,..\dataset\mel_num_eq\cv-valid-dev_sample-003299_eq.npy
cv-valid-dev/sample-003302.mp3,6,1,9,..\dataset\mfcc_num\cv-valid-dev_sample-003302.npy,..\dataset\mfcc_spec\cv-valid-dev_sample-003302.png,..\dataset\mel_num\cv-valid-dev_sample-003302.npy,..\dataset\mel_spec\cv-valid-dev_sample-003302.png,..\dataset\mfcc_num_eq\cv-valid-dev_sample-003302_eq.npy,..\dataset\mel_num_eq\cv-valid-dev_sample-003302_eq.npy
cv-valid-dev/sample-003304.mp3,6,1,14,..\dataset\mfcc_num\cv-valid-dev_sample-003304.npy,..\dataset\mfcc_spec\cv-valid-dev_sample-003304.png,..\dataset\mel_num\cv-valid-dev_sample-003304.npy,..\dataset\mel_spec\cv-valid-dev_sample-003304.png,..\dataset\mfcc_num_eq\cv-valid-dev_sample-003304_eq.npy,..\dataset\mel_num_eq\cv-valid-dev_sample-003304_eq.npy
cv-valid-dev/sample-003305.mp3,6,1,14,..\dataset\mfcc_num\cv-valid-dev_sample-003305.npy,..\dataset\mfcc_spec\cv-valid-dev_sample-003305.png,..\dataset\mel_num\cv-valid-dev_sample-003305.npy,..\dataset\mel_spec\cv-valid-dev_sample-003305.png,..\dataset\mfcc_num_eq\cv-valid-dev_sample-003305_eq.npy,..\dataset\mel_num_eq\cv-valid-dev_sample-003305_eq.npy
cv-valid-dev/sample-003308.mp3,7,0,14,..\dataset\mfcc_num\cv-valid-dev_sample-003308.npy,..\dataset\mfcc_spec\cv-valid-dev_sample-003308.png,..\dataset\mel_num\cv-valid-dev_sample-003308.npy,..\dataset\mel_spec\cv-valid-dev_sample-003308.png,..\dataset\mfcc_num_eq\cv-valid-dev_sample-003308_eq.npy,..\dataset\mel_num_eq\cv-valid-dev_sample-003308_eq.npy
cv-valid-dev/sample-003309.mp3,7,1,3,..\dataset\mfcc_num\cv-valid-dev_sample-003309.npy,..\dataset\mfcc_spec\cv-valid-dev_sample-003309.png,..\dataset\mel_num\cv-valid-dev_sample-003309.npy,..\dataset\mel_spec\cv-valid-dev_sample-003309.png,..\dataset\mfcc_num_eq\cv-valid-dev_sample-003309_eq.npy,..\dataset\mel_num_eq\cv-valid-dev_sample-003309_eq.npy
cv-valid-dev/sample-003311.mp3,6,1,11,..\dataset\mfcc_num\cv-valid-dev_sample-003311.npy,..\dataset\mfcc_spec\cv-valid-dev_sample-003311.png,..\dataset\mel_num\cv-valid-dev_sample-003311.npy,..\dataset\mel_spec\cv-valid-dev_sample-003311.png,..\dataset\mfcc_num_eq\cv-valid-dev_sample-003311_eq.npy,..\dataset\mel_num_eq\cv-valid-dev_sample-003311_eq.npy
cv-valid-dev/sample-003315.mp3,7,1,6,..\dataset\mfcc_num\cv-valid-dev_sample-003315.npy,..\dataset\mfcc_spec\cv-valid-dev_sample-003315.png,..\dataset\mel_num\cv-valid-dev_sample-003315.npy,..\dataset\mel_spec\cv-valid-dev_sample-003315.png,..\dataset\mfcc_num_eq\cv-valid-dev_sample-003315_eq.npy,..\dataset\mel_num_eq\cv-valid-dev_sample-003315_eq.npy
cv-valid-dev/sample-003323.mp3,7,1,14,..\dataset\mfcc_num\cv-valid-dev_sample-003323.npy,..\dataset\mfcc_spec\cv-valid-dev_sample-003323.png,..\dataset\mel_num\cv-valid-dev_sample-003323.npy,..\dataset\mel_spec\cv-valid-dev_sample-003323.png,..\dataset\mfcc_num_eq\cv-valid-dev_sample-003323_eq.npy,..\dataset\mel_num_eq\cv-valid-dev_sample-003323_eq.npy
cv-valid-dev/sample-003325.mp3,1,1,3,..\dataset\mfcc_num\cv-valid-dev_sample-003325.npy,..\dataset\mfcc_spec\cv-valid-dev_sample-003325.png,..\dataset\mel_num\cv-valid-dev_sample-003325.npy,..\dataset\mel_spec\cv-valid-dev_sample-003325.png,..\dataset\mfcc_num_eq\cv-valid-dev_sample-003325_eq.npy,..\dataset\mel_num_eq\cv-valid-dev_sample-003325_eq.npy
cv-valid-dev/sample-003330.mp3,7,1,4,..\dataset\mfcc_num\cv-valid-dev_sample-003330.npy,..\dataset\mfcc_spec\cv-valid-dev_sample-003330.png,..\dataset\mel_num\cv-valid-dev_sample-003330.npy,..\dataset\mel_spec\cv-valid-dev_sample-003330.png,..\dataset\mfcc_num_eq\cv-valid-dev_sample-003330_eq.npy,..\dataset\mel_num_eq\cv-valid-dev_sample-003330_eq.npy
cv-valid-dev/sample-003335.mp3,6,0,4,..\dataset\mfcc_num\cv-valid-dev_sample-003335.npy,..\dataset\mfcc_spec\cv-valid-dev_sample-003335.png,..\dataset\mel_num\cv-valid-dev_sample-003335.npy,..\dataset\mel_spec\cv-valid-dev_sample-003335.png,..\dataset\mfcc_num_eq\cv-valid-dev_sample-003335_eq.npy,..\dataset\mel_num_eq\cv-valid-dev_sample-003335_eq.npy
cv-valid-dev/sample-003342.mp3,2,1,14,..\dataset\mfcc_num\cv-valid-dev_sample-003342.npy,..\dataset\mfcc_spec\cv-valid-dev_sample-003342.png,..\dataset\mel_num\cv-valid-dev_sample-003342.npy,..\dataset\mel_spec\cv-valid-dev_sample-003342.png,..\dataset\mfcc_num_eq\cv-valid-dev_sample-003342_eq.npy,..\dataset\mel_num_eq\cv-valid-dev_sample-003342_eq.npy
cv-valid-dev/sample-003344.mp3,1,1,4,..\dataset\mfcc_num\cv-valid-dev_sample-003344.npy,..\dataset\mfcc_spec\cv-valid-dev_sample-003344.png,..\dataset\mel_num\cv-valid-dev_sample-003344.npy,..\dataset\mel_spec\cv-valid-dev_sample-003344.png,..\dataset\mfcc_num_eq\cv-valid-dev_sample-003344_eq.npy,..\dataset\mel_num_eq\cv-valid-dev_sample-003344_eq.npy
cv-valid-dev/sample-003345.mp3,6,1,0,..\dataset\mfcc_num\cv-valid-dev_sample-003345.npy,..\dataset\mfcc_spec\cv-valid-dev_sample-003345.png,..\dataset\mel_num\cv-valid-dev_sample-003345.npy,..\dataset\mel_spec\cv-valid-dev_sample-003345.png,..\dataset\mfcc_num_eq\cv-valid-dev_sample-003345_eq.npy,..\dataset\mel_num_eq\cv-valid-dev_sample-003345_eq.npy
cv-valid-dev/sample-003347.mp3,6,1,14,..\dataset\mfcc_num\cv-valid-dev_sample-003347.npy,..\dataset\mfcc_spec\cv-valid-dev_sample-003347.png,..\dataset\mel_num\cv-valid-dev_sample-003347.npy,..\dataset\mel_spec\cv-valid-dev_sample-003347.png,..\dataset\mfcc_num_eq\cv-valid-dev_sample-003347_eq.npy,..\dataset\mel_num_eq\cv-valid-dev_sample-003347_eq.npy
cv-valid-dev/sample-003349.mp3,1,0,1,..\dataset\mfcc_num\cv-valid-dev_sample-003349.npy,..\dataset\mfcc_spec\cv-valid-dev_sample-003349.png,..\dataset\mel_num\cv-valid-dev_sample-003349.npy,..\dataset\mel_spec\cv-valid-dev_sample-003349.png,..\dataset\mfcc_num_eq\cv-valid-dev_sample-003349_eq.npy,..\dataset\mel_num_eq\cv-valid-dev_sample-003349_eq.npy
cv-valid-dev/sample-003350.mp3,1,1,4,..\dataset\mfcc_num\cv-valid-dev_sample-003350.npy,..\dataset\mfcc_spec\cv-valid-dev_sample-003350.png,..\dataset\mel_num\cv-valid-dev_sample-003350.npy,..\dataset\mel_spec\cv-valid-dev_sample-003350.png,..\dataset\mfcc_num_eq\cv-valid-dev_sample-003350_eq.npy,..\dataset\mel_num_eq\cv-valid-dev_sample-003350_eq.npy
cv-valid-dev/sample-003352.mp3,1,1,14,..\dataset\mfcc_num\cv-valid-dev_sample-003352.npy,..\dataset\mfcc_spec\cv-valid-dev_sample-003352.png,..\dataset\mel_num\cv-valid-dev_sample-003352.npy,..\dataset\mel_spec\cv-valid-dev_sample-003352.png,..\dataset\mfcc_num_eq\cv-valid-dev_sample-003352_eq.npy,..\dataset\mel_num_eq\cv-valid-dev_sample-003352_eq.npy
cv-valid-dev/sample-003354.mp3,7,1,0,..\dataset\mfcc_num\cv-valid-dev_sample-003354.npy,..\dataset\mfcc_spec\cv-valid-dev_sample-003354.png,..\dataset\mel_num\cv-valid-dev_sample-003354.npy,..\dataset\mel_spec\cv-valid-dev_sample-003354.png,..\dataset\mfcc_num_eq\cv-valid-dev_sample-003354_eq.npy,..\dataset\mel_num_eq\cv-valid-dev_sample-003354_eq.npy
cv-valid-dev/sample-003365.mp3,7,0,6,..\dataset\mfcc_num\cv-valid-dev_sample-003365.npy,..\dataset\mfcc_spec\cv-valid-dev_sample-003365.png,..\dataset\mel_num\cv-valid-dev_sample-003365.npy,..\dataset\mel_spec\cv-valid-dev_sample-003365.png,..\dataset\mfcc_num_eq\cv-valid-dev_sample-003365_eq.npy,..\dataset\mel_num_eq\cv-valid-dev_sample-003365_eq.npy
cv-valid-dev/sample-003368.mp3,7,1,14,..\dataset\mfcc_num\cv-valid-dev_sample-003368.npy,..\dataset\mfcc_spec\cv-valid-dev_sample-003368.png,..\dataset\mel_num\cv-valid-dev_sample-003368.npy,..\dataset\mel_spec\cv-valid-dev_sample-003368.png,..\dataset\mfcc_num_eq\cv-valid-dev_sample-003368_eq.npy,..\dataset\mel_num_eq\cv-valid-dev_sample-003368_eq.npy
cv-valid-dev/sample-003369.mp3,6,0,14,..\dataset\mfcc_num\cv-valid-dev_sample-003369.npy,..\dataset\mfcc_spec\cv-valid-dev_sample-003369.png,..\dataset\mel_num\cv-valid-dev_sample-003369.npy,..\dataset\mel_spec\cv-valid-dev_sample-003369.png,..\dataset\mfcc_num_eq\cv-valid-dev_sample-003369_eq.npy,..\dataset\mel_num_eq\cv-valid-dev_sample-003369_eq.npy
cv-valid-dev/sample-003373.mp3,1,0,6,..\dataset\mfcc_num\cv-valid-dev_sample-003373.npy,..\dataset\mfcc_spec\cv-valid-dev_sample-003373.png,..\dataset\mel_num\cv-valid-dev_sample-003373.npy,..\dataset\mel_spec\cv-valid-dev_sample-003373.png,..\dataset\mfcc_num_eq\cv-valid-dev_sample-003373_eq.npy,..\dataset\mel_num_eq\cv-valid-dev_sample-003373_eq.npy
cv-valid-dev/sample-003375.mp3,7,0,6,..\dataset\mfcc_num\cv-valid-dev_sample-003375.npy,..\dataset\mfcc_spec\cv-valid-dev_sample-003375.png,..\dataset\mel_num\cv-valid-dev_sample-003375.npy,..\dataset\mel_spec\cv-valid-dev_sample-003375.png,..\dataset\mfcc_num_eq\cv-valid-dev_sample-003375_eq.npy,..\dataset\mel_num_eq\cv-valid-dev_sample-003375_eq.npy
cv-valid-dev/sample-003377.mp3,2,1,14,..\dataset\mfcc_num\cv-valid-dev_sample-003377.npy,..\dataset\mfcc_spec\cv-valid-dev_sample-003377.png,..\dataset\mel_num\cv-valid-dev_sample-003377.npy,..\dataset\mel_spec\cv-valid-dev_sample-003377.png,..\dataset\mfcc_num_eq\cv-valid-dev_sample-003377_eq.npy,..\dataset\mel_num_eq\cv-valid-dev_sample-003377_eq.npy
cv-valid-dev/sample-003386.mp3,6,1,14,..\dataset\mfcc_num\cv-valid-dev_sample-003386.npy,..\dataset\mfcc_spec\cv-valid-dev_sample-003386.png,..\dataset\mel_num\cv-valid-dev_sample-003386.npy,..\dataset\mel_spec\cv-valid-dev_sample-003386.png,..\dataset\mfcc_num_eq\cv-valid-dev_sample-003386_eq.npy,..\dataset\mel_num_eq\cv-valid-dev_sample-003386_eq.npy
cv-valid-dev/sample-003391.mp3,5,1,14,..\dataset\mfcc_num\cv-valid-dev_sample-003391.npy,..\dataset\mfcc_spec\cv-valid-dev_sample-003391.png,..\dataset\mel_num\cv-valid-dev_sample-003391.npy,..\dataset\mel_spec\cv-valid-dev_sample-003391.png,..\dataset\mfcc_num_eq\cv-valid-dev_sample-003391_eq.npy,..\dataset\mel_num_eq\cv-valid-dev_sample-003391_eq.npy
cv-valid-dev/sample-003397.mp3,2,0,12,..\dataset\mfcc_num\cv-valid-dev_sample-003397.npy,..\dataset\mfcc_spec\cv-valid-dev_sample-003397.png,..\dataset\mel_num\cv-valid-dev_sample-003397.npy,..\dataset\mel_spec\cv-valid-dev_sample-003397.png,..\dataset\mfcc_num_eq\cv-valid-dev_sample-003397_eq.npy,..\dataset\mel_num_eq\cv-valid-dev_sample-003397_eq.npy
cv-valid-dev/sample-003402.mp3,5,1,14,..\dataset\mfcc_num\cv-valid-dev_sample-003402.npy,..\dataset\mfcc_spec\cv-valid-dev_sample-003402.png,..\dataset\mel_num\cv-valid-dev_sample-003402.npy,..\dataset\mel_spec\cv-valid-dev_sample-003402.png,..\dataset\mfcc_num_eq\cv-valid-dev_sample-003402_eq.npy,..\dataset\mel_num_eq\cv-valid-dev_sample-003402_eq.npy
cv-valid-dev/sample-003403.mp3,5,1,4,..\dataset\mfcc_num\cv-valid-dev_sample-003403.npy,..\dataset\mfcc_spec\cv-valid-dev_sample-003403.png,..\dataset\mel_num\cv-valid-dev_sample-003403.npy,..\dataset\mel_spec\cv-valid-dev_sample-003403.png,..\dataset\mfcc_num_eq\cv-valid-dev_sample-003403_eq.npy,..\dataset\mel_num_eq\cv-valid-dev_sample-003403_eq.npy
cv-valid-dev/sample-003405.mp3,1,1,14,..\dataset\mfcc_num\cv-valid-dev_sample-003405.npy,..\dataset\mfcc_spec\cv-valid-dev_sample-003405.png,..\dataset\mel_num\cv-valid-dev_sample-003405.npy,..\dataset\mel_spec\cv-valid-dev_sample-003405.png,..\dataset\mfcc_num_eq\cv-valid-dev_sample-003405_eq.npy,..\dataset\mel_num_eq\cv-valid-dev_sample-003405_eq.npy
cv-valid-dev/sample-003414.mp3,1,1,4,..\dataset\mfcc_num\cv-valid-dev_sample-003414.npy,..\dataset\mfcc_spec\cv-valid-dev_sample-003414.png,..\dataset\mel_num\cv-valid-dev_sample-003414.npy,..\dataset\mel_spec\cv-valid-dev_sample-003414.png,..\dataset\mfcc_num_eq\cv-valid-dev_sample-003414_eq.npy,..\dataset\mel_num_eq\cv-valid-dev_sample-003414_eq.npy
cv-valid-dev/sample-003416.mp3,6,0,4,..\dataset\mfcc_num\cv-valid-dev_sample-003416.npy,..\dataset\mfcc_spec\cv-valid-dev_sample-003416.png,..\dataset\mel_num\cv-valid-dev_sample-003416.npy,..\dataset\mel_spec\cv-valid-dev_sample-003416.png,..\dataset\mfcc_num_eq\cv-valid-dev_sample-003416_eq.npy,..\dataset\mel_num_eq\cv-valid-dev_sample-003416_eq.npy
cv-valid-dev/sample-003418.mp3,6,1,4,..\dataset\mfcc_num\cv-valid-dev_sample-003418.npy,..\dataset\mfcc_spec\cv-valid-dev_sample-003418.png,..\dataset\mel_num\cv-valid-dev_sample-003418.npy,..\dataset\mel_spec\cv-valid-dev_sample-003418.png,..\dataset\mfcc_num_eq\cv-valid-dev_sample-003418_eq.npy,..\dataset\mel_num_eq\cv-valid-dev_sample-003418_eq.npy
cv-valid-dev/sample-003419.mp3,7,1,14,..\dataset\mfcc_num\cv-valid-dev_sample-003419.npy,..\dataset\mfcc_spec\cv-valid-dev_sample-003419.png,..\dataset\mel_num\cv-valid-dev_sample-003419.npy,..\dataset\mel_spec\cv-valid-dev_sample-003419.png,..\dataset\mfcc_num_eq\cv-valid-dev_sample-003419_eq.npy,..\dataset\mel_num_eq\cv-valid-dev_sample-003419_eq.npy
cv-valid-dev/sample-003420.mp3,7,1,14,..\dataset\mfcc_num\cv-valid-dev_sample-003420.npy,..\dataset\mfcc_spec\cv-valid-dev_sample-003420.png,..\dataset\mel_num\cv-valid-dev_sample-003420.npy,..\dataset\mel_spec\cv-valid-dev_sample-003420.png,..\dataset\mfcc_num_eq\cv-valid-dev_sample-003420_eq.npy,..\dataset\mel_num_eq\cv-valid-dev_sample-003420_eq.npy
cv-valid-dev/sample-003428.mp3,7,1,14,..\dataset\mfcc_num\cv-valid-dev_sample-003428.npy,..\dataset\mfcc_spec\cv-valid-dev_sample-003428.png,..\dataset\mel_num\cv-valid-dev_sample-003428.npy,..\dataset\mel_spec\cv-valid-dev_sample-003428.png,..\dataset\mfcc_num_eq\cv-valid-dev_sample-003428_eq.npy,..\dataset\mel_num_eq\cv-valid-dev_sample-003428_eq.npy
cv-valid-dev/sample-003432.mp3,2,1,11,..\dataset\mfcc_num\cv-valid-dev_sample-003432.npy,..\dataset\mfcc_spec\cv-valid-dev_sample-003432.png,..\dataset\mel_num\cv-valid-dev_sample-003432.npy,..\dataset\mel_spec\cv-valid-dev_sample-003432.png,..\dataset\mfcc_num_eq\cv-valid-dev_sample-003432_eq.npy,..\dataset\mel_num_eq\cv-valid-dev_sample-003432_eq.npy
cv-valid-dev/sample-003434.mp3,7,1,14,..\dataset\mfcc_num\cv-valid-dev_sample-003434.npy,..\dataset\mfcc_spec\cv-valid-dev_sample-003434.png,..\dataset\mel_num\cv-valid-dev_sample-003434.npy,..\dataset\mel_spec\cv-valid-dev_sample-003434.png,..\dataset\mfcc_num_eq\cv-valid-dev_sample-003434_eq.npy,..\dataset\mel_num_eq\cv-valid-dev_sample-003434_eq.npy
cv-valid-dev/sample-003436.mp3,6,1,14,..\dataset\mfcc_num\cv-valid-dev_sample-003436.npy,..\dataset\mfcc_spec\cv-valid-dev_sample-003436.png,..\dataset\mel_num\cv-valid-dev_sample-003436.npy,..\dataset\mel_spec\cv-valid-dev_sample-003436.png,..\dataset\mfcc_num_eq\cv-valid-dev_sample-003436_eq.npy,..\dataset\mel_num_eq\cv-valid-dev_sample-003436_eq.npy
cv-valid-dev/sample-003437.mp3,1,0,1,..\dataset\mfcc_num\cv-valid-dev_sample-003437.npy,..\dataset\mfcc_spec\cv-valid-dev_sample-003437.png,..\dataset\mel_num\cv-valid-dev_sample-003437.npy,..\dataset\mel_spec\cv-valid-dev_sample-003437.png,..\dataset\mfcc_num_eq\cv-valid-dev_sample-003437_eq.npy,..\dataset\mel_num_eq\cv-valid-dev_sample-003437_eq.npy
cv-valid-dev/sample-003438.mp3,5,1,4,..\dataset\mfcc_num\cv-valid-dev_sample-003438.npy,..\dataset\mfcc_spec\cv-valid-dev_sample-003438.png,..\dataset\mel_num\cv-valid-dev_sample-003438.npy,..\dataset\mel_spec\cv-valid-dev_sample-003438.png,..\dataset\mfcc_num_eq\cv-valid-dev_sample-003438_eq.npy,..\dataset\mel_num_eq\cv-valid-dev_sample-003438_eq.npy
cv-valid-dev/sample-003440.mp3,7,0,4,..\dataset\mfcc_num\cv-valid-dev_sample-003440.npy,..\dataset\mfcc_spec\cv-valid-dev_sample-003440.png,..\dataset\mel_num\cv-valid-dev_sample-003440.npy,..\dataset\mel_spec\cv-valid-dev_sample-003440.png,..\dataset\mfcc_num_eq\cv-valid-dev_sample-003440_eq.npy,..\dataset\mel_num_eq\cv-valid-dev_sample-003440_eq.npy
cv-valid-dev/sample-003444.mp3,6,1,4,..\dataset\mfcc_num\cv-valid-dev_sample-003444.npy,..\dataset\mfcc_spec\cv-valid-dev_sample-003444.png,..\dataset\mel_num\cv-valid-dev_sample-003444.npy,..\dataset\mel_spec\cv-valid-dev_sample-003444.png,..\dataset\mfcc_num_eq\cv-valid-dev_sample-003444_eq.npy,..\dataset\mel_num_eq\cv-valid-dev_sample-003444_eq.npy
cv-valid-dev/sample-003446.mp3,6,0,14,..\dataset\mfcc_num\cv-valid-dev_sample-003446.npy,..\dataset\mfcc_spec\cv-valid-dev_sample-003446.png,..\dataset\mel_num\cv-valid-dev_sample-003446.npy,..\dataset\mel_spec\cv-valid-dev_sample-003446.png,..\dataset\mfcc_num_eq\cv-valid-dev_sample-003446_eq.npy,..\dataset\mel_num_eq\cv-valid-dev_sample-003446_eq.npy
cv-valid-dev/sample-003451.mp3,1,1,14,..\dataset\mfcc_num\cv-valid-dev_sample-003451.npy,..\dataset\mfcc_spec\cv-valid-dev_sample-003451.png,..\dataset\mel_num\cv-valid-dev_sample-003451.npy,..\dataset\mel_spec\cv-valid-dev_sample-003451.png,..\dataset\mfcc_num_eq\cv-valid-dev_sample-003451_eq.npy,..\dataset\mel_num_eq\cv-valid-dev_sample-003451_eq.npy
cv-valid-dev/sample-003454.mp3,7,1,14,..\dataset\mfcc_num\cv-valid-dev_sample-003454.npy,..\dataset\mfcc_spec\cv-valid-dev_sample-003454.png,..\dataset\mel_num\cv-valid-dev_sample-003454.npy,..\dataset\mel_spec\cv-valid-dev_sample-003454.png,..\dataset\mfcc_num_eq\cv-valid-dev_sample-003454_eq.npy,..\dataset\mel_num_eq\cv-valid-dev_sample-003454_eq.npy
cv-valid-dev/sample-003457.mp3,7,1,14,..\dataset\mfcc_num\cv-valid-dev_sample-003457.npy,..\dataset\mfcc_spec\cv-valid-dev_sample-003457.png,..\dataset\mel_num\cv-valid-dev_sample-003457.npy,..\dataset\mel_spec\cv-valid-dev_sample-003457.png,..\dataset\mfcc_num_eq\cv-valid-dev_sample-003457_eq.npy,..\dataset\mel_num_eq\cv-valid-dev_sample-003457_eq.npy
cv-valid-dev/sample-003458.mp3,6,1,3,..\dataset\mfcc_num\cv-valid-dev_sample-003458.npy,..\dataset\mfcc_spec\cv-valid-dev_sample-003458.png,..\dataset\mel_num\cv-valid-dev_sample-003458.npy,..\dataset\mel_spec\cv-valid-dev_sample-003458.png,..\dataset\mfcc_num_eq\cv-valid-dev_sample-003458_eq.npy,..\dataset\mel_num_eq\cv-valid-dev_sample-003458_eq.npy
cv-valid-dev/sample-003462.mp3,6,1,14,..\dataset\mfcc_num\cv-valid-dev_sample-003462.npy,..\dataset\mfcc_spec\cv-valid-dev_sample-003462.png,..\dataset\mel_num\cv-valid-dev_sample-003462.npy,..\dataset\mel_spec\cv-valid-dev_sample-003462.png,..\dataset\mfcc_num_eq\cv-valid-dev_sample-003462_eq.npy,..\dataset\mel_num_eq\cv-valid-dev_sample-003462_eq.npy
cv-valid-dev/sample-003464.mp3,6,1,4,..\dataset\mfcc_num\cv-valid-dev_sample-003464.npy,..\dataset\mfcc_spec\cv-valid-dev_sample-003464.png,..\dataset\mel_num\cv-valid-dev_sample-003464.npy,..\dataset\mel_spec\cv-valid-dev_sample-003464.png,..\dataset\mfcc_num_eq\cv-valid-dev_sample-003464_eq.npy,..\dataset\mel_num_eq\cv-valid-dev_sample-003464_eq.npy
cv-valid-dev/sample-003469.mp3,5,0,14,..\dataset\mfcc_num\cv-valid-dev_sample-003469.npy,..\dataset\mfcc_spec\cv-valid-dev_sample-003469.png,..\dataset\mel_num\cv-valid-dev_sample-003469.npy,..\dataset\mel_spec\cv-valid-dev_sample-003469.png,..\dataset\mfcc_num_eq\cv-valid-dev_sample-003469_eq.npy,..\dataset\mel_num_eq\cv-valid-dev_sample-003469_eq.npy
cv-valid-dev/sample-003471.mp3,1,1,4,..\dataset\mfcc_num\cv-valid-dev_sample-003471.npy,..\dataset\mfcc_spec\cv-valid-dev_sample-003471.png,..\dataset\mel_num\cv-valid-dev_sample-003471.npy,..\dataset\mel_spec\cv-valid-dev_sample-003471.png,..\dataset\mfcc_num_eq\cv-valid-dev_sample-003471_eq.npy,..\dataset\mel_num_eq\cv-valid-dev_sample-003471_eq.npy
cv-valid-dev/sample-003479.mp3,6,1,14,..\dataset\mfcc_num\cv-valid-dev_sample-003479.npy,..\dataset\mfcc_spec\cv-valid-dev_sample-003479.png,..\dataset\mel_num\cv-valid-dev_sample-003479.npy,..\dataset\mel_spec\cv-valid-dev_sample-003479.png,..\dataset\mfcc_num_eq\cv-valid-dev_sample-003479_eq.npy,..\dataset\mel_num_eq\cv-valid-dev_sample-003479_eq.npy
cv-valid-dev/sample-003480.mp3,7,1,4,..\dataset\mfcc_num\cv-valid-dev_sample-003480.npy,..\dataset\mfcc_spec\cv-valid-dev_sample-003480.png,..\dataset\mel_num\cv-valid-dev_sample-003480.npy,..\dataset\mel_spec\cv-valid-dev_sample-003480.png,..\dataset\mfcc_num_eq\cv-valid-dev_sample-003480_eq.npy,..\dataset\mel_num_eq\cv-valid-dev_sample-003480_eq.npy
cv-valid-dev/sample-003485.mp3,2,1,6,..\dataset\mfcc_num\cv-valid-dev_sample-003485.npy,..\dataset\mfcc_spec\cv-valid-dev_sample-003485.png,..\dataset\mel_num\cv-valid-dev_sample-003485.npy,..\dataset\mel_spec\cv-valid-dev_sample-003485.png,..\dataset\mfcc_num_eq\cv-valid-dev_sample-003485_eq.npy,..\dataset\mel_num_eq\cv-valid-dev_sample-003485_eq.npy
cv-valid-dev/sample-003486.mp3,6,1,1,..\dataset\mfcc_num\cv-valid-dev_sample-003486.npy,..\dataset\mfcc_spec\cv-valid-dev_sample-003486.png,..\dataset\mel_num\cv-valid-dev_sample-003486.npy,..\dataset\mel_spec\cv-valid-dev_sample-003486.png,..\dataset\mfcc_num_eq\cv-valid-dev_sample-003486_eq.npy,..\dataset\mel_num_eq\cv-valid-dev_sample-003486_eq.npy
cv-valid-dev/sample-003489.mp3,2,1,4,..\dataset\mfcc_num\cv-valid-dev_sample-003489.npy,..\dataset\mfcc_spec\cv-valid-dev_sample-003489.png,..\dataset\mel_num\cv-valid-dev_sample-003489.npy,..\dataset\mel_spec\cv-valid-dev_sample-003489.png,..\dataset\mfcc_num_eq\cv-valid-dev_sample-003489_eq.npy,..\dataset\mel_num_eq\cv-valid-dev_sample-003489_eq.npy
cv-valid-dev/sample-003493.mp3,6,1,14,..\dataset\mfcc_num\cv-valid-dev_sample-003493.npy,..\dataset\mfcc_spec\cv-valid-dev_sample-003493.png,..\dataset\mel_num\cv-valid-dev_sample-003493.npy,..\dataset\mel_spec\cv-valid-dev_sample-003493.png,..\dataset\mfcc_num_eq\cv-valid-dev_sample-003493_eq.npy,..\dataset\mel_num_eq\cv-valid-dev_sample-003493_eq.npy
cv-valid-dev/sample-003497.mp3,7,0,8,..\dataset\mfcc_num\cv-valid-dev_sample-003497.npy,..\dataset\mfcc_spec\cv-valid-dev_sample-003497.png,..\dataset\mel_num\cv-valid-dev_sample-003497.npy,..\dataset\mel_spec\cv-valid-dev_sample-003497.png,..\dataset\mfcc_num_eq\cv-valid-dev_sample-003497_eq.npy,..\dataset\mel_num_eq\cv-valid-dev_sample-003497_eq.npy
cv-valid-dev/sample-003498.mp3,7,1,14,..\dataset\mfcc_num\cv-valid-dev_sample-003498.npy,..\dataset\mfcc_spec\cv-valid-dev_sample-003498.png,..\dataset\mel_num\cv-valid-dev_sample-003498.npy,..\dataset\mel_spec\cv-valid-dev_sample-003498.png,..\dataset\mfcc_num_eq\cv-valid-dev_sample-003498_eq.npy,..\dataset\mel_num_eq\cv-valid-dev_sample-003498_eq.npy
cv-valid-dev/sample-003499.mp3,4,0,14,..\dataset\mfcc_num\cv-valid-dev_sample-003499.npy,..\dataset\mfcc_spec\cv-valid-dev_sample-003499.png,..\dataset\mel_num\cv-valid-dev_sample-003499.npy,..\dataset\mel_spec\cv-valid-dev_sample-003499.png,..\dataset\mfcc_num_eq\cv-valid-dev_sample-003499_eq.npy,..\dataset\mel_num_eq\cv-valid-dev_sample-003499_eq.npy
cv-valid-dev/sample-003500.mp3,2,1,4,..\dataset\mfcc_num\cv-valid-dev_sample-003500.npy,..\dataset\mfcc_spec\cv-valid-dev_sample-003500.png,..\dataset\mel_num\cv-valid-dev_sample-003500.npy,..\dataset\mel_spec\cv-valid-dev_sample-003500.png,..\dataset\mfcc_num_eq\cv-valid-dev_sample-003500_eq.npy,..\dataset\mel_num_eq\cv-valid-dev_sample-003500_eq.npy
cv-valid-dev/sample-003504.mp3,2,1,14,..\dataset\mfcc_num\cv-valid-dev_sample-003504.npy,..\dataset\mfcc_spec\cv-valid-dev_sample-003504.png,..\dataset\mel_num\cv-valid-dev_sample-003504.npy,..\dataset\mel_spec\cv-valid-dev_sample-003504.png,..\dataset\mfcc_num_eq\cv-valid-dev_sample-003504_eq.npy,..\dataset\mel_num_eq\cv-valid-dev_sample-003504_eq.npy
cv-valid-dev/sample-003505.mp3,7,0,4,..\dataset\mfcc_num\cv-valid-dev_sample-003505.npy,..\dataset\mfcc_spec\cv-valid-dev_sample-003505.png,..\dataset\mel_num\cv-valid-dev_sample-003505.npy,..\dataset\mel_spec\cv-valid-dev_sample-003505.png,..\dataset\mfcc_num_eq\cv-valid-dev_sample-003505_eq.npy,..\dataset\mel_num_eq\cv-valid-dev_sample-003505_eq.npy
cv-valid-dev/sample-003506.mp3,2,1,14,..\dataset\mfcc_num\cv-valid-dev_sample-003506.npy,..\dataset\mfcc_spec\cv-valid-dev_sample-003506.png,..\dataset\mel_num\cv-valid-dev_sample-003506.npy,..\dataset\mel_spec\cv-valid-dev_sample-003506.png,..\dataset\mfcc_num_eq\cv-valid-dev_sample-003506_eq.npy,..\dataset\mel_num_eq\cv-valid-dev_sample-003506_eq.npy
cv-valid-dev/sample-003509.mp3,7,1,14,..\dataset\mfcc_num\cv-valid-dev_sample-003509.npy,..\dataset\mfcc_spec\cv-valid-dev_sample-003509.png,..\dataset\mel_num\cv-valid-dev_sample-003509.npy,..\dataset\mel_spec\cv-valid-dev_sample-003509.png,..\dataset\mfcc_num_eq\cv-valid-dev_sample-003509_eq.npy,..\dataset\mel_num_eq\cv-valid-dev_sample-003509_eq.npy
cv-valid-dev/sample-003511.mp3,7,1,14,..\dataset\mfcc_num\cv-valid-dev_sample-003511.npy,..\dataset\mfcc_spec\cv-valid-dev_sample-003511.png,..\dataset\mel_num\cv-valid-dev_sample-003511.npy,..\dataset\mel_spec\cv-valid-dev_sample-003511.png,..\dataset\mfcc_num_eq\cv-valid-dev_sample-003511_eq.npy,..\dataset\mel_num_eq\cv-valid-dev_sample-003511_eq.npy
cv-valid-dev/sample-003516.mp3,7,1,14,..\dataset\mfcc_num\cv-valid-dev_sample-003516.npy,..\dataset\mfcc_spec\cv-valid-dev_sample-003516.png,..\dataset\mel_num\cv-valid-dev_sample-003516.npy,..\dataset\mel_spec\cv-valid-dev_sample-003516.png,..\dataset\mfcc_num_eq\cv-valid-dev_sample-003516_eq.npy,..\dataset\mel_num_eq\cv-valid-dev_sample-003516_eq.npy
cv-valid-dev/sample-003519.mp3,6,1,4,..\dataset\mfcc_num\cv-valid-dev_sample-003519.npy,..\dataset\mfcc_spec\cv-valid-dev_sample-003519.png,..\dataset\mel_num\cv-valid-dev_sample-003519.npy,..\dataset\mel_spec\cv-valid-dev_sample-003519.png,..\dataset\mfcc_num_eq\cv-valid-dev_sample-003519_eq.npy,..\dataset\mel_num_eq\cv-valid-dev_sample-003519_eq.npy
cv-valid-dev/sample-003520.mp3,1,0,4,..\dataset\mfcc_num\cv-valid-dev_sample-003520.npy,..\dataset\mfcc_spec\cv-valid-dev_sample-003520.png,..\dataset\mel_num\cv-valid-dev_sample-003520.npy,..\dataset\mel_spec\cv-valid-dev_sample-003520.png,..\dataset\mfcc_num_eq\cv-valid-dev_sample-003520_eq.npy,..\dataset\mel_num_eq\cv-valid-dev_sample-003520_eq.npy
cv-valid-dev/sample-003521.mp3,2,0,14,..\dataset\mfcc_num\cv-valid-dev_sample-003521.npy,..\dataset\mfcc_spec\cv-valid-dev_sample-003521.png,..\dataset\mel_num\cv-valid-dev_sample-003521.npy,..\dataset\mel_spec\cv-valid-dev_sample-003521.png,..\dataset\mfcc_num_eq\cv-valid-dev_sample-003521_eq.npy,..\dataset\mel_num_eq\cv-valid-dev_sample-003521_eq.npy
cv-valid-dev/sample-003522.mp3,7,1,14,..\dataset\mfcc_num\cv-valid-dev_sample-003522.npy,..\dataset\mfcc_spec\cv-valid-dev_sample-003522.png,..\dataset\mel_num\cv-valid-dev_sample-003522.npy,..\dataset\mel_spec\cv-valid-dev_sample-003522.png,..\dataset\mfcc_num_eq\cv-valid-dev_sample-003522_eq.npy,..\dataset\mel_num_eq\cv-valid-dev_sample-003522_eq.npy
cv-valid-dev/sample-003525.mp3,7,1,14,..\dataset\mfcc_num\cv-valid-dev_sample-003525.npy,..\dataset\mfcc_spec\cv-valid-dev_sample-003525.png,..\dataset\mel_num\cv-valid-dev_sample-003525.npy,..\dataset\mel_spec\cv-valid-dev_sample-003525.png,..\dataset\mfcc_num_eq\cv-valid-dev_sample-003525_eq.npy,..\dataset\mel_num_eq\cv-valid-dev_sample-003525_eq.npy
cv-valid-dev/sample-003527.mp3,7,1,14,..\dataset\mfcc_num\cv-valid-dev_sample-003527.npy,..\dataset\mfcc_spec\cv-valid-dev_sample-003527.png,..\dataset\mel_num\cv-valid-dev_sample-003527.npy,..\dataset\mel_spec\cv-valid-dev_sample-003527.png,..\dataset\mfcc_num_eq\cv-valid-dev_sample-003527_eq.npy,..\dataset\mel_num_eq\cv-valid-dev_sample-003527_eq.npy
cv-valid-dev/sample-003529.mp3,3,1,1,..\dataset\mfcc_num\cv-valid-dev_sample-003529.npy,..\dataset\mfcc_spec\cv-valid-dev_sample-003529.png,..\dataset\mel_num\cv-valid-dev_sample-003529.npy,..\dataset\mel_spec\cv-valid-dev_sample-003529.png,..\dataset\mfcc_num_eq\cv-valid-dev_sample-003529_eq.npy,..\dataset\mel_num_eq\cv-valid-dev_sample-003529_eq.npy
cv-valid-dev/sample-003532.mp3,7,1,14,..\dataset\mfcc_num\cv-valid-dev_sample-003532.npy,..\dataset\mfcc_spec\cv-valid-dev_sample-003532.png,..\dataset\mel_num\cv-valid-dev_sample-003532.npy,..\dataset\mel_spec\cv-valid-dev_sample-003532.png,..\dataset\mfcc_num_eq\cv-valid-dev_sample-003532_eq.npy,..\dataset\mel_num_eq\cv-valid-dev_sample-003532_eq.npy
cv-valid-dev/sample-003534.mp3,1,1,4,..\dataset\mfcc_num\cv-valid-dev_sample-003534.npy,..\dataset\mfcc_spec\cv-valid-dev_sample-003534.png,..\dataset\mel_num\cv-valid-dev_sample-003534.npy,..\dataset\mel_spec\cv-valid-dev_sample-003534.png,..\dataset\mfcc_num_eq\cv-valid-dev_sample-003534_eq.npy,..\dataset\mel_num_eq\cv-valid-dev_sample-003534_eq.npy
cv-valid-dev/sample-003535.mp3,7,1,14,..\dataset\mfcc_num\cv-valid-dev_sample-003535.npy,..\dataset\mfcc_spec\cv-valid-dev_sample-003535.png,..\dataset\mel_num\cv-valid-dev_sample-003535.npy,..\dataset\mel_spec\cv-valid-dev_sample-003535.png,..\dataset\mfcc_num_eq\cv-valid-dev_sample-003535_eq.npy,..\dataset\mel_num_eq\cv-valid-dev_sample-003535_eq.npy
cv-valid-dev/sample-003540.mp3,2,1,4,..\dataset\mfcc_num\cv-valid-dev_sample-003540.npy,..\dataset\mfcc_spec\cv-valid-dev_sample-003540.png,..\dataset\mel_num\cv-valid-dev_sample-003540.npy,..\dataset\mel_spec\cv-valid-dev_sample-003540.png,..\dataset\mfcc_num_eq\cv-valid-dev_sample-003540_eq.npy,..\dataset\mel_num_eq\cv-valid-dev_sample-003540_eq.npy
cv-valid-dev/sample-003541.mp3,2,1,4,..\dataset\mfcc_num\cv-valid-dev_sample-003541.npy,..\dataset\mfcc_spec\cv-valid-dev_sample-003541.png,..\dataset\mel_num\cv-valid-dev_sample-003541.npy,..\dataset\mel_spec\cv-valid-dev_sample-003541.png,..\dataset\mfcc_num_eq\cv-valid-dev_sample-003541_eq.npy,..\dataset\mel_num_eq\cv-valid-dev_sample-003541_eq.npy
cv-valid-dev/sample-003551.mp3,1,1,14,..\dataset\mfcc_num\cv-valid-dev_sample-003551.npy,..\dataset\mfcc_spec\cv-valid-dev_sample-003551.png,..\dataset\mel_num\cv-valid-dev_sample-003551.npy,..\dataset\mel_spec\cv-valid-dev_sample-003551.png,..\dataset\mfcc_num_eq\cv-valid-dev_sample-003551_eq.npy,..\dataset\mel_num_eq\cv-valid-dev_sample-003551_eq.npy
cv-valid-dev/sample-003553.mp3,6,0,3,..\dataset\mfcc_num\cv-valid-dev_sample-003553.npy,..\dataset\mfcc_spec\cv-valid-dev_sample-003553.png,..\dataset\mel_num\cv-valid-dev_sample-003553.npy,..\dataset\mel_spec\cv-valid-dev_sample-003553.png,..\dataset\mfcc_num_eq\cv-valid-dev_sample-003553_eq.npy,..\dataset\mel_num_eq\cv-valid-dev_sample-003553_eq.npy
cv-valid-dev/sample-003555.mp3,6,1,14,..\dataset\mfcc_num\cv-valid-dev_sample-003555.npy,..\dataset\mfcc_spec\cv-valid-dev_sample-003555.png,..\dataset\mel_num\cv-valid-dev_sample-003555.npy,..\dataset\mel_spec\cv-valid-dev_sample-003555.png,..\dataset\mfcc_num_eq\cv-valid-dev_sample-003555_eq.npy,..\dataset\mel_num_eq\cv-valid-dev_sample-003555_eq.npy
cv-valid-dev/sample-003556.mp3,7,1,3,..\dataset\mfcc_num\cv-valid-dev_sample-003556.npy,..\dataset\mfcc_spec\cv-valid-dev_sample-003556.png,..\dataset\mel_num\cv-valid-dev_sample-003556.npy,..\dataset\mel_spec\cv-valid-dev_sample-003556.png,..\dataset\mfcc_num_eq\cv-valid-dev_sample-003556_eq.npy,..\dataset\mel_num_eq\cv-valid-dev_sample-003556_eq.npy
cv-valid-dev/sample-003562.mp3,6,1,4,..\dataset\mfcc_num\cv-valid-dev_sample-003562.npy,..\dataset\mfcc_spec\cv-valid-dev_sample-003562.png,..\dataset\mel_num\cv-valid-dev_sample-003562.npy,..\dataset\mel_spec\cv-valid-dev_sample-003562.png,..\dataset\mfcc_num_eq\cv-valid-dev_sample-003562_eq.npy,..\dataset\mel_num_eq\cv-valid-dev_sample-003562_eq.npy
cv-valid-dev/sample-003563.mp3,2,1,3,..\dataset\mfcc_num\cv-valid-dev_sample-003563.npy,..\dataset\mfcc_spec\cv-valid-dev_sample-003563.png,..\dataset\mel_num\cv-valid-dev_sample-003563.npy,..\dataset\mel_spec\cv-valid-dev_sample-003563.png,..\dataset\mfcc_num_eq\cv-valid-dev_sample-003563_eq.npy,..\dataset\mel_num_eq\cv-valid-dev_sample-003563_eq.npy
cv-valid-dev/sample-003564.mp3,7,1,14,..\dataset\mfcc_num\cv-valid-dev_sample-003564.npy,..\dataset\mfcc_spec\cv-valid-dev_sample-003564.png,..\dataset\mel_num\cv-valid-dev_sample-003564.npy,..\dataset\mel_spec\cv-valid-dev_sample-003564.png,..\dataset\mfcc_num_eq\cv-valid-dev_sample-003564_eq.npy,..\dataset\mel_num_eq\cv-valid-dev_sample-003564_eq.npy
cv-valid-dev/sample-003565.mp3,2,1,4,..\dataset\mfcc_num\cv-valid-dev_sample-003565.npy,..\dataset\mfcc_spec\cv-valid-dev_sample-003565.png,..\dataset\mel_num\cv-valid-dev_sample-003565.npy,..\dataset\mel_spec\cv-valid-dev_sample-003565.png,..\dataset\mfcc_num_eq\cv-valid-dev_sample-003565_eq.npy,..\dataset\mel_num_eq\cv-valid-dev_sample-003565_eq.npy
cv-valid-dev/sample-003566.mp3,7,1,0,..\dataset\mfcc_num\cv-valid-dev_sample-003566.npy,..\dataset\mfcc_spec\cv-valid-dev_sample-003566.png,..\dataset\mel_num\cv-valid-dev_sample-003566.npy,..\dataset\mel_spec\cv-valid-dev_sample-003566.png,..\dataset\mfcc_num_eq\cv-valid-dev_sample-003566_eq.npy,..\dataset\mel_num_eq\cv-valid-dev_sample-003566_eq.npy
cv-valid-dev/sample-003581.mp3,1,0,6,..\dataset\mfcc_num\cv-valid-dev_sample-003581.npy,..\dataset\mfcc_spec\cv-valid-dev_sample-003581.png,..\dataset\mel_num\cv-valid-dev_sample-003581.npy,..\dataset\mel_spec\cv-valid-dev_sample-003581.png,..\dataset\mfcc_num_eq\cv-valid-dev_sample-003581_eq.npy,..\dataset\mel_num_eq\cv-valid-dev_sample-003581_eq.npy
cv-valid-dev/sample-003588.mp3,7,0,3,..\dataset\mfcc_num\cv-valid-dev_sample-003588.npy,..\dataset\mfcc_spec\cv-valid-dev_sample-003588.png,..\dataset\mel_num\cv-valid-dev_sample-003588.npy,..\dataset\mel_spec\cv-valid-dev_sample-003588.png,..\dataset\mfcc_num_eq\cv-valid-dev_sample-003588_eq.npy,..\dataset\mel_num_eq\cv-valid-dev_sample-003588_eq.npy
cv-valid-dev/sample-003590.mp3,7,1,6,..\dataset\mfcc_num\cv-valid-dev_sample-003590.npy,..\dataset\mfcc_spec\cv-valid-dev_sample-003590.png,..\dataset\mel_num\cv-valid-dev_sample-003590.npy,..\dataset\mel_spec\cv-valid-dev_sample-003590.png,..\dataset\mfcc_num_eq\cv-valid-dev_sample-003590_eq.npy,..\dataset\mel_num_eq\cv-valid-dev_sample-003590_eq.npy
cv-valid-dev/sample-003595.mp3,3,1,1,..\dataset\mfcc_num\cv-valid-dev_sample-003595.npy,..\dataset\mfcc_spec\cv-valid-dev_sample-003595.png,..\dataset\mel_num\cv-valid-dev_sample-003595.npy,..\dataset\mel_spec\cv-valid-dev_sample-003595.png,..\dataset\mfcc_num_eq\cv-valid-dev_sample-003595_eq.npy,..\dataset\mel_num_eq\cv-valid-dev_sample-003595_eq.npy
cv-valid-dev/sample-003598.mp3,7,1,9,..\dataset\mfcc_num\cv-valid-dev_sample-003598.npy,..\dataset\mfcc_spec\cv-valid-dev_sample-003598.png,..\dataset\mel_num\cv-valid-dev_sample-003598.npy,..\dataset\mel_spec\cv-valid-dev_sample-003598.png,..\dataset\mfcc_num_eq\cv-valid-dev_sample-003598_eq.npy,..\dataset\mel_num_eq\cv-valid-dev_sample-003598_eq.npy
cv-valid-dev/sample-003601.mp3,5,1,14,..\dataset\mfcc_num\cv-valid-dev_sample-003601.npy,..\dataset\mfcc_spec\cv-valid-dev_sample-003601.png,..\dataset\mel_num\cv-valid-dev_sample-003601.npy,..\dataset\mel_spec\cv-valid-dev_sample-003601.png,..\dataset\mfcc_num_eq\cv-valid-dev_sample-003601_eq.npy,..\dataset\mel_num_eq\cv-valid-dev_sample-003601_eq.npy
cv-valid-dev/sample-003604.mp3,6,1,14,..\dataset\mfcc_num\cv-valid-dev_sample-003604.npy,..\dataset\mfcc_spec\cv-valid-dev_sample-003604.png,..\dataset\mel_num\cv-valid-dev_sample-003604.npy,..\dataset\mel_spec\cv-valid-dev_sample-003604.png,..\dataset\mfcc_num_eq\cv-valid-dev_sample-003604_eq.npy,..\dataset\mel_num_eq\cv-valid-dev_sample-003604_eq.npy
cv-valid-dev/sample-003606.mp3,2,1,14,..\dataset\mfcc_num\cv-valid-dev_sample-003606.npy,..\dataset\mfcc_spec\cv-valid-dev_sample-003606.png,..\dataset\mel_num\cv-valid-dev_sample-003606.npy,..\dataset\mel_spec\cv-valid-dev_sample-003606.png,..\dataset\mfcc_num_eq\cv-valid-dev_sample-003606_eq.npy,..\dataset\mel_num_eq\cv-valid-dev_sample-003606_eq.npy
cv-valid-dev/sample-003608.mp3,7,1,6,..\dataset\mfcc_num\cv-valid-dev_sample-003608.npy,..\dataset\mfcc_spec\cv-valid-dev_sample-003608.png,..\dataset\mel_num\cv-valid-dev_sample-003608.npy,..\dataset\mel_spec\cv-valid-dev_sample-003608.png,..\dataset\mfcc_num_eq\cv-valid-dev_sample-003608_eq.npy,..\dataset\mel_num_eq\cv-valid-dev_sample-003608_eq.npy
cv-valid-dev/sample-003609.mp3,6,1,14,..\dataset\mfcc_num\cv-valid-dev_sample-003609.npy,..\dataset\mfcc_spec\cv-valid-dev_sample-003609.png,..\dataset\mel_num\cv-valid-dev_sample-003609.npy,..\dataset\mel_spec\cv-valid-dev_sample-003609.png,..\dataset\mfcc_num_eq\cv-valid-dev_sample-003609_eq.npy,..\dataset\mel_num_eq\cv-valid-dev_sample-003609_eq.npy
cv-valid-dev/sample-003611.mp3,6,0,4,..\dataset\mfcc_num\cv-valid-dev_sample-003611.npy,..\dataset\mfcc_spec\cv-valid-dev_sample-003611.png,..\dataset\mel_num\cv-valid-dev_sample-003611.npy,..\dataset\mel_spec\cv-valid-dev_sample-003611.png,..\dataset\mfcc_num_eq\cv-valid-dev_sample-003611_eq.npy,..\dataset\mel_num_eq\cv-valid-dev_sample-003611_eq.npy
cv-valid-dev/sample-003612.mp3,2,1,4,..\dataset\mfcc_num\cv-valid-dev_sample-003612.npy,..\dataset\mfcc_spec\cv-valid-dev_sample-003612.png,..\dataset\mel_num\cv-valid-dev_sample-003612.npy,..\dataset\mel_spec\cv-valid-dev_sample-003612.png,..\dataset\mfcc_num_eq\cv-valid-dev_sample-003612_eq.npy,..\dataset\mel_num_eq\cv-valid-dev_sample-003612_eq.npy
cv-valid-dev/sample-003615.mp3,6,0,14,..\dataset\mfcc_num\cv-valid-dev_sample-003615.npy,..\dataset\mfcc_spec\cv-valid-dev_sample-003615.png,..\dataset\mel_num\cv-valid-dev_sample-003615.npy,..\dataset\mel_spec\cv-valid-dev_sample-003615.png,..\dataset\mfcc_num_eq\cv-valid-dev_sample-003615_eq.npy,..\dataset\mel_num_eq\cv-valid-dev_sample-003615_eq.npy
cv-valid-dev/sample-003622.mp3,7,1,0,..\dataset\mfcc_num\cv-valid-dev_sample-003622.npy,..\dataset\mfcc_spec\cv-valid-dev_sample-003622.png,..\dataset\mel_num\cv-valid-dev_sample-003622.npy,..\dataset\mel_spec\cv-valid-dev_sample-003622.png,..\dataset\mfcc_num_eq\cv-valid-dev_sample-003622_eq.npy,..\dataset\mel_num_eq\cv-valid-dev_sample-003622_eq.npy
cv-valid-dev/sample-003623.mp3,6,1,4,..\dataset\mfcc_num\cv-valid-dev_sample-003623.npy,..\dataset\mfcc_spec\cv-valid-dev_sample-003623.png,..\dataset\mel_num\cv-valid-dev_sample-003623.npy,..\dataset\mel_spec\cv-valid-dev_sample-003623.png,..\dataset\mfcc_num_eq\cv-valid-dev_sample-003623_eq.npy,..\dataset\mel_num_eq\cv-valid-dev_sample-003623_eq.npy
cv-valid-dev/sample-003626.mp3,5,1,6,..\dataset\mfcc_num\cv-valid-dev_sample-003626.npy,..\dataset\mfcc_spec\cv-valid-dev_sample-003626.png,..\dataset\mel_num\cv-valid-dev_sample-003626.npy,..\dataset\mel_spec\cv-valid-dev_sample-003626.png,..\dataset\mfcc_num_eq\cv-valid-dev_sample-003626_eq.npy,..\dataset\mel_num_eq\cv-valid-dev_sample-003626_eq.npy
cv-valid-dev/sample-003633.mp3,6,1,4,..\dataset\mfcc_num\cv-valid-dev_sample-003633.npy,..\dataset\mfcc_spec\cv-valid-dev_sample-003633.png,..\dataset\mel_num\cv-valid-dev_sample-003633.npy,..\dataset\mel_spec\cv-valid-dev_sample-003633.png,..\dataset\mfcc_num_eq\cv-valid-dev_sample-003633_eq.npy,..\dataset\mel_num_eq\cv-valid-dev_sample-003633_eq.npy
cv-valid-dev/sample-003634.mp3,6,1,4,..\dataset\mfcc_num\cv-valid-dev_sample-003634.npy,..\dataset\mfcc_spec\cv-valid-dev_sample-003634.png,..\dataset\mel_num\cv-valid-dev_sample-003634.npy,..\dataset\mel_spec\cv-valid-dev_sample-003634.png,..\dataset\mfcc_num_eq\cv-valid-dev_sample-003634_eq.npy,..\dataset\mel_num_eq\cv-valid-dev_sample-003634_eq.npy
cv-valid-dev/sample-003638.mp3,1,0,6,..\dataset\mfcc_num\cv-valid-dev_sample-003638.npy,..\dataset\mfcc_spec\cv-valid-dev_sample-003638.png,..\dataset\mel_num\cv-valid-dev_sample-003638.npy,..\dataset\mel_spec\cv-valid-dev_sample-003638.png,..\dataset\mfcc_num_eq\cv-valid-dev_sample-003638_eq.npy,..\dataset\mel_num_eq\cv-valid-dev_sample-003638_eq.npy
cv-valid-dev/sample-003649.mp3,2,1,14,..\dataset\mfcc_num\cv-valid-dev_sample-003649.npy,..\dataset\mfcc_spec\cv-valid-dev_sample-003649.png,..\dataset\mel_num\cv-valid-dev_sample-003649.npy,..\dataset\mel_spec\cv-valid-dev_sample-003649.png,..\dataset\mfcc_num_eq\cv-valid-dev_sample-003649_eq.npy,..\dataset\mel_num_eq\cv-valid-dev_sample-003649_eq.npy
cv-valid-dev/sample-003650.mp3,7,1,14,..\dataset\mfcc_num\cv-valid-dev_sample-003650.npy,..\dataset\mfcc_spec\cv-valid-dev_sample-003650.png,..\dataset\mel_num\cv-valid-dev_sample-003650.npy,..\dataset\mel_spec\cv-valid-dev_sample-003650.png,..\dataset\mfcc_num_eq\cv-valid-dev_sample-003650_eq.npy,..\dataset\mel_num_eq\cv-valid-dev_sample-003650_eq.npy
cv-valid-dev/sample-003652.mp3,6,1,14,..\dataset\mfcc_num\cv-valid-dev_sample-003652.npy,..\dataset\mfcc_spec\cv-valid-dev_sample-003652.png,..\dataset\mel_num\cv-valid-dev_sample-003652.npy,..\dataset\mel_spec\cv-valid-dev_sample-003652.png,..\dataset\mfcc_num_eq\cv-valid-dev_sample-003652_eq.npy,..\dataset\mel_num_eq\cv-valid-dev_sample-003652_eq.npy
cv-valid-dev/sample-003657.mp3,7,1,6,..\dataset\mfcc_num\cv-valid-dev_sample-003657.npy,..\dataset\mfcc_spec\cv-valid-dev_sample-003657.png,..\dataset\mel_num\cv-valid-dev_sample-003657.npy,..\dataset\mel_spec\cv-valid-dev_sample-003657.png,..\dataset\mfcc_num_eq\cv-valid-dev_sample-003657_eq.npy,..\dataset\mel_num_eq\cv-valid-dev_sample-003657_eq.npy
cv-valid-dev/sample-003663.mp3,7,1,6,..\dataset\mfcc_num\cv-valid-dev_sample-003663.npy,..\dataset\mfcc_spec\cv-valid-dev_sample-003663.png,..\dataset\mel_num\cv-valid-dev_sample-003663.npy,..\dataset\mel_spec\cv-valid-dev_sample-003663.png,..\dataset\mfcc_num_eq\cv-valid-dev_sample-003663_eq.npy,..\dataset\mel_num_eq\cv-valid-dev_sample-003663_eq.npy
cv-valid-dev/sample-003664.mp3,2,1,14,..\dataset\mfcc_num\cv-valid-dev_sample-003664.npy,..\dataset\mfcc_spec\cv-valid-dev_sample-003664.png,..\dataset\mel_num\cv-valid-dev_sample-003664.npy,..\dataset\mel_spec\cv-valid-dev_sample-003664.png,..\dataset\mfcc_num_eq\cv-valid-dev_sample-003664_eq.npy,..\dataset\mel_num_eq\cv-valid-dev_sample-003664_eq.npy
cv-valid-dev/sample-003665.mp3,1,1,14,..\dataset\mfcc_num\cv-valid-dev_sample-003665.npy,..\dataset\mfcc_spec\cv-valid-dev_sample-003665.png,..\dataset\mel_num\cv-valid-dev_sample-003665.npy,..\dataset\mel_spec\cv-valid-dev_sample-003665.png,..\dataset\mfcc_num_eq\cv-valid-dev_sample-003665_eq.npy,..\dataset\mel_num_eq\cv-valid-dev_sample-003665_eq.npy
cv-valid-dev/sample-003667.mp3,2,0,14,..\dataset\mfcc_num\cv-valid-dev_sample-003667.npy,..\dataset\mfcc_spec\cv-valid-dev_sample-003667.png,..\dataset\mel_num\cv-valid-dev_sample-003667.npy,..\dataset\mel_spec\cv-valid-dev_sample-003667.png,..\dataset\mfcc_num_eq\cv-valid-dev_sample-003667_eq.npy,..\dataset\mel_num_eq\cv-valid-dev_sample-003667_eq.npy
cv-valid-dev/sample-003668.mp3,4,1,7,..\dataset\mfcc_num\cv-valid-dev_sample-003668.npy,..\dataset\mfcc_spec\cv-valid-dev_sample-003668.png,..\dataset\mel_num\cv-valid-dev_sample-003668.npy,..\dataset\mel_spec\cv-valid-dev_sample-003668.png,..\dataset\mfcc_num_eq\cv-valid-dev_sample-003668_eq.npy,..\dataset\mel_num_eq\cv-valid-dev_sample-003668_eq.npy
cv-valid-dev/sample-003680.mp3,1,1,14,..\dataset\mfcc_num\cv-valid-dev_sample-003680.npy,..\dataset\mfcc_spec\cv-valid-dev_sample-003680.png,..\dataset\mel_num\cv-valid-dev_sample-003680.npy,..\dataset\mel_spec\cv-valid-dev_sample-003680.png,..\dataset\mfcc_num_eq\cv-valid-dev_sample-003680_eq.npy,..\dataset\mel_num_eq\cv-valid-dev_sample-003680_eq.npy
cv-valid-dev/sample-003682.mp3,4,1,3,..\dataset\mfcc_num\cv-valid-dev_sample-003682.npy,..\dataset\mfcc_spec\cv-valid-dev_sample-003682.png,..\dataset\mel_num\cv-valid-dev_sample-003682.npy,..\dataset\mel_spec\cv-valid-dev_sample-003682.png,..\dataset\mfcc_num_eq\cv-valid-dev_sample-003682_eq.npy,..\dataset\mel_num_eq\cv-valid-dev_sample-003682_eq.npy
cv-valid-dev/sample-003685.mp3,7,1,14,..\dataset\mfcc_num\cv-valid-dev_sample-003685.npy,..\dataset\mfcc_spec\cv-valid-dev_sample-003685.png,..\dataset\mel_num\cv-valid-dev_sample-003685.npy,..\dataset\mel_spec\cv-valid-dev_sample-003685.png,..\dataset\mfcc_num_eq\cv-valid-dev_sample-003685_eq.npy,..\dataset\mel_num_eq\cv-valid-dev_sample-003685_eq.npy
cv-valid-dev/sample-003691.mp3,6,1,14,..\dataset\mfcc_num\cv-valid-dev_sample-003691.npy,..\dataset\mfcc_spec\cv-valid-dev_sample-003691.png,..\dataset\mel_num\cv-valid-dev_sample-003691.npy,..\dataset\mel_spec\cv-valid-dev_sample-003691.png,..\dataset\mfcc_num_eq\cv-valid-dev_sample-003691_eq.npy,..\dataset\mel_num_eq\cv-valid-dev_sample-003691_eq.npy
cv-valid-dev/sample-003692.mp3,6,1,3,..\dataset\mfcc_num\cv-valid-dev_sample-003692.npy,..\dataset\mfcc_spec\cv-valid-dev_sample-003692.png,..\dataset\mel_num\cv-valid-dev_sample-003692.npy,..\dataset\mel_spec\cv-valid-dev_sample-003692.png,..\dataset\mfcc_num_eq\cv-valid-dev_sample-003692_eq.npy,..\dataset\mel_num_eq\cv-valid-dev_sample-003692_eq.npy
cv-valid-dev/sample-003693.mp3,7,1,14,..\dataset\mfcc_num\cv-valid-dev_sample-003693.npy,..\dataset\mfcc_spec\cv-valid-dev_sample-003693.png,..\dataset\mel_num\cv-valid-dev_sample-003693.npy,..\dataset\mel_spec\cv-valid-dev_sample-003693.png,..\dataset\mfcc_num_eq\cv-valid-dev_sample-003693_eq.npy,..\dataset\mel_num_eq\cv-valid-dev_sample-003693_eq.npy
cv-valid-dev/sample-003696.mp3,6,1,11,..\dataset\mfcc_num\cv-valid-dev_sample-003696.npy,..\dataset\mfcc_spec\cv-valid-dev_sample-003696.png,..\dataset\mel_num\cv-valid-dev_sample-003696.npy,..\dataset\mel_spec\cv-valid-dev_sample-003696.png,..\dataset\mfcc_num_eq\cv-valid-dev_sample-003696_eq.npy,..\dataset\mel_num_eq\cv-valid-dev_sample-003696_eq.npy
cv-valid-dev/sample-003698.mp3,5,1,14,..\dataset\mfcc_num\cv-valid-dev_sample-003698.npy,..\dataset\mfcc_spec\cv-valid-dev_sample-003698.png,..\dataset\mel_num\cv-valid-dev_sample-003698.npy,..\dataset\mel_spec\cv-valid-dev_sample-003698.png,..\dataset\mfcc_num_eq\cv-valid-dev_sample-003698_eq.npy,..\dataset\mel_num_eq\cv-valid-dev_sample-003698_eq.npy
cv-valid-dev/sample-003703.mp3,7,0,4,..\dataset\mfcc_num\cv-valid-dev_sample-003703.npy,..\dataset\mfcc_spec\cv-valid-dev_sample-003703.png,..\dataset\mel_num\cv-valid-dev_sample-003703.npy,..\dataset\mel_spec\cv-valid-dev_sample-003703.png,..\dataset\mfcc_num_eq\cv-valid-dev_sample-003703_eq.npy,..\dataset\mel_num_eq\cv-valid-dev_sample-003703_eq.npy
cv-valid-dev/sample-003711.mp3,4,1,4,..\dataset\mfcc_num\cv-valid-dev_sample-003711.npy,..\dataset\mfcc_spec\cv-valid-dev_sample-003711.png,..\dataset\mel_num\cv-valid-dev_sample-003711.npy,..\dataset\mel_spec\cv-valid-dev_sample-003711.png,..\dataset\mfcc_num_eq\cv-valid-dev_sample-003711_eq.npy,..\dataset\mel_num_eq\cv-valid-dev_sample-003711_eq.npy
cv-valid-dev/sample-003712.mp3,2,1,9,..\dataset\mfcc_num\cv-valid-dev_sample-003712.npy,..\dataset\mfcc_spec\cv-valid-dev_sample-003712.png,..\dataset\mel_num\cv-valid-dev_sample-003712.npy,..\dataset\mel_spec\cv-valid-dev_sample-003712.png,..\dataset\mfcc_num_eq\cv-valid-dev_sample-003712_eq.npy,..\dataset\mel_num_eq\cv-valid-dev_sample-003712_eq.npy
cv-valid-dev/sample-003714.mp3,7,1,6,..\dataset\mfcc_num\cv-valid-dev_sample-003714.npy,..\dataset\mfcc_spec\cv-valid-dev_sample-003714.png,..\dataset\mel_num\cv-valid-dev_sample-003714.npy,..\dataset\mel_spec\cv-valid-dev_sample-003714.png,..\dataset\mfcc_num_eq\cv-valid-dev_sample-003714_eq.npy,..\dataset\mel_num_eq\cv-valid-dev_sample-003714_eq.npy
cv-valid-dev/sample-003718.mp3,3,1,1,..\dataset\mfcc_num\cv-valid-dev_sample-003718.npy,..\dataset\mfcc_spec\cv-valid-dev_sample-003718.png,..\dataset\mel_num\cv-valid-dev_sample-003718.npy,..\dataset\mel_spec\cv-valid-dev_sample-003718.png,..\dataset\mfcc_num_eq\cv-valid-dev_sample-003718_eq.npy,..\dataset\mel_num_eq\cv-valid-dev_sample-003718_eq.npy
cv-valid-dev/sample-003725.mp3,4,0,3,..\dataset\mfcc_num\cv-valid-dev_sample-003725.npy,..\dataset\mfcc_spec\cv-valid-dev_sample-003725.png,..\dataset\mel_num\cv-valid-dev_sample-003725.npy,..\dataset\mel_spec\cv-valid-dev_sample-003725.png,..\dataset\mfcc_num_eq\cv-valid-dev_sample-003725_eq.npy,..\dataset\mel_num_eq\cv-valid-dev_sample-003725_eq.npy
cv-valid-dev/sample-003727.mp3,6,1,14,..\dataset\mfcc_num\cv-valid-dev_sample-003727.npy,..\dataset\mfcc_spec\cv-valid-dev_sample-003727.png,..\dataset\mel_num\cv-valid-dev_sample-003727.npy,..\dataset\mel_spec\cv-valid-dev_sample-003727.png,..\dataset\mfcc_num_eq\cv-valid-dev_sample-003727_eq.npy,..\dataset\mel_num_eq\cv-valid-dev_sample-003727_eq.npy
cv-valid-dev/sample-003728.mp3,2,0,4,..\dataset\mfcc_num\cv-valid-dev_sample-003728.npy,..\dataset\mfcc_spec\cv-valid-dev_sample-003728.png,..\dataset\mel_num\cv-valid-dev_sample-003728.npy,..\dataset\mel_spec\cv-valid-dev_sample-003728.png,..\dataset\mfcc_num_eq\cv-valid-dev_sample-003728_eq.npy,..\dataset\mel_num_eq\cv-valid-dev_sample-003728_eq.npy
cv-valid-dev/sample-003729.mp3,3,1,3,..\dataset\mfcc_num\cv-valid-dev_sample-003729.npy,..\dataset\mfcc_spec\cv-valid-dev_sample-003729.png,..\dataset\mel_num\cv-valid-dev_sample-003729.npy,..\dataset\mel_spec\cv-valid-dev_sample-003729.png,..\dataset\mfcc_num_eq\cv-valid-dev_sample-003729_eq.npy,..\dataset\mel_num_eq\cv-valid-dev_sample-003729_eq.npy
cv-valid-dev/sample-003731.mp3,5,1,6,..\dataset\mfcc_num\cv-valid-dev_sample-003731.npy,..\dataset\mfcc_spec\cv-valid-dev_sample-003731.png,..\dataset\mel_num\cv-valid-dev_sample-003731.npy,..\dataset\mel_spec\cv-valid-dev_sample-003731.png,..\dataset\mfcc_num_eq\cv-valid-dev_sample-003731_eq.npy,..\dataset\mel_num_eq\cv-valid-dev_sample-003731_eq.npy
cv-valid-dev/sample-003732.mp3,6,1,1,..\dataset\mfcc_num\cv-valid-dev_sample-003732.npy,..\dataset\mfcc_spec\cv-valid-dev_sample-003732.png,..\dataset\mel_num\cv-valid-dev_sample-003732.npy,..\dataset\mel_spec\cv-valid-dev_sample-003732.png,..\dataset\mfcc_num_eq\cv-valid-dev_sample-003732_eq.npy,..\dataset\mel_num_eq\cv-valid-dev_sample-003732_eq.npy
cv-valid-dev/sample-003733.mp3,7,0,3,..\dataset\mfcc_num\cv-valid-dev_sample-003733.npy,..\dataset\mfcc_spec\cv-valid-dev_sample-003733.png,..\dataset\mel_num\cv-valid-dev_sample-003733.npy,..\dataset\mel_spec\cv-valid-dev_sample-003733.png,..\dataset\mfcc_num_eq\cv-valid-dev_sample-003733_eq.npy,..\dataset\mel_num_eq\cv-valid-dev_sample-003733_eq.npy
cv-valid-dev/sample-003735.mp3,2,0,14,..\dataset\mfcc_num\cv-valid-dev_sample-003735.npy,..\dataset\mfcc_spec\cv-valid-dev_sample-003735.png,..\dataset\mel_num\cv-valid-dev_sample-003735.npy,..\dataset\mel_spec\cv-valid-dev_sample-003735.png,..\dataset\mfcc_num_eq\cv-valid-dev_sample-003735_eq.npy,..\dataset\mel_num_eq\cv-valid-dev_sample-003735_eq.npy
cv-valid-dev/sample-003739.mp3,1,1,14,..\dataset\mfcc_num\cv-valid-dev_sample-003739.npy,..\dataset\mfcc_spec\cv-valid-dev_sample-003739.png,..\dataset\mel_num\cv-valid-dev_sample-003739.npy,..\dataset\mel_spec\cv-valid-dev_sample-003739.png,..\dataset\mfcc_num_eq\cv-valid-dev_sample-003739_eq.npy,..\dataset\mel_num_eq\cv-valid-dev_sample-003739_eq.npy
cv-valid-dev/sample-003740.mp3,6,1,1,..\dataset\mfcc_num\cv-valid-dev_sample-003740.npy,..\dataset\mfcc_spec\cv-valid-dev_sample-003740.png,..\dataset\mel_num\cv-valid-dev_sample-003740.npy,..\dataset\mel_spec\cv-valid-dev_sample-003740.png,..\dataset\mfcc_num_eq\cv-valid-dev_sample-003740_eq.npy,..\dataset\mel_num_eq\cv-valid-dev_sample-003740_eq.npy
cv-valid-dev/sample-003742.mp3,4,0,4,..\dataset\mfcc_num\cv-valid-dev_sample-003742.npy,..\dataset\mfcc_spec\cv-valid-dev_sample-003742.png,..\dataset\mel_num\cv-valid-dev_sample-003742.npy,..\dataset\mel_spec\cv-valid-dev_sample-003742.png,..\dataset\mfcc_num_eq\cv-valid-dev_sample-003742_eq.npy,..\dataset\mel_num_eq\cv-valid-dev_sample-003742_eq.npy
cv-valid-dev/sample-003747.mp3,7,1,1,..\dataset\mfcc_num\cv-valid-dev_sample-003747.npy,..\dataset\mfcc_spec\cv-valid-dev_sample-003747.png,..\dataset\mel_num\cv-valid-dev_sample-003747.npy,..\dataset\mel_spec\cv-valid-dev_sample-003747.png,..\dataset\mfcc_num_eq\cv-valid-dev_sample-003747_eq.npy,..\dataset\mel_num_eq\cv-valid-dev_sample-003747_eq.npy
cv-valid-dev/sample-003748.mp3,7,1,4,..\dataset\mfcc_num\cv-valid-dev_sample-003748.npy,..\dataset\mfcc_spec\cv-valid-dev_sample-003748.png,..\dataset\mel_num\cv-valid-dev_sample-003748.npy,..\dataset\mel_spec\cv-valid-dev_sample-003748.png,..\dataset\mfcc_num_eq\cv-valid-dev_sample-003748_eq.npy,..\dataset\mel_num_eq\cv-valid-dev_sample-003748_eq.npy
cv-valid-dev/sample-003752.mp3,1,1,4,..\dataset\mfcc_num\cv-valid-dev_sample-003752.npy,..\dataset\mfcc_spec\cv-valid-dev_sample-003752.png,..\dataset\mel_num\cv-valid-dev_sample-003752.npy,..\dataset\mel_spec\cv-valid-dev_sample-003752.png,..\dataset\mfcc_num_eq\cv-valid-dev_sample-003752_eq.npy,..\dataset\mel_num_eq\cv-valid-dev_sample-003752_eq.npy
cv-valid-dev/sample-003755.mp3,7,1,14,..\dataset\mfcc_num\cv-valid-dev_sample-003755.npy,..\dataset\mfcc_spec\cv-valid-dev_sample-003755.png,..\dataset\mel_num\cv-valid-dev_sample-003755.npy,..\dataset\mel_spec\cv-valid-dev_sample-003755.png,..\dataset\mfcc_num_eq\cv-valid-dev_sample-003755_eq.npy,..\dataset\mel_num_eq\cv-valid-dev_sample-003755_eq.npy
cv-valid-dev/sample-003756.mp3,7,1,4,..\dataset\mfcc_num\cv-valid-dev_sample-003756.npy,..\dataset\mfcc_spec\cv-valid-dev_sample-003756.png,..\dataset\mel_num\cv-valid-dev_sample-003756.npy,..\dataset\mel_spec\cv-valid-dev_sample-003756.png,..\dataset\mfcc_num_eq\cv-valid-dev_sample-003756_eq.npy,..\dataset\mel_num_eq\cv-valid-dev_sample-003756_eq.npy
cv-valid-dev/sample-003764.mp3,3,1,1,..\dataset\mfcc_num\cv-valid-dev_sample-003764.npy,..\dataset\mfcc_spec\cv-valid-dev_sample-003764.png,..\dataset\mel_num\cv-valid-dev_sample-003764.npy,..\dataset\mel_spec\cv-valid-dev_sample-003764.png,..\dataset\mfcc_num_eq\cv-valid-dev_sample-003764_eq.npy,..\dataset\mel_num_eq\cv-valid-dev_sample-003764_eq.npy
cv-valid-dev/sample-003770.mp3,5,0,14,..\dataset\mfcc_num\cv-valid-dev_sample-003770.npy,..\dataset\mfcc_spec\cv-valid-dev_sample-003770.png,..\dataset\mel_num\cv-valid-dev_sample-003770.npy,..\dataset\mel_spec\cv-valid-dev_sample-003770.png,..\dataset\mfcc_num_eq\cv-valid-dev_sample-003770_eq.npy,..\dataset\mel_num_eq\cv-valid-dev_sample-003770_eq.npy
cv-valid-dev/sample-003771.mp3,6,1,0,..\dataset\mfcc_num\cv-valid-dev_sample-003771.npy,..\dataset\mfcc_spec\cv-valid-dev_sample-003771.png,..\dataset\mel_num\cv-valid-dev_sample-003771.npy,..\dataset\mel_spec\cv-valid-dev_sample-003771.png,..\dataset\mfcc_num_eq\cv-valid-dev_sample-003771_eq.npy,..\dataset\mel_num_eq\cv-valid-dev_sample-003771_eq.npy
cv-valid-dev/sample-003778.mp3,7,1,14,..\dataset\mfcc_num\cv-valid-dev_sample-003778.npy,..\dataset\mfcc_spec\cv-valid-dev_sample-003778.png,..\dataset\mel_num\cv-valid-dev_sample-003778.npy,..\dataset\mel_spec\cv-valid-dev_sample-003778.png,..\dataset\mfcc_num_eq\cv-valid-dev_sample-003778_eq.npy,..\dataset\mel_num_eq\cv-valid-dev_sample-003778_eq.npy
cv-valid-dev/sample-003781.mp3,2,1,14,..\dataset\mfcc_num\cv-valid-dev_sample-003781.npy,..\dataset\mfcc_spec\cv-valid-dev_sample-003781.png,..\dataset\mel_num\cv-valid-dev_sample-003781.npy,..\dataset\mel_spec\cv-valid-dev_sample-003781.png,..\dataset\mfcc_num_eq\cv-valid-dev_sample-003781_eq.npy,..\dataset\mel_num_eq\cv-valid-dev_sample-003781_eq.npy
cv-valid-dev/sample-003782.mp3,1,1,14,..\dataset\mfcc_num\cv-valid-dev_sample-003782.npy,..\dataset\mfcc_spec\cv-valid-dev_sample-003782.png,..\dataset\mel_num\cv-valid-dev_sample-003782.npy,..\dataset\mel_spec\cv-valid-dev_sample-003782.png,..\dataset\mfcc_num_eq\cv-valid-dev_sample-003782_eq.npy,..\dataset\mel_num_eq\cv-valid-dev_sample-003782_eq.npy
cv-valid-dev/sample-003783.mp3,7,0,1,..\dataset\mfcc_num\cv-valid-dev_sample-003783.npy,..\dataset\mfcc_spec\cv-valid-dev_sample-003783.png,..\dataset\mel_num\cv-valid-dev_sample-003783.npy,..\dataset\mel_spec\cv-valid-dev_sample-003783.png,..\dataset\mfcc_num_eq\cv-valid-dev_sample-003783_eq.npy,..\dataset\mel_num_eq\cv-valid-dev_sample-003783_eq.npy
cv-valid-dev/sample-003789.mp3,7,1,4,..\dataset\mfcc_num\cv-valid-dev_sample-003789.npy,..\dataset\mfcc_spec\cv-valid-dev_sample-003789.png,..\dataset\mel_num\cv-valid-dev_sample-003789.npy,..\dataset\mel_spec\cv-valid-dev_sample-003789.png,..\dataset\mfcc_num_eq\cv-valid-dev_sample-003789_eq.npy,..\dataset\mel_num_eq\cv-valid-dev_sample-003789_eq.npy
cv-valid-dev/sample-003790.mp3,7,1,14,..\dataset\mfcc_num\cv-valid-dev_sample-003790.npy,..\dataset\mfcc_spec\cv-valid-dev_sample-003790.png,..\dataset\mel_num\cv-valid-dev_sample-003790.npy,..\dataset\mel_spec\cv-valid-dev_sample-003790.png,..\dataset\mfcc_num_eq\cv-valid-dev_sample-003790_eq.npy,..\dataset\mel_num_eq\cv-valid-dev_sample-003790_eq.npy
cv-valid-dev/sample-003792.mp3,2,1,14,..\dataset\mfcc_num\cv-valid-dev_sample-003792.npy,..\dataset\mfcc_spec\cv-valid-dev_sample-003792.png,..\dataset\mel_num\cv-valid-dev_sample-003792.npy,..\dataset\mel_spec\cv-valid-dev_sample-003792.png,..\dataset\mfcc_num_eq\cv-valid-dev_sample-003792_eq.npy,..\dataset\mel_num_eq\cv-valid-dev_sample-003792_eq.npy
cv-valid-dev/sample-003793.mp3,5,1,14,..\dataset\mfcc_num\cv-valid-dev_sample-003793.npy,..\dataset\mfcc_spec\cv-valid-dev_sample-003793.png,..\dataset\mel_num\cv-valid-dev_sample-003793.npy,..\dataset\mel_spec\cv-valid-dev_sample-003793.png,..\dataset\mfcc_num_eq\cv-valid-dev_sample-003793_eq.npy,..\dataset\mel_num_eq\cv-valid-dev_sample-003793_eq.npy
cv-valid-dev/sample-003796.mp3,1,0,1,..\dataset\mfcc_num\cv-valid-dev_sample-003796.npy,..\dataset\mfcc_spec\cv-valid-dev_sample-003796.png,..\dataset\mel_num\cv-valid-dev_sample-003796.npy,..\dataset\mel_spec\cv-valid-dev_sample-003796.png,..\dataset\mfcc_num_eq\cv-valid-dev_sample-003796_eq.npy,..\dataset\mel_num_eq\cv-valid-dev_sample-003796_eq.npy
cv-valid-dev/sample-003799.mp3,5,1,14,..\dataset\mfcc_num\cv-valid-dev_sample-003799.npy,..\dataset\mfcc_spec\cv-valid-dev_sample-003799.png,..\dataset\mel_num\cv-valid-dev_sample-003799.npy,..\dataset\mel_spec\cv-valid-dev_sample-003799.png,..\dataset\mfcc_num_eq\cv-valid-dev_sample-003799_eq.npy,..\dataset\mel_num_eq\cv-valid-dev_sample-003799_eq.npy
cv-valid-dev/sample-003800.mp3,7,1,6,..\dataset\mfcc_num\cv-valid-dev_sample-003800.npy,..\dataset\mfcc_spec\cv-valid-dev_sample-003800.png,..\dataset\mel_num\cv-valid-dev_sample-003800.npy,..\dataset\mel_spec\cv-valid-dev_sample-003800.png,..\dataset\mfcc_num_eq\cv-valid-dev_sample-003800_eq.npy,..\dataset\mel_num_eq\cv-valid-dev_sample-003800_eq.npy
cv-valid-dev/sample-003802.mp3,3,1,4,..\dataset\mfcc_num\cv-valid-dev_sample-003802.npy,..\dataset\mfcc_spec\cv-valid-dev_sample-003802.png,..\dataset\mel_num\cv-valid-dev_sample-003802.npy,..\dataset\mel_spec\cv-valid-dev_sample-003802.png,..\dataset\mfcc_num_eq\cv-valid-dev_sample-003802_eq.npy,..\dataset\mel_num_eq\cv-valid-dev_sample-003802_eq.npy
cv-valid-dev/sample-003803.mp3,1,0,14,..\dataset\mfcc_num\cv-valid-dev_sample-003803.npy,..\dataset\mfcc_spec\cv-valid-dev_sample-003803.png,..\dataset\mel_num\cv-valid-dev_sample-003803.npy,..\dataset\mel_spec\cv-valid-dev_sample-003803.png,..\dataset\mfcc_num_eq\cv-valid-dev_sample-003803_eq.npy,..\dataset\mel_num_eq\cv-valid-dev_sample-003803_eq.npy
cv-valid-dev/sample-003804.mp3,7,0,14,..\dataset\mfcc_num\cv-valid-dev_sample-003804.npy,..\dataset\mfcc_spec\cv-valid-dev_sample-003804.png,..\dataset\mel_num\cv-valid-dev_sample-003804.npy,..\dataset\mel_spec\cv-valid-dev_sample-003804.png,..\dataset\mfcc_num_eq\cv-valid-dev_sample-003804_eq.npy,..\dataset\mel_num_eq\cv-valid-dev_sample-003804_eq.npy
cv-valid-dev/sample-003808.mp3,7,0,4,..\dataset\mfcc_num\cv-valid-dev_sample-003808.npy,..\dataset\mfcc_spec\cv-valid-dev_sample-003808.png,..\dataset\mel_num\cv-valid-dev_sample-003808.npy,..\dataset\mel_spec\cv-valid-dev_sample-003808.png,..\dataset\mfcc_num_eq\cv-valid-dev_sample-003808_eq.npy,..\dataset\mel_num_eq\cv-valid-dev_sample-003808_eq.npy
cv-valid-dev/sample-003814.mp3,1,1,1,..\dataset\mfcc_num\cv-valid-dev_sample-003814.npy,..\dataset\mfcc_spec\cv-valid-dev_sample-003814.png,..\dataset\mel_num\cv-valid-dev_sample-003814.npy,..\dataset\mel_spec\cv-valid-dev_sample-003814.png,..\dataset\mfcc_num_eq\cv-valid-dev_sample-003814_eq.npy,..\dataset\mel_num_eq\cv-valid-dev_sample-003814_eq.npy
cv-valid-dev/sample-003816.mp3,6,1,4,..\dataset\mfcc_num\cv-valid-dev_sample-003816.npy,..\dataset\mfcc_spec\cv-valid-dev_sample-003816.png,..\dataset\mel_num\cv-valid-dev_sample-003816.npy,..\dataset\mel_spec\cv-valid-dev_sample-003816.png,..\dataset\mfcc_num_eq\cv-valid-dev_sample-003816_eq.npy,..\dataset\mel_num_eq\cv-valid-dev_sample-003816_eq.npy
cv-valid-dev/sample-003819.mp3,7,1,3,..\dataset\mfcc_num\cv-valid-dev_sample-003819.npy,..\dataset\mfcc_spec\cv-valid-dev_sample-003819.png,..\dataset\mel_num\cv-valid-dev_sample-003819.npy,..\dataset\mel_spec\cv-valid-dev_sample-003819.png,..\dataset\mfcc_num_eq\cv-valid-dev_sample-003819_eq.npy,..\dataset\mel_num_eq\cv-valid-dev_sample-003819_eq.npy
cv-valid-dev/sample-003820.mp3,6,1,7,..\dataset\mfcc_num\cv-valid-dev_sample-003820.npy,..\dataset\mfcc_spec\cv-valid-dev_sample-003820.png,..\dataset\mel_num\cv-valid-dev_sample-003820.npy,..\dataset\mel_spec\cv-valid-dev_sample-003820.png,..\dataset\mfcc_num_eq\cv-valid-dev_sample-003820_eq.npy,..\dataset\mel_num_eq\cv-valid-dev_sample-003820_eq.npy
cv-valid-dev/sample-003825.mp3,7,1,3,..\dataset\mfcc_num\cv-valid-dev_sample-003825.npy,..\dataset\mfcc_spec\cv-valid-dev_sample-003825.png,..\dataset\mel_num\cv-valid-dev_sample-003825.npy,..\dataset\mel_spec\cv-valid-dev_sample-003825.png,..\dataset\mfcc_num_eq\cv-valid-dev_sample-003825_eq.npy,..\dataset\mel_num_eq\cv-valid-dev_sample-003825_eq.npy
cv-valid-dev/sample-003827.mp3,2,1,11,..\dataset\mfcc_num\cv-valid-dev_sample-003827.npy,..\dataset\mfcc_spec\cv-valid-dev_sample-003827.png,..\dataset\mel_num\cv-valid-dev_sample-003827.npy,..\dataset\mel_spec\cv-valid-dev_sample-003827.png,..\dataset\mfcc_num_eq\cv-valid-dev_sample-003827_eq.npy,..\dataset\mel_num_eq\cv-valid-dev_sample-003827_eq.npy
cv-valid-dev/sample-003828.mp3,6,0,4,..\dataset\mfcc_num\cv-valid-dev_sample-003828.npy,..\dataset\mfcc_spec\cv-valid-dev_sample-003828.png,..\dataset\mel_num\cv-valid-dev_sample-003828.npy,..\dataset\mel_spec\cv-valid-dev_sample-003828.png,..\dataset\mfcc_num_eq\cv-valid-dev_sample-003828_eq.npy,..\dataset\mel_num_eq\cv-valid-dev_sample-003828_eq.npy
cv-valid-dev/sample-003831.mp3,7,1,14,..\dataset\mfcc_num\cv-valid-dev_sample-003831.npy,..\dataset\mfcc_spec\cv-valid-dev_sample-003831.png,..\dataset\mel_num\cv-valid-dev_sample-003831.npy,..\dataset\mel_spec\cv-valid-dev_sample-003831.png,..\dataset\mfcc_num_eq\cv-valid-dev_sample-003831_eq.npy,..\dataset\mel_num_eq\cv-valid-dev_sample-003831_eq.npy
cv-valid-dev/sample-003832.mp3,7,1,14,..\dataset\mfcc_num\cv-valid-dev_sample-003832.npy,..\dataset\mfcc_spec\cv-valid-dev_sample-003832.png,..\dataset\mel_num\cv-valid-dev_sample-003832.npy,..\dataset\mel_spec\cv-valid-dev_sample-003832.png,..\dataset\mfcc_num_eq\cv-valid-dev_sample-003832_eq.npy,..\dataset\mel_num_eq\cv-valid-dev_sample-003832_eq.npy
cv-valid-dev/sample-003833.mp3,5,1,3,..\dataset\mfcc_num\cv-valid-dev_sample-003833.npy,..\dataset\mfcc_spec\cv-valid-dev_sample-003833.png,..\dataset\mel_num\cv-valid-dev_sample-003833.npy,..\dataset\mel_spec\cv-valid-dev_sample-003833.png,..\dataset\mfcc_num_eq\cv-valid-dev_sample-003833_eq.npy,..\dataset\mel_num_eq\cv-valid-dev_sample-003833_eq.npy
cv-valid-dev/sample-003836.mp3,7,1,14,..\dataset\mfcc_num\cv-valid-dev_sample-003836.npy,..\dataset\mfcc_spec\cv-valid-dev_sample-003836.png,..\dataset\mel_num\cv-valid-dev_sample-003836.npy,..\dataset\mel_spec\cv-valid-dev_sample-003836.png,..\dataset\mfcc_num_eq\cv-valid-dev_sample-003836_eq.npy,..\dataset\mel_num_eq\cv-valid-dev_sample-003836_eq.npy
cv-valid-dev/sample-003852.mp3,4,0,4,..\dataset\mfcc_num\cv-valid-dev_sample-003852.npy,..\dataset\mfcc_spec\cv-valid-dev_sample-003852.png,..\dataset\mel_num\cv-valid-dev_sample-003852.npy,..\dataset\mel_spec\cv-valid-dev_sample-003852.png,..\dataset\mfcc_num_eq\cv-valid-dev_sample-003852_eq.npy,..\dataset\mel_num_eq\cv-valid-dev_sample-003852_eq.npy
cv-valid-dev/sample-003853.mp3,2,1,4,..\dataset\mfcc_num\cv-valid-dev_sample-003853.npy,..\dataset\mfcc_spec\cv-valid-dev_sample-003853.png,..\dataset\mel_num\cv-valid-dev_sample-003853.npy,..\dataset\mel_spec\cv-valid-dev_sample-003853.png,..\dataset\mfcc_num_eq\cv-valid-dev_sample-003853_eq.npy,..\dataset\mel_num_eq\cv-valid-dev_sample-003853_eq.npy
cv-valid-dev/sample-003855.mp3,4,0,14,..\dataset\mfcc_num\cv-valid-dev_sample-003855.npy,..\dataset\mfcc_spec\cv-valid-dev_sample-003855.png,..\dataset\mel_num\cv-valid-dev_sample-003855.npy,..\dataset\mel_spec\cv-valid-dev_sample-003855.png,..\dataset\mfcc_num_eq\cv-valid-dev_sample-003855_eq.npy,..\dataset\mel_num_eq\cv-valid-dev_sample-003855_eq.npy
cv-valid-dev/sample-003863.mp3,2,1,14,..\dataset\mfcc_num\cv-valid-dev_sample-003863.npy,..\dataset\mfcc_spec\cv-valid-dev_sample-003863.png,..\dataset\mel_num\cv-valid-dev_sample-003863.npy,..\dataset\mel_spec\cv-valid-dev_sample-003863.png,..\dataset\mfcc_num_eq\cv-valid-dev_sample-003863_eq.npy,..\dataset\mel_num_eq\cv-valid-dev_sample-003863_eq.npy
cv-valid-dev/sample-003866.mp3,3,1,14,..\dataset\mfcc_num\cv-valid-dev_sample-003866.npy,..\dataset\mfcc_spec\cv-valid-dev_sample-003866.png,..\dataset\mel_num\cv-valid-dev_sample-003866.npy,..\dataset\mel_spec\cv-valid-dev_sample-003866.png,..\dataset\mfcc_num_eq\cv-valid-dev_sample-003866_eq.npy,..\dataset\mel_num_eq\cv-valid-dev_sample-003866_eq.npy
cv-valid-dev/sample-003867.mp3,7,1,0,..\dataset\mfcc_num\cv-valid-dev_sample-003867.npy,..\dataset\mfcc_spec\cv-valid-dev_sample-003867.png,..\dataset\mel_num\cv-valid-dev_sample-003867.npy,..\dataset\mel_spec\cv-valid-dev_sample-003867.png,..\dataset\mfcc_num_eq\cv-valid-dev_sample-003867_eq.npy,..\dataset\mel_num_eq\cv-valid-dev_sample-003867_eq.npy
cv-valid-dev/sample-003873.mp3,2,1,14,..\dataset\mfcc_num\cv-valid-dev_sample-003873.npy,..\dataset\mfcc_spec\cv-valid-dev_sample-003873.png,..\dataset\mel_num\cv-valid-dev_sample-003873.npy,..\dataset\mel_spec\cv-valid-dev_sample-003873.png,..\dataset\mfcc_num_eq\cv-valid-dev_sample-003873_eq.npy,..\dataset\mel_num_eq\cv-valid-dev_sample-003873_eq.npy
cv-valid-dev/sample-003876.mp3,2,0,4,..\dataset\mfcc_num\cv-valid-dev_sample-003876.npy,..\dataset\mfcc_spec\cv-valid-dev_sample-003876.png,..\dataset\mel_num\cv-valid-dev_sample-003876.npy,..\dataset\mel_spec\cv-valid-dev_sample-003876.png,..\dataset\mfcc_num_eq\cv-valid-dev_sample-003876_eq.npy,..\dataset\mel_num_eq\cv-valid-dev_sample-003876_eq.npy
cv-valid-dev/sample-003877.mp3,6,1,7,..\dataset\mfcc_num\cv-valid-dev_sample-003877.npy,..\dataset\mfcc_spec\cv-valid-dev_sample-003877.png,..\dataset\mel_num\cv-valid-dev_sample-003877.npy,..\dataset\mel_spec\cv-valid-dev_sample-003877.png,..\dataset\mfcc_num_eq\cv-valid-dev_sample-003877_eq.npy,..\dataset\mel_num_eq\cv-valid-dev_sample-003877_eq.npy
cv-valid-dev/sample-003881.mp3,6,1,14,..\dataset\mfcc_num\cv-valid-dev_sample-003881.npy,..\dataset\mfcc_spec\cv-valid-dev_sample-003881.png,..\dataset\mel_num\cv-valid-dev_sample-003881.npy,..\dataset\mel_spec\cv-valid-dev_sample-003881.png,..\dataset\mfcc_num_eq\cv-valid-dev_sample-003881_eq.npy,..\dataset\mel_num_eq\cv-valid-dev_sample-003881_eq.npy
cv-valid-dev/sample-003887.mp3,2,0,14,..\dataset\mfcc_num\cv-valid-dev_sample-003887.npy,..\dataset\mfcc_spec\cv-valid-dev_sample-003887.png,..\dataset\mel_num\cv-valid-dev_sample-003887.npy,..\dataset\mel_spec\cv-valid-dev_sample-003887.png,..\dataset\mfcc_num_eq\cv-valid-dev_sample-003887_eq.npy,..\dataset\mel_num_eq\cv-valid-dev_sample-003887_eq.npy
cv-valid-dev/sample-003888.mp3,2,1,14,..\dataset\mfcc_num\cv-valid-dev_sample-003888.npy,..\dataset\mfcc_spec\cv-valid-dev_sample-003888.png,..\dataset\mel_num\cv-valid-dev_sample-003888.npy,..\dataset\mel_spec\cv-valid-dev_sample-003888.png,..\dataset\mfcc_num_eq\cv-valid-dev_sample-003888_eq.npy,..\dataset\mel_num_eq\cv-valid-dev_sample-003888_eq.npy
cv-valid-dev/sample-003890.mp3,4,1,4,..\dataset\mfcc_num\cv-valid-dev_sample-003890.npy,..\dataset\mfcc_spec\cv-valid-dev_sample-003890.png,..\dataset\mel_num\cv-valid-dev_sample-003890.npy,..\dataset\mel_spec\cv-valid-dev_sample-003890.png,..\dataset\mfcc_num_eq\cv-valid-dev_sample-003890_eq.npy,..\dataset\mel_num_eq\cv-valid-dev_sample-003890_eq.npy
cv-valid-dev/sample-003898.mp3,7,1,14,..\dataset\mfcc_num\cv-valid-dev_sample-003898.npy,..\dataset\mfcc_spec\cv-valid-dev_sample-003898.png,..\dataset\mel_num\cv-valid-dev_sample-003898.npy,..\dataset\mel_spec\cv-valid-dev_sample-003898.png,..\dataset\mfcc_num_eq\cv-valid-dev_sample-003898_eq.npy,..\dataset\mel_num_eq\cv-valid-dev_sample-003898_eq.npy
cv-valid-dev/sample-003899.mp3,7,1,4,..\dataset\mfcc_num\cv-valid-dev_sample-003899.npy,..\dataset\mfcc_spec\cv-valid-dev_sample-003899.png,..\dataset\mel_num\cv-valid-dev_sample-003899.npy,..\dataset\mel_spec\cv-valid-dev_sample-003899.png,..\dataset\mfcc_num_eq\cv-valid-dev_sample-003899_eq.npy,..\dataset\mel_num_eq\cv-valid-dev_sample-003899_eq.npy
cv-valid-dev/sample-003900.mp3,7,0,2,..\dataset\mfcc_num\cv-valid-dev_sample-003900.npy,..\dataset\mfcc_spec\cv-valid-dev_sample-003900.png,..\dataset\mel_num\cv-valid-dev_sample-003900.npy,..\dataset\mel_spec\cv-valid-dev_sample-003900.png,..\dataset\mfcc_num_eq\cv-valid-dev_sample-003900_eq.npy,..\dataset\mel_num_eq\cv-valid-dev_sample-003900_eq.npy
cv-valid-dev/sample-003905.mp3,7,1,14,..\dataset\mfcc_num\cv-valid-dev_sample-003905.npy,..\dataset\mfcc_spec\cv-valid-dev_sample-003905.png,..\dataset\mel_num\cv-valid-dev_sample-003905.npy,..\dataset\mel_spec\cv-valid-dev_sample-003905.png,..\dataset\mfcc_num_eq\cv-valid-dev_sample-003905_eq.npy,..\dataset\mel_num_eq\cv-valid-dev_sample-003905_eq.npy
cv-valid-dev/sample-003907.mp3,6,0,3,..\dataset\mfcc_num\cv-valid-dev_sample-003907.npy,..\dataset\mfcc_spec\cv-valid-dev_sample-003907.png,..\dataset\mel_num\cv-valid-dev_sample-003907.npy,..\dataset\mel_spec\cv-valid-dev_sample-003907.png,..\dataset\mfcc_num_eq\cv-valid-dev_sample-003907_eq.npy,..\dataset\mel_num_eq\cv-valid-dev_sample-003907_eq.npy
cv-valid-dev/sample-003920.mp3,1,1,14,..\dataset\mfcc_num\cv-valid-dev_sample-003920.npy,..\dataset\mfcc_spec\cv-valid-dev_sample-003920.png,..\dataset\mel_num\cv-valid-dev_sample-003920.npy,..\dataset\mel_spec\cv-valid-dev_sample-003920.png,..\dataset\mfcc_num_eq\cv-valid-dev_sample-003920_eq.npy,..\dataset\mel_num_eq\cv-valid-dev_sample-003920_eq.npy
cv-valid-dev/sample-003923.mp3,2,1,14,..\dataset\mfcc_num\cv-valid-dev_sample-003923.npy,..\dataset\mfcc_spec\cv-valid-dev_sample-003923.png,..\dataset\mel_num\cv-valid-dev_sample-003923.npy,..\dataset\mel_spec\cv-valid-dev_sample-003923.png,..\dataset\mfcc_num_eq\cv-valid-dev_sample-003923_eq.npy,..\dataset\mel_num_eq\cv-valid-dev_sample-003923_eq.npy
cv-valid-dev/sample-003925.mp3,3,1,1,..\dataset\mfcc_num\cv-valid-dev_sample-003925.npy,..\dataset\mfcc_spec\cv-valid-dev_sample-003925.png,..\dataset\mel_num\cv-valid-dev_sample-003925.npy,..\dataset\mel_spec\cv-valid-dev_sample-003925.png,..\dataset\mfcc_num_eq\cv-valid-dev_sample-003925_eq.npy,..\dataset\mel_num_eq\cv-valid-dev_sample-003925_eq.npy
cv-valid-dev/sample-003928.mp3,2,1,14,..\dataset\mfcc_num\cv-valid-dev_sample-003928.npy,..\dataset\mfcc_spec\cv-valid-dev_sample-003928.png,..\dataset\mel_num\cv-valid-dev_sample-003928.npy,..\dataset\mel_spec\cv-valid-dev_sample-003928.png,..\dataset\mfcc_num_eq\cv-valid-dev_sample-003928_eq.npy,..\dataset\mel_num_eq\cv-valid-dev_sample-003928_eq.npy
cv-valid-dev/sample-003933.mp3,1,0,14,..\dataset\mfcc_num\cv-valid-dev_sample-003933.npy,..\dataset\mfcc_spec\cv-valid-dev_sample-003933.png,..\dataset\mel_num\cv-valid-dev_sample-003933.npy,..\dataset\mel_spec\cv-valid-dev_sample-003933.png,..\dataset\mfcc_num_eq\cv-valid-dev_sample-003933_eq.npy,..\dataset\mel_num_eq\cv-valid-dev_sample-003933_eq.npy
cv-valid-dev/sample-003937.mp3,1,1,1,..\dataset\mfcc_num\cv-valid-dev_sample-003937.npy,..\dataset\mfcc_spec\cv-valid-dev_sample-003937.png,..\dataset\mel_num\cv-valid-dev_sample-003937.npy,..\dataset\mel_spec\cv-valid-dev_sample-003937.png,..\dataset\mfcc_num_eq\cv-valid-dev_sample-003937_eq.npy,..\dataset\mel_num_eq\cv-valid-dev_sample-003937_eq.npy
cv-valid-dev/sample-003939.mp3,4,1,4,..\dataset\mfcc_num\cv-valid-dev_sample-003939.npy,..\dataset\mfcc_spec\cv-valid-dev_sample-003939.png,..\dataset\mel_num\cv-valid-dev_sample-003939.npy,..\dataset\mel_spec\cv-valid-dev_sample-003939.png,..\dataset\mfcc_num_eq\cv-valid-dev_sample-003939_eq.npy,..\dataset\mel_num_eq\cv-valid-dev_sample-003939_eq.npy
cv-valid-dev/sample-003940.mp3,4,0,14,..\dataset\mfcc_num\cv-valid-dev_sample-003940.npy,..\dataset\mfcc_spec\cv-valid-dev_sample-003940.png,..\dataset\mel_num\cv-valid-dev_sample-003940.npy,..\dataset\mel_spec\cv-valid-dev_sample-003940.png,..\dataset\mfcc_num_eq\cv-valid-dev_sample-003940_eq.npy,..\dataset\mel_num_eq\cv-valid-dev_sample-003940_eq.npy
cv-valid-dev/sample-003941.mp3,5,0,3,..\dataset\mfcc_num\cv-valid-dev_sample-003941.npy,..\dataset\mfcc_spec\cv-valid-dev_sample-003941.png,..\dataset\mel_num\cv-valid-dev_sample-003941.npy,..\dataset\mel_spec\cv-valid-dev_sample-003941.png,..\dataset\mfcc_num_eq\cv-valid-dev_sample-003941_eq.npy,..\dataset\mel_num_eq\cv-valid-dev_sample-003941_eq.npy
cv-valid-dev/sample-003945.mp3,7,1,4,..\dataset\mfcc_num\cv-valid-dev_sample-003945.npy,..\dataset\mfcc_spec\cv-valid-dev_sample-003945.png,..\dataset\mel_num\cv-valid-dev_sample-003945.npy,..\dataset\mel_spec\cv-valid-dev_sample-003945.png,..\dataset\mfcc_num_eq\cv-valid-dev_sample-003945_eq.npy,..\dataset\mel_num_eq\cv-valid-dev_sample-003945_eq.npy
cv-valid-dev/sample-003947.mp3,4,1,7,..\dataset\mfcc_num\cv-valid-dev_sample-003947.npy,..\dataset\mfcc_spec\cv-valid-dev_sample-003947.png,..\dataset\mel_num\cv-valid-dev_sample-003947.npy,..\dataset\mel_spec\cv-valid-dev_sample-003947.png,..\dataset\mfcc_num_eq\cv-valid-dev_sample-003947_eq.npy,..\dataset\mel_num_eq\cv-valid-dev_sample-003947_eq.npy
cv-valid-dev/sample-003948.mp3,6,1,4,..\dataset\mfcc_num\cv-valid-dev_sample-003948.npy,..\dataset\mfcc_spec\cv-valid-dev_sample-003948.png,..\dataset\mel_num\cv-valid-dev_sample-003948.npy,..\dataset\mel_spec\cv-valid-dev_sample-003948.png,..\dataset\mfcc_num_eq\cv-valid-dev_sample-003948_eq.npy,..\dataset\mel_num_eq\cv-valid-dev_sample-003948_eq.npy
cv-valid-dev/sample-003949.mp3,7,1,14,..\dataset\mfcc_num\cv-valid-dev_sample-003949.npy,..\dataset\mfcc_spec\cv-valid-dev_sample-003949.png,..\dataset\mel_num\cv-valid-dev_sample-003949.npy,..\dataset\mel_spec\cv-valid-dev_sample-003949.png,..\dataset\mfcc_num_eq\cv-valid-dev_sample-003949_eq.npy,..\dataset\mel_num_eq\cv-valid-dev_sample-003949_eq.npy
cv-valid-dev/sample-003951.mp3,4,0,0,..\dataset\mfcc_num\cv-valid-dev_sample-003951.npy,..\dataset\mfcc_spec\cv-valid-dev_sample-003951.png,..\dataset\mel_num\cv-valid-dev_sample-003951.npy,..\dataset\mel_spec\cv-valid-dev_sample-003951.png,..\dataset\mfcc_num_eq\cv-valid-dev_sample-003951_eq.npy,..\dataset\mel_num_eq\cv-valid-dev_sample-003951_eq.npy
cv-valid-dev/sample-003952.mp3,4,1,4,..\dataset\mfcc_num\cv-valid-dev_sample-003952.npy,..\dataset\mfcc_spec\cv-valid-dev_sample-003952.png,..\dataset\mel_num\cv-valid-dev_sample-003952.npy,..\dataset\mel_spec\cv-valid-dev_sample-003952.png,..\dataset\mfcc_num_eq\cv-valid-dev_sample-003952_eq.npy,..\dataset\mel_num_eq\cv-valid-dev_sample-003952_eq.npy
cv-valid-dev/sample-003955.mp3,6,1,14,..\dataset\mfcc_num\cv-valid-dev_sample-003955.npy,..\dataset\mfcc_spec\cv-valid-dev_sample-003955.png,..\dataset\mel_num\cv-valid-dev_sample-003955.npy,..\dataset\mel_spec\cv-valid-dev_sample-003955.png,..\dataset\mfcc_num_eq\cv-valid-dev_sample-003955_eq.npy,..\dataset\mel_num_eq\cv-valid-dev_sample-003955_eq.npy
cv-valid-dev/sample-003959.mp3,2,1,14,..\dataset\mfcc_num\cv-valid-dev_sample-003959.npy,..\dataset\mfcc_spec\cv-valid-dev_sample-003959.png,..\dataset\mel_num\cv-valid-dev_sample-003959.npy,..\dataset\mel_spec\cv-valid-dev_sample-003959.png,..\dataset\mfcc_num_eq\cv-valid-dev_sample-003959_eq.npy,..\dataset\mel_num_eq\cv-valid-dev_sample-003959_eq.npy
cv-valid-dev/sample-003962.mp3,1,1,4,..\dataset\mfcc_num\cv-valid-dev_sample-003962.npy,..\dataset\mfcc_spec\cv-valid-dev_sample-003962.png,..\dataset\mel_num\cv-valid-dev_sample-003962.npy,..\dataset\mel_spec\cv-valid-dev_sample-003962.png,..\dataset\mfcc_num_eq\cv-valid-dev_sample-003962_eq.npy,..\dataset\mel_num_eq\cv-valid-dev_sample-003962_eq.npy
cv-valid-dev/sample-003965.mp3,7,0,7,..\dataset\mfcc_num\cv-valid-dev_sample-003965.npy,..\dataset\mfcc_spec\cv-valid-dev_sample-003965.png,..\dataset\mel_num\cv-valid-dev_sample-003965.npy,..\dataset\mel_spec\cv-valid-dev_sample-003965.png,..\dataset\mfcc_num_eq\cv-valid-dev_sample-003965_eq.npy,..\dataset\mel_num_eq\cv-valid-dev_sample-003965_eq.npy
cv-valid-dev/sample-003968.mp3,7,1,14,..\dataset\mfcc_num\cv-valid-dev_sample-003968.npy,..\dataset\mfcc_spec\cv-valid-dev_sample-003968.png,..\dataset\mel_num\cv-valid-dev_sample-003968.npy,..\dataset\mel_spec\cv-valid-dev_sample-003968.png,..\dataset\mfcc_num_eq\cv-valid-dev_sample-003968_eq.npy,..\dataset\mel_num_eq\cv-valid-dev_sample-003968_eq.npy
cv-valid-dev/sample-003971.mp3,6,1,14,..\dataset\mfcc_num\cv-valid-dev_sample-003971.npy,..\dataset\mfcc_spec\cv-valid-dev_sample-003971.png,..\dataset\mel_num\cv-valid-dev_sample-003971.npy,..\dataset\mel_spec\cv-valid-dev_sample-003971.png,..\dataset\mfcc_num_eq\cv-valid-dev_sample-003971_eq.npy,..\dataset\mel_num_eq\cv-valid-dev_sample-003971_eq.npy
cv-valid-dev/sample-003975.mp3,2,0,4,..\dataset\mfcc_num\cv-valid-dev_sample-003975.npy,..\dataset\mfcc_spec\cv-valid-dev_sample-003975.png,..\dataset\mel_num\cv-valid-dev_sample-003975.npy,..\dataset\mel_spec\cv-valid-dev_sample-003975.png,..\dataset\mfcc_num_eq\cv-valid-dev_sample-003975_eq.npy,..\dataset\mel_num_eq\cv-valid-dev_sample-003975_eq.npy
cv-valid-dev/sample-003979.mp3,7,1,14,..\dataset\mfcc_num\cv-valid-dev_sample-003979.npy,..\dataset\mfcc_spec\cv-valid-dev_sample-003979.png,..\dataset\mel_num\cv-valid-dev_sample-003979.npy,..\dataset\mel_spec\cv-valid-dev_sample-003979.png,..\dataset\mfcc_num_eq\cv-valid-dev_sample-003979_eq.npy,..\dataset\mel_num_eq\cv-valid-dev_sample-003979_eq.npy
cv-valid-dev/sample-003987.mp3,6,1,4,..\dataset\mfcc_num\cv-valid-dev_sample-003987.npy,..\dataset\mfcc_spec\cv-valid-dev_sample-003987.png,..\dataset\mel_num\cv-valid-dev_sample-003987.npy,..\dataset\mel_spec\cv-valid-dev_sample-003987.png,..\dataset\mfcc_num_eq\cv-valid-dev_sample-003987_eq.npy,..\dataset\mel_num_eq\cv-valid-dev_sample-003987_eq.npy
cv-valid-dev/sample-003991.mp3,5,0,14,..\dataset\mfcc_num\cv-valid-dev_sample-003991.npy,..\dataset\mfcc_spec\cv-valid-dev_sample-003991.png,..\dataset\mel_num\cv-valid-dev_sample-003991.npy,..\dataset\mel_spec\cv-valid-dev_sample-003991.png,..\dataset\mfcc_num_eq\cv-valid-dev_sample-003991_eq.npy,..\dataset\mel_num_eq\cv-valid-dev_sample-003991_eq.npy
cv-valid-dev/sample-004003.mp3,2,1,14,..\dataset\mfcc_num\cv-valid-dev_sample-004003.npy,..\dataset\mfcc_spec\cv-valid-dev_sample-004003.png,..\dataset\mel_num\cv-valid-dev_sample-004003.npy,..\dataset\mel_spec\cv-valid-dev_sample-004003.png,..\dataset\mfcc_num_eq\cv-valid-dev_sample-004003_eq.npy,..\dataset\mel_num_eq\cv-valid-dev_sample-004003_eq.npy
cv-valid-dev/sample-004005.mp3,4,1,1,..\dataset\mfcc_num\cv-valid-dev_sample-004005.npy,..\dataset\mfcc_spec\cv-valid-dev_sample-004005.png,..\dataset\mel_num\cv-valid-dev_sample-004005.npy,..\dataset\mel_spec\cv-valid-dev_sample-004005.png,..\dataset\mfcc_num_eq\cv-valid-dev_sample-004005_eq.npy,..\dataset\mel_num_eq\cv-valid-dev_sample-004005_eq.npy
cv-valid-dev/sample-004009.mp3,2,0,14,..\dataset\mfcc_num\cv-valid-dev_sample-004009.npy,..\dataset\mfcc_spec\cv-valid-dev_sample-004009.png,..\dataset\mel_num\cv-valid-dev_sample-004009.npy,..\dataset\mel_spec\cv-valid-dev_sample-004009.png,..\dataset\mfcc_num_eq\cv-valid-dev_sample-004009_eq.npy,..\dataset\mel_num_eq\cv-valid-dev_sample-004009_eq.npy
cv-valid-dev/sample-004014.mp3,5,1,4,..\dataset\mfcc_num\cv-valid-dev_sample-004014.npy,..\dataset\mfcc_spec\cv-valid-dev_sample-004014.png,..\dataset\mel_num\cv-valid-dev_sample-004014.npy,..\dataset\mel_spec\cv-valid-dev_sample-004014.png,..\dataset\mfcc_num_eq\cv-valid-dev_sample-004014_eq.npy,..\dataset\mel_num_eq\cv-valid-dev_sample-004014_eq.npy
cv-valid-dev/sample-004015.mp3,0,1,1,..\dataset\mfcc_num\cv-valid-dev_sample-004015.npy,..\dataset\mfcc_spec\cv-valid-dev_sample-004015.png,..\dataset\mel_num\cv-valid-dev_sample-004015.npy,..\dataset\mel_spec\cv-valid-dev_sample-004015.png,..\dataset\mfcc_num_eq\cv-valid-dev_sample-004015_eq.npy,..\dataset\mel_num_eq\cv-valid-dev_sample-004015_eq.npy
cv-valid-dev/sample-004016.mp3,7,0,4,..\dataset\mfcc_num\cv-valid-dev_sample-004016.npy,..\dataset\mfcc_spec\cv-valid-dev_sample-004016.png,..\dataset\mel_num\cv-valid-dev_sample-004016.npy,..\dataset\mel_spec\cv-valid-dev_sample-004016.png,..\dataset\mfcc_num_eq\cv-valid-dev_sample-004016_eq.npy,..\dataset\mel_num_eq\cv-valid-dev_sample-004016_eq.npy
cv-valid-dev/sample-004017.mp3,7,1,14,..\dataset\mfcc_num\cv-valid-dev_sample-004017.npy,..\dataset\mfcc_spec\cv-valid-dev_sample-004017.png,..\dataset\mel_num\cv-valid-dev_sample-004017.npy,..\dataset\mel_spec\cv-valid-dev_sample-004017.png,..\dataset\mfcc_num_eq\cv-valid-dev_sample-004017_eq.npy,..\dataset\mel_num_eq\cv-valid-dev_sample-004017_eq.npy
cv-valid-dev/sample-004023.mp3,2,1,3,..\dataset\mfcc_num\cv-valid-dev_sample-004023.npy,..\dataset\mfcc_spec\cv-valid-dev_sample-004023.png,..\dataset\mel_num\cv-valid-dev_sample-004023.npy,..\dataset\mel_spec\cv-valid-dev_sample-004023.png,..\dataset\mfcc_num_eq\cv-valid-dev_sample-004023_eq.npy,..\dataset\mel_num_eq\cv-valid-dev_sample-004023_eq.npy
cv-valid-dev/sample-004024.mp3,5,1,8,..\dataset\mfcc_num\cv-valid-dev_sample-004024.npy,..\dataset\mfcc_spec\cv-valid-dev_sample-004024.png,..\dataset\mel_num\cv-valid-dev_sample-004024.npy,..\dataset\mel_spec\cv-valid-dev_sample-004024.png,..\dataset\mfcc_num_eq\cv-valid-dev_sample-004024_eq.npy,..\dataset\mel_num_eq\cv-valid-dev_sample-004024_eq.npy
cv-valid-dev/sample-004028.mp3,7,1,4,..\dataset\mfcc_num\cv-valid-dev_sample-004028.npy,..\dataset\mfcc_spec\cv-valid-dev_sample-004028.png,..\dataset\mel_num\cv-valid-dev_sample-004028.npy,..\dataset\mel_spec\cv-valid-dev_sample-004028.png,..\dataset\mfcc_num_eq\cv-valid-dev_sample-004028_eq.npy,..\dataset\mel_num_eq\cv-valid-dev_sample-004028_eq.npy
cv-valid-dev/sample-004031.mp3,4,1,4,..\dataset\mfcc_num\cv-valid-dev_sample-004031.npy,..\dataset\mfcc_spec\cv-valid-dev_sample-004031.png,..\dataset\mel_num\cv-valid-dev_sample-004031.npy,..\dataset\mel_spec\cv-valid-dev_sample-004031.png,..\dataset\mfcc_num_eq\cv-valid-dev_sample-004031_eq.npy,..\dataset\mel_num_eq\cv-valid-dev_sample-004031_eq.npy
cv-valid-dev/sample-004033.mp3,6,1,14,..\dataset\mfcc_num\cv-valid-dev_sample-004033.npy,..\dataset\mfcc_spec\cv-valid-dev_sample-004033.png,..\dataset\mel_num\cv-valid-dev_sample-004033.npy,..\dataset\mel_spec\cv-valid-dev_sample-004033.png,..\dataset\mfcc_num_eq\cv-valid-dev_sample-004033_eq.npy,..\dataset\mel_num_eq\cv-valid-dev_sample-004033_eq.npy
cv-valid-dev/sample-004036.mp3,1,1,14,..\dataset\mfcc_num\cv-valid-dev_sample-004036.npy,..\dataset\mfcc_spec\cv-valid-dev_sample-004036.png,..\dataset\mel_num\cv-valid-dev_sample-004036.npy,..\dataset\mel_spec\cv-valid-dev_sample-004036.png,..\dataset\mfcc_num_eq\cv-valid-dev_sample-004036_eq.npy,..\dataset\mel_num_eq\cv-valid-dev_sample-004036_eq.npy
cv-valid-dev/sample-004039.mp3,6,0,4,..\dataset\mfcc_num\cv-valid-dev_sample-004039.npy,..\dataset\mfcc_spec\cv-valid-dev_sample-004039.png,..\dataset\mel_num\cv-valid-dev_sample-004039.npy,..\dataset\mel_spec\cv-valid-dev_sample-004039.png,..\dataset\mfcc_num_eq\cv-valid-dev_sample-004039_eq.npy,..\dataset\mel_num_eq\cv-valid-dev_sample-004039_eq.npy
cv-valid-dev/sample-004040.mp3,4,0,14,..\dataset\mfcc_num\cv-valid-dev_sample-004040.npy,..\dataset\mfcc_spec\cv-valid-dev_sample-004040.png,..\dataset\mel_num\cv-valid-dev_sample-004040.npy,..\dataset\mel_spec\cv-valid-dev_sample-004040.png,..\dataset\mfcc_num_eq\cv-valid-dev_sample-004040_eq.npy,..\dataset\mel_num_eq\cv-valid-dev_sample-004040_eq.npy
cv-valid-dev/sample-004044.mp3,6,1,1,..\dataset\mfcc_num\cv-valid-dev_sample-004044.npy,..\dataset\mfcc_spec\cv-valid-dev_sample-004044.png,..\dataset\mel_num\cv-valid-dev_sample-004044.npy,..\dataset\mel_spec\cv-valid-dev_sample-004044.png,..\dataset\mfcc_num_eq\cv-valid-dev_sample-004044_eq.npy,..\dataset\mel_num_eq\cv-valid-dev_sample-004044_eq.npy
cv-valid-dev/sample-004045.mp3,6,1,14,..\dataset\mfcc_num\cv-valid-dev_sample-004045.npy,..\dataset\mfcc_spec\cv-valid-dev_sample-004045.png,..\dataset\mel_num\cv-valid-dev_sample-004045.npy,..\dataset\mel_spec\cv-valid-dev_sample-004045.png,..\dataset\mfcc_num_eq\cv-valid-dev_sample-004045_eq.npy,..\dataset\mel_num_eq\cv-valid-dev_sample-004045_eq.npy
cv-valid-dev/sample-004046.mp3,7,1,11,..\dataset\mfcc_num\cv-valid-dev_sample-004046.npy,..\dataset\mfcc_spec\cv-valid-dev_sample-004046.png,..\dataset\mel_num\cv-valid-dev_sample-004046.npy,..\dataset\mel_spec\cv-valid-dev_sample-004046.png,..\dataset\mfcc_num_eq\cv-valid-dev_sample-004046_eq.npy,..\dataset\mel_num_eq\cv-valid-dev_sample-004046_eq.npy
cv-valid-dev/sample-004048.mp3,7,1,14,..\dataset\mfcc_num\cv-valid-dev_sample-004048.npy,..\dataset\mfcc_spec\cv-valid-dev_sample-004048.png,..\dataset\mel_num\cv-valid-dev_sample-004048.npy,..\dataset\mel_spec\cv-valid-dev_sample-004048.png,..\dataset\mfcc_num_eq\cv-valid-dev_sample-004048_eq.npy,..\dataset\mel_num_eq\cv-valid-dev_sample-004048_eq.npy
cv-valid-dev/sample-004051.mp3,4,1,4,..\dataset\mfcc_num\cv-valid-dev_sample-004051.npy,..\dataset\mfcc_spec\cv-valid-dev_sample-004051.png,..\dataset\mel_num\cv-valid-dev_sample-004051.npy,..\dataset\mel_spec\cv-valid-dev_sample-004051.png,..\dataset\mfcc_num_eq\cv-valid-dev_sample-004051_eq.npy,..\dataset\mel_num_eq\cv-valid-dev_sample-004051_eq.npy
cv-valid-dev/sample-004055.mp3,2,1,4,..\dataset\mfcc_num\cv-valid-dev_sample-004055.npy,..\dataset\mfcc_spec\cv-valid-dev_sample-004055.png,..\dataset\mel_num\cv-valid-dev_sample-004055.npy,..\dataset\mel_spec\cv-valid-dev_sample-004055.png,..\dataset\mfcc_num_eq\cv-valid-dev_sample-004055_eq.npy,..\dataset\mel_num_eq\cv-valid-dev_sample-004055_eq.npy
cv-valid-dev/sample-004067.mp3,2,0,14,..\dataset\mfcc_num\cv-valid-dev_sample-004067.npy,..\dataset\mfcc_spec\cv-valid-dev_sample-004067.png,..\dataset\mel_num\cv-valid-dev_sample-004067.npy,..\dataset\mel_spec\cv-valid-dev_sample-004067.png,..\dataset\mfcc_num_eq\cv-valid-dev_sample-004067_eq.npy,..\dataset\mel_num_eq\cv-valid-dev_sample-004067_eq.npy
cv-valid-dev/sample-004069.mp3,6,1,4,..\dataset\mfcc_num\cv-valid-dev_sample-004069.npy,..\dataset\mfcc_spec\cv-valid-dev_sample-004069.png,..\dataset\mel_num\cv-valid-dev_sample-004069.npy,..\dataset\mel_spec\cv-valid-dev_sample-004069.png,..\dataset\mfcc_num_eq\cv-valid-dev_sample-004069_eq.npy,..\dataset\mel_num_eq\cv-valid-dev_sample-004069_eq.npy
cv-valid-dev/sample-004073.mp3,6,1,14,..\dataset\mfcc_num\cv-valid-dev_sample-004073.npy,..\dataset\mfcc_spec\cv-valid-dev_sample-004073.png,..\dataset\mel_num\cv-valid-dev_sample-004073.npy,..\dataset\mel_spec\cv-valid-dev_sample-004073.png,..\dataset\mfcc_num_eq\cv-valid-dev_sample-004073_eq.npy,..\dataset\mel_num_eq\cv-valid-dev_sample-004073_eq.npy
cv-valid-train/sample-000005.mp3,7,0,14,..\dataset\mfcc_num\cv-valid-train_sample-000005.npy,..\dataset\mfcc_spec\cv-valid-train_sample-000005.png,..\dataset\mel_num\cv-valid-train_sample-000005.npy,..\dataset\mel_spec\cv-valid-train_sample-000005.png,..\dataset\mfcc_num_eq\cv-valid-train_sample-000005_eq.npy,..\dataset\mel_num_eq\cv-valid-train_sample-000005_eq.npy
cv-valid-train/sample-000008.mp3,3,1,14,..\dataset\mfcc_num\cv-valid-train_sample-000008.npy,..\dataset\mfcc_spec\cv-valid-train_sample-000008.png,..\dataset\mel_num\cv-valid-train_sample-000008.npy,..\dataset\mel_spec\cv-valid-train_sample-000008.png,..\dataset\mfcc_num_eq\cv-valid-train_sample-000008_eq.npy,..\dataset\mel_num_eq\cv-valid-train_sample-000008_eq.npy
cv-valid-train/sample-000013.mp3,6,0,14,..\dataset\mfcc_num\cv-valid-train_sample-000013.npy,..\dataset\mfcc_spec\cv-valid-train_sample-000013.png,..\dataset\mel_num\cv-valid-train_sample-000013.npy,..\dataset\mel_spec\cv-valid-train_sample-000013.png,..\dataset\mfcc_num_eq\cv-valid-train_sample-000013_eq.npy,..\dataset\mel_num_eq\cv-valid-train_sample-000013_eq.npy
cv-valid-train/sample-000014.mp3,4,1,4,..\dataset\mfcc_num\cv-valid-train_sample-000014.npy,..\dataset\mfcc_spec\cv-valid-train_sample-000014.png,..\dataset\mel_num\cv-valid-train_sample-000014.npy,..\dataset\mel_spec\cv-valid-train_sample-000014.png,..\dataset\mfcc_num_eq\cv-valid-train_sample-000014_eq.npy,..\dataset\mel_num_eq\cv-valid-train_sample-000014_eq.npy
cv-valid-train/sample-000019.mp3,1,1,1,..\dataset\mfcc_num\cv-valid-train_sample-000019.npy,..\dataset\mfcc_spec\cv-valid-train_sample-000019.png,..\dataset\mel_num\cv-valid-train_sample-000019.npy,..\dataset\mel_spec\cv-valid-train_sample-000019.png,..\dataset\mfcc_num_eq\cv-valid-train_sample-000019_eq.npy,..\dataset\mel_num_eq\cv-valid-train_sample-000019_eq.npy
cv-valid-train/sample-000020.mp3,6,1,4,..\dataset\mfcc_num\cv-valid-train_sample-000020.npy,..\dataset\mfcc_spec\cv-valid-train_sample-000020.png,..\dataset\mel_num\cv-valid-train_sample-000020.npy,..\dataset\mel_spec\cv-valid-train_sample-000020.png,..\dataset\mfcc_num_eq\cv-valid-train_sample-000020_eq.npy,..\dataset\mel_num_eq\cv-valid-train_sample-000020_eq.npy
cv-valid-train/sample-000023.mp3,6,1,14,..\dataset\mfcc_num\cv-valid-train_sample-000023.npy,..\dataset\mfcc_spec\cv-valid-train_sample-000023.png,..\dataset\mel_num\cv-valid-train_sample-000023.npy,..\dataset\mel_spec\cv-valid-train_sample-000023.png,..\dataset\mfcc_num_eq\cv-valid-train_sample-000023_eq.npy,..\dataset\mel_num_eq\cv-valid-train_sample-000023_eq.npy
cv-valid-train/sample-000026.mp3,7,0,1,..\dataset\mfcc_num\cv-valid-train_sample-000026.npy,..\dataset\mfcc_spec\cv-valid-train_sample-000026.png,..\dataset\mel_num\cv-valid-train_sample-000026.npy,..\dataset\mel_spec\cv-valid-train_sample-000026.png,..\dataset\mfcc_num_eq\cv-valid-train_sample-000026_eq.npy,..\dataset\mel_num_eq\cv-valid-train_sample-000026_eq.npy
cv-valid-train/sample-000027.mp3,7,1,1,..\dataset\mfcc_num\cv-valid-train_sample-000027.npy,..\dataset\mfcc_spec\cv-valid-train_sample-000027.png,..\dataset\mel_num\cv-valid-train_sample-000027.npy,..\dataset\mel_spec\cv-valid-train_sample-000027.png,..\dataset\mfcc_num_eq\cv-valid-train_sample-000027_eq.npy,..\dataset\mel_num_eq\cv-valid-train_sample-000027_eq.npy
cv-valid-train/sample-000029.mp3,6,1,6,..\dataset\mfcc_num\cv-valid-train_sample-000029.npy,..\dataset\mfcc_spec\cv-valid-train_sample-000029.png,..\dataset\mel_num\cv-valid-train_sample-000029.npy,..\dataset\mel_spec\cv-valid-train_sample-000029.png,..\dataset\mfcc_num_eq\cv-valid-train_sample-000029_eq.npy,..\dataset\mel_num_eq\cv-valid-train_sample-000029_eq.npy
cv-valid-train/sample-000034.mp3,2,0,14,..\dataset\mfcc_num\cv-valid-train_sample-000034.npy,..\dataset\mfcc_spec\cv-valid-train_sample-000034.png,..\dataset\mel_num\cv-valid-train_sample-000034.npy,..\dataset\mel_spec\cv-valid-train_sample-000034.png,..\dataset\mfcc_num_eq\cv-valid-train_sample-000034_eq.npy,..\dataset\mel_num_eq\cv-valid-train_sample-000034_eq.npy
cv-valid-train/sample-000036.mp3,7,1,1,..\dataset\mfcc_num\cv-valid-train_sample-000036.npy,..\dataset\mfcc_spec\cv-valid-train_sample-000036.png,..\dataset\mel_num\cv-valid-train_sample-000036.npy,..\dataset\mel_spec\cv-valid-train_sample-000036.png,..\dataset\mfcc_num_eq\cv-valid-train_sample-000036_eq.npy,..\dataset\mel_num_eq\cv-valid-train_sample-000036_eq.npy
cv-valid-train/sample-000039.mp3,5,0,3,..\dataset\mfcc_num\cv-valid-train_sample-000039.npy,..\dataset\mfcc_spec\cv-valid-train_sample-000039.png,..\dataset\mel_num\cv-valid-train_sample-000039.npy,..\dataset\mel_spec\cv-valid-train_sample-000039.png,..\dataset\mfcc_num_eq\cv-valid-train_sample-000039_eq.npy,..\dataset\mel_num_eq\cv-valid-train_sample-000039_eq.npy
cv-valid-train/sample-000047.mp3,4,1,14,..\dataset\mfcc_num\cv-valid-train_sample-000047.npy,..\dataset\mfcc_spec\cv-valid-train_sample-000047.png,..\dataset\mel_num\cv-valid-train_sample-000047.npy,..\dataset\mel_spec\cv-valid-train_sample-000047.png,..\dataset\mfcc_num_eq\cv-valid-train_sample-000047_eq.npy,..\dataset\mel_num_eq\cv-valid-train_sample-000047_eq.npy
cv-valid-train/sample-000049.mp3,2,1,1,..\dataset\mfcc_num\cv-valid-train_sample-000049.npy,..\dataset\mfcc_spec\cv-valid-train_sample-000049.png,..\dataset\mel_num\cv-valid-train_sample-000049.npy,..\dataset\mel_spec\cv-valid-train_sample-000049.png,..\dataset\mfcc_num_eq\cv-valid-train_sample-000049_eq.npy,..\dataset\mel_num_eq\cv-valid-train_sample-000049_eq.npy
cv-valid-train/sample-000051.mp3,6,0,14,..\dataset\mfcc_num\cv-valid-train_sample-000051.npy,..\dataset\mfcc_spec\cv-valid-train_sample-000051.png,..\dataset\mel_num\cv-valid-train_sample-000051.npy,..\dataset\mel_spec\cv-valid-train_sample-000051.png,..\dataset\mfcc_num_eq\cv-valid-train_sample-000051_eq.npy,..\dataset\mel_num_eq\cv-valid-train_sample-000051_eq.npy
